StockCode,Description,TotalRevenue,UnitsSold,FirstSale,LastSale,DaysWithSales,TotalOrders,AvgPrice,Recency,SalesFreq,Segment
10002,INFLATABLE POLITICAL GLOBE ,759.89,860,2010-12-01 08:45:00,2011-04-18 12:56:00,46,71,0.8835930232558139,235,46,1
10080,GROOVY CACTUS INFLATABLE,119.08999999999999,303,2011-02-27 13:47:00,2011-11-21 17:04:00,21,22,0.393036303630363,18,21,0
10120,DOGGY RUBBER,40.32,192,2010-12-03 11:19:00,2011-12-04 13:15:00,24,29,0.21,5,24,0
10123C,HEARTS WRAPPING TAPE ,3.25,5,2010-12-03 11:19:00,2011-03-31 13:14:00,3,3,0.65,253,3,1
10124A,SPOTS ON RED BOOKCOVER TAPE,6.72,16,2010-12-06 13:13:00,2011-11-06 13:00:00,5,5,0.42,33,5,0
10124G,ARMY CAMO BOOKCOVER TAPE,7.14,17,2010-12-02 13:14:00,2011-11-06 13:00:00,4,4,0.42,33,4,0
10125,MINI FUNKY DESIGN TAPES,993.99,1295,2010-12-01 12:23:00,2011-12-09 10:13:00,63,91,0.7675598455598456,1,63,0
10133,COLOURING PENCILS BROWN TUBE,1539.6,2856,2010-12-01 12:15:00,2011-09-07 10:07:00,110,196,0.5390756302521008,94,110,0
10135,COLOURING PENCILS BROWN TUBE,2204.89,2229,2010-12-01 17:06:00,2011-12-08 09:28:00,119,175,0.989183490354419,2,119,0
11001,ASSTD DESIGN RACING CAR PEN,2389.44,1615,2010-12-01 14:32:00,2011-12-06 16:26:00,89,113,1.479529411764706,3,89,0
15030,FAN BLACK FRAME ,41.47,143,2011-03-24 13:37:00,2011-12-06 12:21:00,12,12,0.29,4,12,0
15034,PAPER POCKET TRAVELING FAN ,840.0200000000001,6591,2010-12-05 13:55:00,2011-12-08 09:28:00,105,138,0.12744955241996664,2,105,0
15036,ASSORTED COLOURS SILK FAN,18569.84,23826,2010-12-02 15:03:00,2011-12-09 10:03:00,232,518,0.7793939393939394,1,232,2
15039,SANDALWOOD FAN,1978.6399999999999,2090,2010-12-05 12:43:00,2011-12-09 10:03:00,105,145,0.9467177033492822,1,105,0
15044A,PINK PAPER PARASOL ,1439.0200000000002,458,2010-12-21 14:26:00,2011-12-05 17:17:00,82,102,3.141965065502184,4,82,0
15044B,BLUE PAPER PARASOL ,946.83,321,2010-12-01 12:54:00,2011-09-28 15:50:00,52,60,2.9496261682242992,72,52,0
15044C,PURPLE PAPER PARASOL,1022.9900000000001,313,2010-12-06 10:08:00,2011-12-06 14:23:00,70,88,3.2683386581469653,3,70,0
15044D,RED PAPER PARASOL,1819.76,644,2010-12-06 16:57:00,2011-12-05 16:03:00,72,84,2.8257142857142856,4,72,0
15056BL,EDWARDIAN PARASOL BLACK,15828.84,2844,2010-12-01 09:41:00,2011-12-09 10:20:00,198,321,5.565696202531646,1,198,2
15056N,EDWARDIAN PARASOL NATURAL,22152.690000000002,3950,2010-12-01 09:41:00,2011-12-09 10:20:00,237,456,5.608275949367089,1,237,2
15056P,EDWARDIAN PARASOL PINK,4354.92,776,2010-12-01 16:01:00,2011-12-08 13:50:00,117,144,5.61201030927835,1,117,0
15056bl,EDWARDIAN PARASOL BLACK,1086.88,87,2010-12-03 11:13:00,2011-12-09 10:26:00,46,62,12.492873563218392,1,46,0
15056n,EDWARDIAN PARASOL NATURAL,1585.2800000000002,127,2010-12-07 15:32:00,2011-11-30 14:11:00,52,84,12.482519685039371,9,52,0
15056p,EDWARDIAN PARASOL PINK,412.48,33,2010-12-03 11:13:00,2011-12-05 11:48:00,23,26,12.49939393939394,5,23,0
15058A,BLUE POLKADOT GARDEN PARASOL,1668.49,200,2010-12-10 11:11:00,2011-11-23 12:48:00,64,89,8.34245,17,64,0
15058B,PINK POLKADOT GARDEN PARASOL,1885.27,228,2010-12-10 13:27:00,2011-11-17 12:55:00,67,97,8.268728070175438,22,67,0
15058C,ICE CREAM DESIGN GARDEN PARASOL,1429.82,240,2011-02-03 14:41:00,2011-12-09 10:03:00,55,72,5.957583333333333,1,55,0
15060B,FAIRY CAKE DESIGN UMBRELLA,1807.55,451,2010-12-02 14:30:00,2011-11-18 14:14:00,105,131,4.007871396895787,21,105,0
15060b,FAIRY CAKE DESIGN UMBRELLA,24.869999999999997,3,2011-09-20 14:46:00,2011-11-20 13:58:00,3,3,8.29,19,3,0
16008,SMALL FOLDING SCISSOR(POINTED EDGE),360.71,2892,2010-12-09 14:10:00,2011-12-09 08:48:00,57,70,0.1247268326417704,1,57,0
16010,FOLDING CAMPING SCISSOR W/KNIF & S,3.5999999999999996,30,2010-12-05 16:41:00,2011-03-28 14:27:00,3,3,0.11999999999999998,256,3,1
16011,ANIMAL STICKERS,367.29,1749,2010-12-05 12:53:00,2011-12-07 12:41:00,45,46,0.21000000000000002,3,45,0
16012,FOOD/DRINK SPONGE STICKERS,256.2,1220,2010-12-02 13:32:00,2011-12-05 14:49:00,30,35,0.21,4,30,0
16014,SMALL CHINESE STYLE SCISSOR,4335.76,13328,2010-12-01 12:15:00,2011-12-09 08:48:00,49,54,0.32531212484994,1,49,2
16015,MEDIUM CHINESE STYLE SCISSOR,289.98,662,2010-12-09 14:10:00,2011-11-17 17:34:00,23,24,0.43803625377643507,22,23,0
16016,LARGE CHINESE STYLE SCISSOR,1053.45,1273,2010-12-01 12:15:00,2011-12-09 12:31:00,60,65,0.8275333857030637,1,60,0
16020C,CLEAR STATIONERY BOX SET ,69.89999999999999,84,2011-03-02 17:33:00,2011-07-05 17:09:00,13,17,0.8321428571428571,157,13,1
16033,MINI HIGHLIGHTER PENS,100.79999999999998,840,2010-12-12 10:48:00,2011-02-17 15:40:00,4,4,0.11999999999999998,295,4,1
16043,POP ART PUSH DOWN RUBBER ,11.759999999999998,98,2011-06-07 10:44:00,2011-06-09 19:33:00,2,2,0.11999999999999998,183,2,1
16045,POPART WOODEN PENCILS ASST,380.0,8900,2010-12-22 14:28:00,2011-12-05 12:08:00,56,68,0.04269662921348315,5,56,0
16046,TEATIME PEN CASE & PENS,55.25,65,2010-12-02 11:35:00,2011-11-28 11:26:00,13,14,0.85,12,13,0
16048,TEATIME ROUND PENCIL SHARPENER ,205.29999999999998,1460,2010-12-10 09:51:00,2011-12-08 09:28:00,54,67,0.14061643835616436,2,54,0
16049,TEATIME GEL PENS ASST,82.08,504,2011-04-26 11:51:00,2011-05-25 11:44:00,4,5,0.16285714285714287,199,4,1
16052,TEATIME PUSH DOWN RUBBER,115.3,479,2010-12-07 15:28:00,2011-06-09 19:33:00,12,13,0.2407098121085595,183,12,1
16054,POPART RECT PENCIL SHARPENER ASST,140.52,1166,2010-12-10 11:33:00,2011-12-04 13:59:00,29,33,0.1205145797598628,5,29,0
16151A,FLOWERS HANDBAG blue and orange,61.25,49,2011-05-11 12:32:00,2011-05-25 10:02:00,3,3,1.25,199,3,1
16156L,WRAP CAROUSEL,199.5,475,2011-01-07 09:40:00,2011-12-02 10:22:00,17,18,0.42,8,17,0
16156S,WRAP PINK FAIRY CAKES ,2331.0,5800,2010-12-02 13:44:00,2011-12-08 12:29:00,123,167,0.4018965517241379,2,123,0
16161G,WRAP BAD HAIR DAY,70.0,700,2011-03-15 11:45:00,2011-11-24 11:19:00,21,22,0.1,16,21,0
16161M,WRAP  PINK FLOCK,10.5,25,2010-12-02 18:15:00,2010-12-02 18:15:00,1,1,0.42,372,1,1
16161P,WRAP ENGLISH ROSE ,2980.42,7201,2010-12-02 18:08:00,2011-12-07 11:43:00,161,248,0.4138897375364533,3,161,2
16161U,WRAP SUKI AND FRIENDS,1687.5,4075,2010-12-05 14:45:00,2011-12-02 16:34:00,105,134,0.41411042944785276,7,105,0
16162L,THE KING GIFT BAG,13.0,20,2011-01-11 14:46:00,2011-09-13 11:14:00,8,8,0.65,88,8,0
16162M,THE KING GIFT BAG 25x24x12cm,11.76,28,2011-07-19 12:47:00,2011-11-27 13:26:00,7,8,0.42,12,7,0
16168M,FUNKY MONKEY GIFT BAG MEDIUM,173.12,371,2010-12-01 17:06:00,2011-12-08 16:22:00,36,41,0.46663072776280323,1,36,0
16169E,WRAP 50'S  CHRISTMAS,1892.46,4563,2011-07-21 13:06:00,2011-12-09 10:20:00,83,149,0.4147403024326101,1,83,0
16169K,WRAP FOLK ART,84.0,200,2010-12-06 15:54:00,2011-09-28 16:07:00,8,8,0.42,72,8,0
16169M,WRAP DAISY CARPET ,277.2,660,2011-01-05 13:40:00,2011-12-02 10:22:00,25,25,0.42,8,25,0
16169N,WRAP BLUE RUSSIAN FOLKART,10.5,25,2010-12-06 12:06:00,2010-12-06 12:06:00,1,1,0.42,369,1,1
16169P,WRAP GREEN RUSSIAN FOLKART ,21.0,50,2010-12-10 11:24:00,2010-12-19 11:35:00,2,2,0.42,356,2,1
16202A,PASTEL PINK PHOTO ALBUM ,3.5,7,2011-03-11 14:35:00,2011-04-17 13:43:00,2,2,0.5,236,2,1
16202B,PASTEL BLUE PHOTO ALBUM ,14.5,29,2011-04-17 13:43:00,2011-04-19 14:49:00,2,2,0.5,234,2,1
16202E,BLACK PHOTO ALBUM ,7.5,15,2011-04-04 16:36:00,2011-04-17 13:43:00,3,3,0.5,236,3,1
16206B,RED PURSE WITH PINK HEART,8.75,7,2010-12-23 16:06:00,2011-01-26 12:29:00,2,2,1.25,318,2,1
16207A,PINK STRAWBERRY HANDBAG ,163.1,60,2010-12-19 14:41:00,2011-11-06 16:14:00,31,34,2.7183333333333333,33,31,0
16207B,PINK HEART RED HANDBAG,76.14,29,2011-01-11 12:41:00,2011-08-30 10:49:00,16,18,2.62551724137931,102,16,0
16216,LETTER SHAPE PENCIL SHARPENER,234.0,3333,2010-12-12 13:47:00,2011-12-07 12:41:00,40,45,0.0702070207020702,3,40,0
16218,CARTOON  PENCIL SHARPENERS,283.31,3821,2010-12-03 11:36:00,2011-12-09 10:03:00,55,64,0.07414551164616592,1,55,0
16219,HOUSE SHAPE PENCIL SHARPENER,407.71999999999997,3048,2010-12-07 15:28:00,2011-12-08 09:20:00,81,100,0.13376640419947505,2,81,0
16225,RATTLE SNAKE EGGS,689.35,813,2010-12-03 11:36:00,2011-12-09 10:03:00,74,102,0.8479089790897909,1,74,0
16235,RECYCLED PENCIL WITH RABBIT ERASER,695.4,3068,2010-12-02 12:16:00,2011-12-09 10:03:00,118,168,0.22666232073011733,1,118,0
16236,KITTY PENCIL ERASERS,320.09,1438,2010-12-01 14:32:00,2011-12-08 11:43:00,100,136,0.22259388038942973,2,100,0
16237,SLEEPING CAT ERASERS,1047.93,4991,2010-12-01 11:41:00,2011-12-09 10:03:00,171,290,0.20996393508314967,1,171,2
16238,PARTY TIME PENCIL ERASERS,321.67,1396,2010-12-01 11:45:00,2011-12-08 11:43:00,99,134,0.23042263610315186,2,99,0
16244B,MAXWELL 2 TONE BLUE 60 PAGE PHOTO A,7.85,7,2011-04-26 16:45:00,2011-05-11 15:16:00,2,2,1.1214285714285714,212,2,1
16248B,BLUE HOLE PUNCH,16.25,13,2011-03-07 17:52:00,2011-10-30 15:55:00,7,7,1.25,40,7,0
16254,TRANSPARENT ACRYLIC TAPE DISPENSER,42.58,40,2011-06-15 11:56:00,2011-11-30 14:17:00,17,17,1.0645,9,17,0
16258A,SWIRLY CIRCULAR RUBBERS IN BAG,178.97,472,2010-12-01 12:23:00,2011-12-08 09:39:00,51,59,0.3791737288135593,2,51,0
16259,PIECE OF CAMO STATIONERY SET,326.56,3380,2011-03-17 15:03:00,2011-11-13 11:55:00,28,31,0.09661538461538462,27,28,0
17001,HEAVENS SCENT FRAGRANCE OILS ASSTD,20.88,72,2011-02-28 14:48:00,2011-02-28 14:48:00,1,1,0.29,284,1,1
17003,BROCADE RING PURSE ,6025.95,23020,2010-12-01 14:32:00,2011-12-08 16:30:00,154,239,0.26177019982623806,1,154,2
17007B,S/3 POT POURI CUSHIONS BLUE COLOURS,50.400000000000006,24,2010-12-06 13:01:00,2011-06-08 14:35:00,2,2,2.1,184,2,1
17011F,ORIGAMI SANDLEWOOD INCENSE+FLOWER,66.36000000000001,81,2010-12-01 14:32:00,2011-05-19 12:10:00,7,7,0.8192592592592595,205,7,1
17012A,ORIGAMI VANILLA INCENSE/CANDLE SET ,375.93,323,2010-12-01 14:32:00,2011-12-02 14:25:00,56,65,1.1638699690402476,7,56,0
17012B,ORIGAMI JASMINE INCENSE/CANDLE SET,595.85,525,2010-12-01 14:32:00,2011-11-30 14:17:00,74,85,1.134952380952381,9,74,0
17012C,ORIGAMI LAVENDER INCENSE/CANDL SET ,481.79999999999995,420,2010-12-01 14:32:00,2011-12-08 12:50:00,67,85,1.147142857142857,2,67,0
17012D,ORIGAMI ROSE INCENSE/CANDLE SET ,547.24,461,2010-12-01 14:32:00,2011-12-08 16:30:00,75,97,1.1870715835140997,1,75,0
17012E,ORIGAMI OPIUM INCENSE/CANDLE SET ,62.64,44,2010-12-01 14:32:00,2010-12-15 15:34:00,7,10,1.4236363636363636,359,7,1
17012F,ORIGAMI SANDLEWOOD INCENSE/CAND SET,530.6,448,2010-12-01 14:32:00,2011-12-08 19:24:00,72,94,1.184375,1,72,0
17013D,ORIGAMI ROSE INCENSE IN TUBE,267.82,535,2010-12-08 14:25:00,2011-06-07 10:05:00,13,13,0.5005981308411215,186,13,1
17014A,ORIGAMI VANILLA INCENSE CONES,71.19,155,2010-12-01 17:06:00,2011-06-27 13:58:00,8,8,0.45929032258064517,165,8,1
17021,NAMASTE SWAGAT INCENSE,632.34,2391,2010-12-01 12:12:00,2011-12-05 12:59:00,44,47,0.2644667503136763,4,44,0
17028J,INCENSE BAZAAR PEACH,2.52,6,2011-01-31 15:27:00,2011-01-31 15:27:00,1,1,0.42,312,1,1
17038,PORCELAIN BUDAH INCENSE HOLDER,158.06,1525,2010-12-07 13:50:00,2011-12-09 10:03:00,34,34,0.10364590163934427,1,34,0
17084A,TRANQUILITY MASALA INCENSE,42.0,200,2011-01-31 15:27:00,2011-09-13 14:53:00,7,7,0.21,87,7,0
17084J,LOVE POTION MASALA INCENSE,47.25,225,2010-12-07 14:30:00,2011-09-13 14:53:00,8,8,0.21,87,8,0
17084N,FAIRY DREAMS INCENSE ,313.31,1264,2010-12-01 17:06:00,2011-12-09 10:03:00,82,101,0.24787183544303798,1,82,0
17084P,DRAGONS BLOOD INCENSE,104.44,423,2010-12-01 17:06:00,2011-12-08 16:30:00,35,39,0.24690307328605202,1,35,0
17084R,ASSORTED INCENSE PACK,760.3199999999999,4032,2010-12-03 11:48:00,2011-12-05 12:30:00,26,27,0.18857142857142856,5,26,0
17090A,LAVENDER INCENSE 40 CONES IN TIN,107.44999999999999,109,2010-12-02 13:11:00,2011-11-24 10:24:00,10,10,0.9857798165137613,16,10,0
17090D,VANILLA INCENSE 40 CONES IN TIN,36.25,29,2010-12-02 13:11:00,2011-07-11 11:38:00,12,12,1.25,152,12,1
17091A,LAVENDER INCENSE IN TIN,98.91,171,2010-12-01 11:21:00,2011-05-18 11:58:00,20,25,0.578421052631579,206,20,1
17091J,VANILLA INCENSE IN TIN,920.67,2084,2010-12-03 11:48:00,2011-12-09 11:20:00,75,95,0.44178023032629554,1,75,0
17096,ASSORTED LAQUERED INCENSE HOLDERS,455.9800000000001,2545,2010-12-08 14:25:00,2011-07-19 15:30:00,23,24,0.1791669941060904,143,23,1
17107D,"FLOWER FAIRY,5 SUMMER B'DRAW LINERS",433.5,170,2010-12-03 12:24:00,2011-12-05 15:51:00,41,46,2.55,4,41,0
17109D,FLOWER FAIRY INCENSE BOUQUET,32.349999999999994,61,2010-12-05 10:45:00,2011-04-21 12:34:00,5,5,0.530327868852459,233,5,1
17129F,BLUE GLASS GEMS IN BAG,553.8299999999999,588,2010-12-01 14:32:00,2011-12-05 17:24:00,51,57,0.9418877551020407,4,51,0
17136A,BLUE STONES ON WIRE FOR CANDLE,29.59,352,2011-02-01 13:25:00,2011-11-03 18:49:00,17,17,0.0840625,36,17,0
17164B,ASS COL SMALL SAND GECKO P'WEIGHT,11.34,27,2010-12-01 12:54:00,2011-01-26 14:51:00,8,9,0.42,317,8,1
17165D,ASS COL LARGE SAND FROG P'WEIGHT,28.35,27,2010-12-10 11:01:00,2011-01-12 15:22:00,7,7,1.05,331,7,1
17174,ASSTD RASTA KEY-CHAINS,3.7800000000000002,9,2011-01-16 13:04:00,2011-11-24 15:01:00,3,3,0.42000000000000004,15,3,0
17191A,ROSE FLOWER CANDLE+INCENSE 16X16CM,15.0,4,2011-11-13 11:39:00,2011-12-04 10:51:00,2,2,3.75,6,2,0
18007,ESSENTIAL BALM 3.5g TIN IN ENVELOPE,395.61,5884,2010-12-06 10:18:00,2011-07-20 16:12:00,26,30,0.06723487423521414,142,26,1
18094C,WHITE AND BLUE CERAMIC OIL BURNER,283.93,192,2010-12-06 13:47:00,2011-10-07 13:17:00,37,42,1.4788020833333333,63,37,0
18097A,PINK TALL PORCELAIN T-LIGHT HOLDER ,12.75,5,2010-12-02 13:49:00,2011-06-22 16:16:00,4,4,2.55,170,4,1
18097C,WHITE TALL PORCELAIN T-LIGHT HOLDER,1591.01,695,2010-12-02 13:49:00,2011-12-08 16:30:00,59,69,2.2892230215827336,1,59,0
18098C,PORCELAIN BUTTERFLY OIL BURNER,658.75,213,2010-12-01 14:32:00,2011-08-08 13:11:00,34,49,3.0927230046948355,123,34,0
18098c,PORCELAIN BUTTERFLY OIL BURNER,263.12,52,2010-12-03 11:28:00,2010-12-21 15:17:00,5,12,5.0600000000000005,353,5,1
20615,BLUE POLKADOT PASSPORT COVER,466.99,309,2010-12-02 19:18:00,2011-12-08 20:01:00,75,95,1.511294498381877,1,75,0
20616,CHERRY BLOSSOM PASSPORT COVER,243.53,194,2010-12-01 14:41:00,2011-12-08 20:01:00,61,71,1.2553092783505155,1,61,0
20617,FIRST CLASS PASSPORT COVER ,194.94,93,2010-12-01 17:06:00,2011-12-08 16:30:00,40,43,2.0961290322580646,1,40,0
20618,QUEEN OF THE SKIES PASSPORT COVER ,286.39,148,2010-12-08 12:46:00,2011-12-06 16:21:00,60,76,1.9350675675675675,3,60,0
20619,TROPICAL PASSPORT COVER ,439.65,262,2010-12-01 17:06:00,2011-12-05 17:24:00,83,99,1.6780534351145038,4,83,0
20622,VIPPASSPORT COVER ,303.7,185,2010-12-01 14:32:00,2011-12-05 17:24:00,45,51,1.6416216216216215,4,45,0
20652,BLUE POLKADOT LUGGAGE TAG ,346.86,265,2010-12-03 14:54:00,2011-12-08 20:01:00,62,78,1.3089056603773586,1,62,0
20653,CHERRY BLOSSOM LUGGAGE TAG,95.17999999999999,73,2010-12-01 17:06:00,2011-12-05 17:17:00,31,33,1.303835616438356,4,31,0
20654,FIRST CLASS LUGGAGE TAG ,193.59,152,2010-12-10 11:01:00,2011-12-08 16:30:00,43,49,1.2736184210526316,1,43,0
20655,QUEEN OF SKIES LUGGAGE TAG,292.29,197,2010-12-03 11:28:00,2011-12-04 13:32:00,77,99,1.4837055837563453,5,77,0
20657,TROPICAL LUGGAGE TAG,105.91,73,2010-12-03 14:54:00,2011-11-11 09:05:00,33,33,1.4508219178082191,29,33,0
20658,RED RETROSPOT LUGGAGE TAG,652.11,433,2010-12-01 14:32:00,2011-09-26 13:57:00,79,105,1.5060277136258662,74,79,0
20659,ECONOMY LUGGAGE TAG,246.84,158,2010-12-05 15:12:00,2011-12-09 10:03:00,51,62,1.5622784810126582,1,51,0
20661,BLUE POLKADOT PURSE ,141.15,44,2010-12-03 14:54:00,2011-12-01 16:22:00,30,33,3.2079545454545455,8,30,0
20662,FIRST CLASS HOLIDAY PURSE ,90.42,31,2010-12-01 14:32:00,2011-10-24 17:07:00,18,20,2.9167741935483873,46,18,0
20663,QUEEN OF THE SKIES HOLIDAY PURSE ,66.26,25,2010-12-07 18:36:00,2011-10-17 13:31:00,18,20,2.6504000000000003,53,18,0
20664,TROPICAL HOLIDAY PURSE ,81.66,32,2010-12-12 12:08:00,2011-08-30 10:39:00,17,18,2.551875,102,17,0
20665,RED RETROSPOT PURSE ,1546.2700000000002,461,2010-12-01 17:06:00,2011-12-09 10:03:00,121,156,3.3541648590021698,1,121,0
20666,ECONOMY HOLIDAY PURSE,41.53,30,2010-12-12 12:26:00,2011-07-20 16:12:00,15,17,1.3843333333333334,142,15,1
20667,CHERRY BLOSSOM PURSE,49.69,20,2011-05-31 11:39:00,2011-08-30 10:39:00,16,16,2.4844999999999997,102,16,0
20668,DISCO BALL CHRISTMAS DECORATION,1501.4,12883,2010-12-01 10:19:00,2011-12-09 10:51:00,122,215,0.11654117829698052,1,122,2
20669,RED HEART LUGGAGE TAG,447.34,304,2010-12-01 11:45:00,2011-12-09 10:26:00,76,96,1.4715131578947367,1,76,0
20670,VIP HOLIDAY PURSE,44.04,14,2010-12-12 12:08:00,2011-11-15 16:38:00,11,11,3.1457142857142855,24,11,0
20671,BLUE TEATIME PRINT BOWL ,12.5,10,2010-12-05 13:55:00,2010-12-09 13:34:00,2,2,1.25,365,2,1
20674,GREEN POLKADOT BOWL,2016.23,1563,2010-12-02 11:21:00,2011-12-08 15:31:00,150,205,1.2899744081893794,1,150,0
20675,BLUE POLKADOT BOWL,3983.12,3120,2010-12-02 12:47:00,2011-12-08 15:31:00,198,322,1.2766410256410257,1,198,2
20676,RED RETROSPOT BOWL,6374.81,5023,2010-12-01 14:32:00,2011-12-08 15:31:00,230,448,1.2691240294644635,1,230,2
20677,PINK POLKADOT BOWL,4747.34,3674,2010-12-02 12:50:00,2011-12-08 15:31:00,201,333,1.292144801306478,1,201,2
20678,LARGE BLACK DIAMANTE HAIRSLIDE,6.6,4,2011-09-23 14:49:00,2011-09-23 14:49:00,1,1,1.65,77,1,0
20679,EDWARDIAN PARASOL RED,10021.42,1710,2010-12-01 09:02:00,2011-12-09 10:26:00,192,326,5.860479532163743,1,192,2
20681,PINK POLKADOT CHILDRENS UMBRELLA,506.96,140,2010-12-01 17:06:00,2011-03-10 13:58:00,35,46,3.621142857142857,274,35,1
20682,RED RETROSPOT CHILDRENS UMBRELLA,4171.33,1235,2010-12-01 17:06:00,2011-12-08 09:20:00,158,237,3.3775951417004046,2,158,0
20684,STRAWBERRY DREAM CHILDS UMBRELLA,270.56,80,2010-12-01 14:32:00,2011-07-22 10:52:00,33,35,3.382,141,33,1
20685,DOORMAT RED RETROSPOT,28049.54,4088,2010-12-01 11:41:00,2011-12-09 12:49:00,259,696,6.861433463796478,1,259,2
20686,DOLLY MIXTURE CHILDREN'S UMBRELLA,922.67,267,2010-12-03 11:36:00,2011-12-08 13:50:00,67,77,3.455692883895131,1,67,0
20694,FLORAL PINK MONSTER,187.54,43,2010-12-17 14:54:00,2011-11-22 15:41:00,16,16,4.361395348837209,17,16,0
20695,FLORAL BLUE MONSTER,21.25,5,2010-12-08 15:17:00,2011-11-17 15:08:00,4,4,4.25,22,4,0
20696,FLORAL SOFT CAR TOY,230.81,54,2010-12-01 17:06:00,2011-11-11 13:06:00,27,30,4.274259259259259,28,27,0
20697,LITTLE GREEN MONSTER SOFT TOY,48.449999999999996,19,2010-12-01 14:37:00,2011-11-23 12:20:00,11,11,2.55,17,11,0
20698,LITTLE PINK MONSTER SOFT TOY,43.349999999999994,17,2011-01-11 12:41:00,2011-11-23 12:20:00,8,8,2.55,17,8,0
20699,MOUSEY LONG LEGS SOFT TOY,266.03,97,2010-12-01 17:06:00,2011-12-05 17:36:00,29,41,2.7425773195876286,4,29,0
20700,GREEN CAT FLORAL CUSHION COVER ,345.17,73,2010-12-01 17:06:00,2011-09-28 16:13:00,47,54,4.728356164383562,72,47,0
20701,PINK CAT FLORAL CUSHION COVER ,100.97,25,2010-12-23 16:06:00,2011-06-30 15:56:00,16,18,4.0388,162,16,1
20702,PINK PADDED MOBILE,573.54,134,2010-12-05 13:42:00,2011-10-26 13:07:00,39,42,4.280149253731343,44,39,0
20703,BLUE PADDED SOFT MOBILE,4.25,1,2011-04-14 11:45:00,2011-04-14 11:45:00,1,1,4.25,240,1,1
20704,MR ROBOT SOFT TOY,697.7,216,2010-12-13 11:21:00,2011-12-09 10:46:00,34,44,3.2300925925925927,1,34,0
20705,MRS ROBOT SOFT TOY,428.85,143,2010-12-14 12:59:00,2011-12-06 12:19:00,26,28,2.998951048951049,4,26,0
20707,CRAZY DAISY HEART DECORATION,468.39,464,2010-12-01 12:43:00,2011-12-05 17:17:00,104,149,1.0094612068965516,4,104,0
20711,JUMBO BAG TOYS ,11014.62,5007,2010-12-01 14:11:00,2011-12-01 16:22:00,220,522,2.199844218094668,8,220,2
20712,JUMBO BAG WOODLAND ANIMALS,22092.42,9773,2010-12-01 13:04:00,2011-12-09 10:26:00,277,863,2.260556635628773,1,277,2
20713,JUMBO BAG OWLS,23001.06,11429,2010-12-01 11:45:00,2011-12-09 12:19:00,208,657,2.0125172806019775,1,208,2
20716,PARTY FOOD SHOPPER BAG,469.63,400,2010-12-06 09:58:00,2011-06-29 11:46:00,54,73,1.174075,164,54,1
20717,STRAWBERRY SHOPPER BAG,3561.98,2855,2010-12-01 11:45:00,2011-12-09 10:26:00,222,412,1.247628721541156,1,222,2
20718,RED RETROSPOT SHOPPER BAG,6604.29,4769,2010-12-01 17:06:00,2011-12-09 10:26:00,249,575,1.3848374921367164,1,249,2
20719,WOODLAND CHARLOTTE BAG,16744.45,13290,2010-12-01 14:32:00,2011-12-09 10:23:00,275,833,1.2599285176824682,1,275,2
20723,STRAWBERRY CHARLOTTE BAG,12548.15,9793,2010-12-01 09:37:00,2011-12-09 10:23:00,268,722,1.2813387113244155,1,268,2
20724,RED RETROSPOT CHARLOTTE BAG,21773.39,17761,2010-12-01 14:32:00,2011-12-09 10:23:00,286,1032,1.225910140194809,1,286,2
20725,LUNCH BAG RED RETROSPOT,35862.36,19432,2010-12-01 09:37:00,2011-12-09 12:23:00,298,1565,1.845531082750103,1,298,2
20726,LUNCH BAG WOODLAND,18283.78,9909,2010-12-01 11:21:00,2011-12-09 10:26:00,287,1017,1.8451690382480572,1,287,2
20727,LUNCH BAG  BLACK SKULL.,22346.96,12195,2010-12-01 11:29:00,2011-12-09 11:34:00,292,1273,1.8324690446904468,1,292,2
20728,LUNCH BAG CARS BLUE,21699.48,11786,2010-12-01 11:29:00,2011-12-09 10:26:00,293,1150,1.8411233667062616,1,293,2
20731,POSY CANDY BAG,109.96,92,2010-12-06 12:15:00,2011-06-20 14:48:00,14,16,1.1952173913043478,172,14,1
20733,GOLD MINI TAPE MEASURE ,956.36,1234,2010-12-01 14:32:00,2011-12-09 10:03:00,137,205,0.7750081037277148,1,137,0
20734,SILVER MINI TAPE MEASURE ,271.21999999999997,158,2010-12-03 14:27:00,2011-04-06 11:14:00,26,26,1.7165822784810125,248,26,1
20735,BLACK MINI TAPE MEASURE ,625.8,623,2010-12-01 14:32:00,2011-12-06 14:23:00,83,112,1.0044943820224719,3,83,0
20748,KENSINGTON COFFEE SET,751.17,57,2010-12-05 13:42:00,2011-11-28 13:06:00,32,34,13.178421052631577,11,32,0
20749,ASSORTED COLOUR MINI CASES,12550.57,1762,2010-12-01 11:21:00,2011-12-09 09:38:00,200,383,7.122911464245176,1,200,2
20750,RED RETROSPOT MINI CASES,12634.98,1747,2010-12-01 11:49:00,2011-12-09 11:59:00,210,385,7.232386949055524,1,210,2
20751,FUNKY WASHING UP GLOVES ASSORTED,2041.5200000000002,971,2010-12-02 15:46:00,2011-12-04 12:32:00,144,198,2.10249227600412,6,144,0
20752,BLUE POLKADOT WASHING UP GLOVES,920.45,407,2010-12-01 17:06:00,2011-11-27 14:50:00,115,148,2.2615479115479116,12,115,0
20754,RETROSPOT RED WASHING UP GLOVES,3088.86,1457,2010-12-01 12:43:00,2011-11-20 14:43:00,181,304,2.1200137268359645,19,181,0
20755,BLUE PAISLEY POCKET BOOK,271.16999999999996,306,2010-12-01 17:35:00,2011-12-07 12:26:00,52,62,0.8861764705882351,3,52,0
20756,GREEN FERN POCKET BOOK,53.55,63,2011-01-20 14:13:00,2011-11-22 15:45:00,20,22,0.85,17,20,0
20757,RED DAISY POCKET BOOK ,136.64,158,2010-12-02 14:09:00,2011-11-27 12:13:00,31,33,0.8648101265822784,13,31,0
20758,ABSTRACT CIRCLES POCKET BOOK,135.15,159,2010-12-09 14:19:00,2011-12-07 13:53:00,37,42,0.8500000000000001,2,37,0
20759,CHRYSANTHEMUM POCKET BOOK ,54.4,64,2010-12-02 14:09:00,2011-12-07 13:53:00,19,20,0.85,2,19,0
20760,GARDEN PATH POCKET BOOK,58.65,69,2010-12-02 14:09:00,2011-11-24 14:09:00,19,21,0.85,15,19,0
20761,BLUE PAISLEY SKETCHBOOK,505.97,120,2010-12-01 17:06:00,2011-12-07 12:21:00,55,63,4.2164166666666665,3,55,0
20762,GREEN FERN SKETCHBOOK ,420.08,106,2010-12-06 10:08:00,2011-12-06 12:56:00,49,56,3.963018867924528,3,49,0
20763,DAISY SKETCHBOOK ,205.04,73,2010-12-07 15:28:00,2011-12-06 12:15:00,26,27,2.808767123287671,4,26,0
20764,ABSTRACT CIRCLES SKETCHBOOK ,603.3100000000001,142,2010-12-05 13:00:00,2011-12-08 09:20:00,64,76,4.248661971830987,2,64,0
20765,CHRYSANTHEMUM SKETCHBOOK ,416.05,102,2010-12-01 17:24:00,2011-12-05 17:17:00,51,59,4.078921568627451,4,51,0
20766,GARDEN PATH SKETCHBOOK,493.57,122,2010-12-02 15:46:00,2011-12-04 15:00:00,49,57,4.045655737704918,5,49,0
20767,BLUE PAISLEY JOURNAL ,656.06,250,2010-12-03 11:19:00,2011-12-06 14:35:00,70,79,2.62424,3,70,0
20768,GREEN FERN JOURNAL ,438.57,176,2010-12-01 16:57:00,2011-12-06 15:43:00,47,55,2.491875,3,47,0
20769,DAISY JOURNAL ,217.55999999999997,80,2010-12-06 12:06:00,2011-12-06 15:43:00,29,34,2.7194999999999996,3,29,0
20770,ABSTRACT CIRCLE JOURNAL ,447.25,184,2010-12-01 14:32:00,2011-11-27 11:47:00,60,72,2.4307065217391304,13,60,0
20771,CHRYSANTHEMUM  JOURNAL,267.13,102,2010-12-05 16:41:00,2011-12-06 12:56:00,35,40,2.6189215686274507,3,35,0
20772,GARDEN PATH JOURNAL,621.1899999999999,247,2010-12-01 12:43:00,2011-12-08 19:28:00,53,65,2.5149392712550607,1,53,0
20773,BLUE PAISLEY NOTEBOOK,92.39999999999999,56,2010-12-01 12:15:00,2011-09-12 13:43:00,22,23,1.65,88,22,0
20774,GREEN FERN NOTEBOOK,141.23999999999998,86,2010-12-01 12:15:00,2011-10-04 16:33:00,36,44,1.6423255813953486,66,36,0
20775,DAISY NOTEBOOK ,233.54,134,2010-12-06 12:44:00,2011-12-05 17:24:00,48,63,1.7428358208955224,4,48,0
20777,CHRYSANTHEMUM NOTEBOOK,282.48999999999995,169,2010-12-01 12:15:00,2011-12-09 10:03:00,60,80,1.6715384615384612,1,60,0
20778,GARDEN PATH NOTEBOOK ,24.75,15,2010-12-09 14:19:00,2011-04-26 13:22:00,7,8,1.65,227,7,1
20780,BLACK EAR MUFF HEADPHONES,312.7,47,2010-12-01 16:57:00,2011-12-08 16:30:00,24,28,6.653191489361702,1,24,0
20781,GOLD EAR MUFF HEADPHONES,212.26,35,2010-12-06 08:34:00,2011-12-07 14:12:00,24,25,6.064571428571428,2,24,0
20782,CAMOUFLAGE EAR MUFF HEADPHONES,368.08,53,2010-12-06 09:58:00,2011-12-09 10:03:00,24,27,6.9449056603773585,1,24,0
20785,FUSCHIA RETRO BAR STOOL,523.3000000000001,14,2011-01-05 15:56:00,2011-04-06 12:08:00,5,5,37.37857142857143,248,5,1
20793,BLUE TILED TRAY,54.0,8,2010-12-12 12:01:00,2011-09-08 10:35:00,4,4,6.75,93,4,0
20794,BLUE  TILE HOOK,282.78999999999996,99,2010-12-07 18:36:00,2011-12-06 16:26:00,27,27,2.856464646464646,3,27,0
20795,LARGE BLUE PROVENCAL CERAMIC BALL,113.05000000000001,49,2011-01-18 15:19:00,2011-12-05 17:24:00,11,11,2.3071428571428574,4,11,0
20796,SMALL BLUE PROVENCAL CERAMIC BALL,103.93999999999998,62,2011-03-01 17:32:00,2011-11-10 12:01:00,9,9,1.6764516129032256,30,9,0
20798,CLEAR MILKSHAKE GLASS,75.60000000000001,36,2010-12-02 12:28:00,2011-01-25 13:38:00,5,5,2.1,318,5,1
20801,LARGE PINK GLASS SUNDAE DISH,1157.8,1013,2010-12-07 15:28:00,2011-05-25 16:08:00,52,81,1.1429417571569596,198,52,1
20802,SMALL GLASS SUNDAE DISH CLEAR,984.4699999999999,739,2010-12-06 08:34:00,2011-11-28 10:31:00,56,63,1.3321650879566982,12,56,0
20803,SMALL PINK GLASS SUNDAE DISH,476.38,939,2010-12-06 10:08:00,2011-05-01 13:45:00,31,40,0.5073269435569755,222,31,1
20816,GOLD FLOWER CUSHION COVER ,15.6,8,2011-04-28 13:17:00,2011-04-28 19:53:00,1,2,1.95,225,1,1
20818,GOLD TEDDY BEAR,42.7,15,2010-12-13 11:21:00,2011-05-04 13:36:00,5,5,2.8466666666666667,219,5,1
20819,SILVER TEDDY BEAR,244.72,64,2010-12-06 15:13:00,2011-11-30 11:17:00,24,27,3.82375,10,24,0
20820,SILVER LOOKING MIRROR,24.75,5,2010-12-01 11:21:00,2011-03-01 17:28:00,2,2,4.95,283,2,1
20821,GOLDIE LOOKING MIRROR,84.15,17,2011-03-30 12:04:00,2011-11-23 15:53:00,6,6,4.95,16,6,0
20823,GOLD WINE GOBLET,129.56,164,2011-04-19 14:49:00,2011-06-09 14:23:00,6,8,0.79,183,6,1
20826,SILVER APERITIF GLASS,128.4,276,2010-12-13 15:12:00,2011-05-18 11:08:00,8,8,0.46521739130434786,206,8,1
20827,GOLD APERITIF GLASS,34.32,88,2011-04-19 14:49:00,2011-04-21 12:34:00,2,2,0.39,233,2,1
20828,GLITTER BUTTERFLY CLIPS,3074.7799999999997,1128,2010-12-02 13:32:00,2011-12-08 09:28:00,162,241,2.725868794326241,2,162,0
20829,GLITTER HANGING BUTTERFLY STRING,2722.9500000000003,1314,2010-12-03 17:20:00,2011-12-08 16:30:00,142,194,2.072260273972603,1,142,0
20830,SILVER PHOTO FRAME,409.83,136,2010-12-12 10:48:00,2011-10-02 15:33:00,32,37,3.013455882352941,68,32,0
20831,GOLD PHOTO FRAME,466.53000000000003,216,2010-12-12 10:48:00,2011-12-09 10:20:00,34,39,2.1598611111111112,1,34,0
20832,RED FLOCK LOVE HEART PHOTO FRAME,572.67,1067,2010-12-02 12:16:00,2011-12-09 12:25:00,64,82,0.5367104029990628,1,64,0
20835,FRENCH LATTICE CUSHION COVER ,65.8,67,2010-12-01 14:32:00,2011-11-10 15:23:00,8,8,0.9820895522388059,29,8,0
20836,FRENCH PAISLEY CUSHION COVER,141.1,170,2011-05-03 10:43:00,2011-11-24 11:52:00,16,17,0.83,16,16,0
20837,FRENCH FLORAL CUSHION COVER ,142.47,141,2011-02-17 14:51:00,2011-11-20 11:06:00,13,15,1.0104255319148936,20,13,0
20838,FRENCH LATTICE CUSHION COVER ,461.45,385,2011-04-27 17:23:00,2011-12-05 17:28:00,49,57,1.1985714285714286,4,49,0
20839,FRENCH PAISLEY CUSHION COVER ,840.4399999999999,575,2010-12-01 14:32:00,2011-12-08 16:30:00,78,105,1.4616347826086955,1,78,0
20840,FRENCH FLORAL CUSHION COVER ,632.3199999999999,533,2010-12-01 14:32:00,2011-12-08 16:30:00,59,74,1.186341463414634,1,59,0
20845,ZINC HEART LATTICE 2 WALL PLANTER,120.64999999999999,19,2011-01-18 13:05:00,2011-08-16 13:13:00,10,11,6.35,115,10,0
20846,ZINC HEART LATTICE T-LIGHT HOLDER,957.32,716,2010-12-01 17:06:00,2011-12-07 09:22:00,69,88,1.3370391061452516,3,69,0
20847,ZINC HEART LATTICE CHARGER LARGE,217.57999999999998,52,2010-12-06 09:58:00,2011-11-25 11:54:00,17,18,4.184230769230769,15,17,0
20848,ZINC HEART LATTICE CHARGER SMALL,61.95,21,2010-12-13 15:12:00,2011-11-06 14:45:00,8,8,2.95,33,8,0
20851,ZINC HEART LATTICE TRAY OVAL ,53.550000000000004,9,2011-01-30 13:48:00,2011-04-27 16:54:00,7,7,5.95,226,7,1
20854,BLUE PATCH PURSE PINK HEART,383.02,242,2010-12-01 14:32:00,2011-02-20 12:01:00,28,41,1.5827272727272728,293,28,1
20856,DENIM PATCH PURSE PINK BUTTERFLY,357.28999999999996,216,2010-12-01 14:32:00,2011-08-09 14:18:00,51,61,1.6541203703703702,122,51,0
20857,BLUE ROSE PATCH PURSE PINK BUTTERFL,52.8,32,2010-12-07 10:06:00,2011-02-17 13:28:00,8,8,1.65,295,8,1
20860,GOLD COSMETICS BAG WITH BUTTERFLY,2.1,1,2010-12-13 16:46:00,2010-12-13 16:46:00,1,1,2.1,361,1,1
20861,GOLD COSMETIC BAG PINK STAR,4.2,2,2010-12-06 12:55:00,2010-12-10 11:24:00,2,2,2.1,365,2,1
20866,BLUE ROSE FABRIC MIRROR,709.7,597,2010-12-01 12:23:00,2011-12-08 16:30:00,64,90,1.1887772194304858,1,64,0
20867,PINK ROSE FABRIC MIRROR,393.46999999999997,331,2010-12-01 13:51:00,2011-12-06 12:21:00,48,62,1.1887311178247733,4,48,0
20868,SILVER FABRIC MIRROR,219.35000000000002,458,2010-12-10 11:12:00,2011-12-08 19:24:00,36,46,0.4789301310043669,1,36,0
20869,GOLD FABRIC MIRROR,86.76,180,2010-12-17 14:54:00,2011-12-08 19:24:00,27,29,0.48200000000000004,1,27,0
20871,OPULENT VELVET SET/3 CANDLES,8.42,2,2010-12-14 15:52:00,2010-12-14 15:52:00,1,1,4.21,360,1,1
20878,SET/9 CHRISTMAS T-LIGHTS SCENTED ,30.0,24,2010-12-01 12:23:00,2010-12-05 16:24:00,3,7,1.25,369,3,1
20886,BOX OF 9 PEBBLE CANDLES,986.23,485,2010-12-03 11:27:00,2011-11-07 12:06:00,87,103,2.0334639175257734,33,87,0
20892,SET/3 TALL GLASS CANDLE HOLDER PINK,89.22,4,2010-12-07 15:28:00,2010-12-21 15:19:00,3,3,22.305,353,3,1
20893,HANGING BAUBLE T-LIGHT HOLDER SMALL,609.02,268,2010-12-02 10:17:00,2011-12-04 12:13:00,26,26,2.272462686567164,6,26,0
20894,HANGING BAUBLE T-LIGHT HOLDER LARGE,108.71000000000001,33,2010-12-02 13:49:00,2011-12-01 08:51:00,14,15,3.2942424242424244,9,14,0
20897,VINTAGE NOTEBOOK PARIS DAYS,298.27,107,2010-12-06 11:10:00,2011-08-30 10:29:00,23,24,2.7875700934579437,102,23,0
20898,VINTAGE NOTEBOOK TRAVELOGUE,105.73,38,2011-01-27 15:51:00,2011-10-23 13:49:00,12,13,2.782368421052632,47,12,0
20901,VINTAGE KEEPSAKE BOX PINK FLOWER,85.13,19,2011-06-07 17:12:00,2011-11-14 14:39:00,11,15,4.480526315789473,25,11,0
20902,VINTAGE KEEPSAKE BOX PARIS DAYS,686.86,112,2010-12-01 14:03:00,2011-08-10 16:51:00,45,56,6.132678571428571,121,45,0
20903,VINTAGE KEEPSAKE BOX TRAVELOGUE,441.89,82,2010-12-06 11:10:00,2011-10-23 13:49:00,46,56,5.38890243902439,47,46,0
20906,VINTAGE NOTEBOOK BEAUTY GIRL,8.850000000000001,3,2010-12-08 13:23:00,2011-04-03 15:07:00,2,2,2.9500000000000006,250,2,1
20910,VINTAGE PHOTO ALBUM PARIS DAYS,50.8,8,2010-12-03 14:35:00,2010-12-16 11:53:00,3,3,6.35,359,3,1
20914,SET/5 RED RETROSPOT LID GLASS BOWLS,18357.75,6361,2010-12-01 11:32:00,2011-12-09 10:03:00,282,880,2.885984908033328,1,282,2
20931,BLUE POT PLANT CANDLE ,1060.9,299,2010-12-01 17:06:00,2011-12-09 10:03:00,56,68,3.548160535117057,1,56,0
20932,PINK POT PLANT CANDLE,628.7900000000001,204,2010-12-10 09:51:00,2011-12-08 16:30:00,32,35,3.0823039215686276,1,32,0
20933,YELLOW POT PLANT CANDLE,71.05,23,2011-01-05 15:56:00,2011-12-08 11:15:00,8,9,3.0891304347826085,2,8,0
20934,SET/3 POT PLANT CANDLES,424.46000000000004,68,2010-12-17 16:59:00,2011-11-04 14:54:00,30,32,6.242058823529412,35,30,0
20935,ROUND CACTUS CANDLE,17.700000000000003,6,2011-09-23 13:48:00,2011-11-16 16:08:00,4,4,2.9500000000000006,23,4,0
20936,FORKED CACTUS CANDLE,319.66,100,2010-12-05 11:12:00,2011-12-09 11:34:00,31,34,3.1966,1,31,0
20941,FROG CANDLE,83.78,64,2010-12-03 11:13:00,2011-07-06 15:15:00,17,19,1.3090625,156,17,1
20954,*USB Office Mirror Ball,16.94,2,2010-12-17 14:54:00,2010-12-17 17:08:00,1,2,8.47,357,1,1
20956,PORCELAIN T-LIGHT HOLDERS ASSORTED,1146.52,822,2010-12-01 14:32:00,2011-12-06 17:23:00,78,101,1.3947931873479318,3,78,0
20960,WATERMELON BATH SPONGE,72.49,29,2010-12-03 14:27:00,2011-03-07 10:12:00,10,10,2.4996551724137928,278,10,1
20961,STRAWBERRY BATH SPONGE ,1745.43,1232,2010-12-01 11:21:00,2011-12-09 10:26:00,143,228,1.41674512987013,1,143,0
20963,APPLE BATH SPONGE,1911.17,1336,2010-12-01 11:21:00,2011-12-09 10:26:00,143,229,1.4305164670658683,1,143,0
20964,POLYESTER FILLER PAD 60x40cm,5.1,2,2011-05-06 11:36:00,2011-05-06 11:36:00,1,1,2.55,218,1,1
20966,SANDWICH BATH SPONGE,1022.8,719,2010-12-01 11:21:00,2011-08-24 10:22:00,53,97,1.422531293463143,108,53,0
20967,GREY FLORAL FELTCRAFT SHOULDER BAG,1027.94,265,2010-12-02 11:35:00,2011-10-26 14:42:00,52,83,3.8790188679245285,44,52,0
20969,RED FLORAL FELTCRAFT SHOULDER BAG,7229.43,1960,2010-12-01 14:32:00,2011-12-08 16:30:00,172,305,3.6884846938775513,1,172,0
20970,PINK FLORAL FELTCRAFT SHOULDER BAG,4232.13,1116,2010-12-01 17:06:00,2011-12-09 10:03:00,153,262,3.792231182795699,1,153,0
20971,PINK BLUE FELT CRAFT TRINKET BOX,13828.1,10993,2010-12-01 14:32:00,2011-12-09 10:03:00,234,522,1.2579004821249886,1,234,2
20972,PINK CREAM FELT CRAFT TRINKET BOX ,9128.06,7337,2010-12-01 12:49:00,2011-12-09 10:03:00,244,616,1.2441133978465313,1,244,2
20973,12 PENCIL SMALL TUBE WOODLAND,3210.27,4497,2010-12-01 12:54:00,2011-12-09 10:03:00,146,355,0.7138692461641094,1,146,0
20974,12 PENCILS SMALL TUBE SKULL,4527.43,6976,2010-12-01 12:54:00,2011-12-09 12:20:00,200,355,0.6490008600917432,1,200,2
20975,12 PENCILS SMALL TUBE RED RETROSPOT,4383.27,6633,2010-12-01 14:32:00,2011-12-08 13:50:00,165,362,0.6608276797829037,1,165,2
20977,36 PENCILS TUBE WOODLAND,2328.64,1739,2010-12-01 12:27:00,2011-11-07 17:42:00,127,185,1.33906843013226,32,127,0
20978,36 PENCILS TUBE SKULLS,2395.05,1795,2010-12-01 16:57:00,2011-12-09 10:03:00,160,263,1.3342896935933148,1,160,0
20979,36 PENCILS TUBE RED RETROSPOT,4723.7300000000005,3734,2010-12-01 12:27:00,2011-12-09 10:03:00,194,325,1.2650589180503482,1,194,2
20980,36 PENCILS TUBE POSY,76.91,79,2010-12-05 13:05:00,2011-08-08 14:53:00,17,20,0.9735443037974683,123,17,1
20981,12 PENCILS TALL TUBE WOODLAND,1740.57,1974,2010-12-01 14:32:00,2011-12-09 08:59:00,148,249,0.8817477203647416,1,148,0
20982,12 PENCILS TALL TUBE SKULLS,1880.6699999999998,2151,2010-12-01 11:41:00,2011-12-09 10:03:00,142,256,0.874323570432357,1,142,0
20983,12 PENCILS TALL TUBE RED RETROSPOT,2374.81,2737,2010-12-02 11:41:00,2011-12-09 10:03:00,162,268,0.8676689806357325,1,162,0
20984,12 PENCILS TALL TUBE POSY,1166.07,3785,2010-12-02 13:32:00,2011-10-17 12:50:00,100,170,0.30807661822985466,54,100,0
20985,HEART CALCULATOR,1540.59,1179,2010-12-05 15:12:00,2011-12-09 10:03:00,99,131,1.3066921119592874,1,99,0
20986,BLUE CALCULATOR RULER,829.74,654,2010-12-02 12:16:00,2011-12-09 10:03:00,81,113,1.2687155963302752,1,81,0
20992,JAZZ HEARTS PURSE NOTEBOOK,1944.6299999999999,4425,2010-12-01 11:21:00,2011-12-08 13:50:00,159,277,0.439464406779661,1,159,0
20996,JAZZ HEARTS ADDRESS BOOK,726.8900000000001,3191,2010-12-01 14:32:00,2011-12-08 19:24:00,141,225,0.22779379504857414,1,141,0
20997,ROSE DU SUD CUSHION COVER ,257.61,59,2011-04-19 15:37:00,2011-12-08 09:28:00,31,34,4.366271186440678,2,31,0
20998,ROSE DU SUD OVEN GLOVE,505.20000000000005,185,2010-12-03 11:35:00,2011-10-14 13:54:00,60,69,2.730810810810811,56,60,0
21000,ROSE DU SUD COSMETICS BAG,360.84,96,2010-12-01 14:32:00,2011-12-09 10:03:00,46,52,3.7587499999999996,1,46,0
21001,ROSE DU SUD WASHBAG ,348.19,73,2010-12-06 16:57:00,2011-12-08 09:20:00,41,50,4.76972602739726,2,41,0
21002,ROSE DU SUD DRAWSTRING BAG,428.66,125,2010-12-01 17:06:00,2011-10-23 11:42:00,46,66,3.4292800000000003,48,46,0
21003,ROSE DU SUD CUSHION COVER,460.58,78,2011-01-07 16:32:00,2011-12-08 09:28:00,40,46,5.904871794871795,2,40,0
21009,ETCHED GLASS STAR TREE DECORATION,1.25,1,2010-12-17 17:30:00,2010-12-17 17:30:00,1,1,1.25,357,1,1
21011,GLITTER SNOW PEAR TREE DECORATION,28.999999999999996,20,2010-12-05 10:45:00,2010-12-21 10:35:00,3,3,1.4499999999999997,354,3,1
21012,ANTIQUE ALL GLASS CANDLESTICK,2614.05,1169,2010-12-01 14:32:00,2011-12-09 12:00:00,133,199,2.236142001710864,1,133,0
21014,SWISS CHALET TREE DECORATION ,598.8199999999999,1385,2010-12-01 15:35:00,2011-11-23 13:27:00,72,119,0.43236101083032485,16,72,0
21015,DARK BIRD HOUSE TREE DECORATION,589.55,1483,2010-12-01 17:06:00,2011-12-09 10:03:00,81,142,0.3975387727579231,1,81,0
21018,BIRD BOX CHRISTMAS TREE DECORATION,22.06,24,2010-12-01 15:35:00,2010-12-17 17:30:00,6,6,0.9191666666666666,357,6,1
21025,SPACE FROG,233.52,174,2010-12-02 15:46:00,2011-12-06 16:26:00,46,56,1.3420689655172415,3,46,0
21026,SPACE OWL,315.75,255,2010-12-02 15:46:00,2011-12-09 10:03:00,52,68,1.238235294117647,1,52,0
21027,NINJA RABBIT PINK,187.79,167,2010-12-03 12:01:00,2011-11-21 12:05:00,33,42,1.124491017964072,19,33,0
21028,NINJA RABBIT BLACK,239.24,187,2010-12-06 16:57:00,2011-12-08 16:30:00,49,58,1.2793582887700534,1,49,0
21030,SPACE CADET RED,159.7,131,2010-12-02 15:46:00,2011-11-21 12:05:00,33,33,1.2190839694656488,19,33,0
21031,SPACE CADET BLACK,64.24,52,2010-12-02 15:46:00,2011-11-16 12:18:00,19,19,1.2353846153846153,24,19,0
21032,SPACE CADET WHITE,117.78,97,2010-12-02 15:46:00,2011-11-30 11:48:00,30,30,1.2142268041237114,10,30,0
21033,JUMBO BAG CHARLIE AND LOLA TOYS,4851.73,1932,2010-12-01 09:37:00,2011-09-08 13:53:00,133,300,2.5112474120082813,92,133,0
21034,REX CASH+CARRY JUMBO SHOPPER,1784.1,1878,2010-12-01 11:49:00,2011-12-08 18:42:00,274,871,0.95,1,274,2
21035,SET/2 RED RETROSPOT TEA TOWELS ,8536.85,2599,2010-12-01 08:45:00,2011-12-09 10:03:00,201,394,3.284667179684494,1,201,2
21038,SET/4 MODERN VINTAGE COTTON NAPKINS,86.75,77,2010-12-01 13:21:00,2011-05-04 13:52:00,17,23,1.1266233766233766,219,17,1
21039,RED RETROSPOT SHOPPING BAG,1353.6899999999998,523,2010-12-02 18:08:00,2011-12-06 12:56:00,72,90,2.5883173996175906,3,72,0
21040,MODERN VINTAGE COTTON SHOPPING BAG,29.7,22,2010-12-03 15:19:00,2011-03-15 15:37:00,8,8,1.3499999999999999,269,8,1
21041,RED RETROSPOT OVEN GLOVE DOUBLE,3888.98,914,2010-12-01 12:49:00,2011-11-23 14:07:00,153,255,4.254901531728665,16,153,0
21042,RED RETROSPOT APRON ,2199.52,334,2010-12-02 08:52:00,2011-12-08 10:53:00,101,131,6.585389221556886,2,101,0
21043,APRON MODERN VINTAGE COTTON,1139.86,492,2010-12-16 13:02:00,2011-06-07 17:09:00,59,90,2.3167886178861785,185,59,1
21051,RIBBONS PURSE ,377.2,192,2010-12-03 11:36:00,2011-12-08 09:47:00,40,51,1.9645833333333333,2,40,0
21054,NURSE'S BAG SOFT TOY,634.53,70,2010-12-03 15:10:00,2011-11-14 12:45:00,27,29,9.064714285714285,26,27,0
21055,TOOL BOX SOFT TOY ,1764.6399999999999,178,2010-12-01 14:05:00,2011-12-08 19:57:00,78,105,9.913707865168538,1,78,0
21056,DOCTOR'S BAG SOFT TOY,1765.3999999999999,184,2010-12-01 14:05:00,2011-12-08 09:28:00,64,72,9.594565217391304,2,64,0
21058,PARTY INVITES WOODLAND,965.66,1154,2010-12-02 10:27:00,2011-12-08 09:28:00,98,122,0.836793760831889,2,98,0
21059,PARTY INVITES DINOSAURS,528.2299999999999,611,2010-12-02 17:12:00,2011-12-08 09:28:00,83,94,0.864533551554828,2,83,0
21060,PARTY INVITES BALLOON GIRL,359.28999999999996,405,2010-12-02 10:27:00,2011-12-05 17:24:00,63,71,0.8871358024691357,4,63,0
21061,PARTY INVITES FOOTBALL,451.7,488,2010-12-01 11:29:00,2011-12-04 14:15:00,74,83,0.9256147540983606,5,74,0
21062,PARTY INVITES SPACEMAN,457.38,538,2010-12-01 11:29:00,2011-12-02 13:20:00,66,74,0.8501486988847583,7,66,0
21063,PARTY INVITES JAZZ HEARTS,458.31,528,2010-12-01 11:29:00,2011-12-06 09:48:00,83,102,0.8680113636363637,4,83,0
21064,BOOM BOX SPEAKER BOYS,1281.2,296,2010-12-02 12:16:00,2011-12-09 10:03:00,68,101,4.328378378378378,1,68,0
21065,BOOM BOX SPEAKER GIRLS,1160.58,562,2010-12-01 11:45:00,2011-12-09 10:03:00,68,90,2.0650889679715303,1,68,0
21066,VINTAGE RED MUG,693.47,702,2010-12-03 11:13:00,2011-12-01 11:53:00,50,54,0.9878490028490029,9,50,0
21067,VINTAGE RED TEATIME MUG,504.15,317,2010-12-01 17:06:00,2011-10-04 13:25:00,60,76,1.590378548895899,66,60,0
21068,VINTAGE BILLBOARD LOVE/HATE MUG,1890.33,1638,2010-12-01 09:02:00,2011-12-08 16:30:00,132,198,1.154047619047619,1,132,0
21069,VINTAGE BILLBOARD TEA MUG,2250.52,1949,2010-12-01 14:32:00,2011-08-17 15:05:00,70,86,1.1547049769112365,114,70,0
21070,VINTAGE BILLBOARD MUG ,1184.98,1106,2010-12-01 14:32:00,2011-12-08 16:30:00,84,107,1.0714104882459312,1,84,0
21071,VINTAGE BILLBOARD DRINK ME MUG,1380.28,991,2010-12-01 09:02:00,2011-10-31 14:41:00,119,177,1.3928153380423813,39,119,0
21078,SET/20 STRAWBERRY PAPER NAPKINS ,2531.04,2769,2010-12-03 11:35:00,2011-10-13 14:33:00,166,313,0.9140628385698808,57,166,0
21080,SET/20 RED RETROSPOT PAPER NAPKINS ,11312.56,13202,2010-12-01 10:19:00,2011-12-08 16:30:00,292,986,0.856882290562036,1,292,2
21082,SET/20 FRUIT SALAD PAPER NAPKINS ,143.44,88,2011-01-14 14:28:00,2011-06-28 15:44:00,25,25,1.63,164,25,1
21084,SET/6 COLLAGE PAPER CUPS,773.14,2610,2011-01-07 12:28:00,2011-12-07 12:41:00,115,181,0.2962222222222222,3,115,0
21086,SET/6 RED SPOTTY PAPER CUPS,4851.5,7121,2010-12-01 10:19:00,2011-12-06 14:22:00,220,428,0.6812947619716332,3,220,2
21087,SET/6 POSIES PAPER CUPS,74.57000000000001,141,2011-02-18 16:12:00,2011-04-19 14:49:00,15,16,0.5288652482269504,234,15,1
21088,SET/6 FRUIT SALAD PAPER CUPS,428.28000000000003,1678,2011-01-07 12:28:00,2011-12-08 16:30:00,76,103,0.25523241954707987,1,76,0
21089,SET/6 GREEN SPRING PAPER CUPS,48.99,233,2010-12-06 12:41:00,2011-08-17 14:25:00,22,25,0.21025751072961374,114,22,0
21090,SET/6 COLLAGE PAPER PLATES,1274.1899999999998,2413,2010-12-05 12:42:00,2011-12-07 12:41:00,137,217,0.5280522171570659,3,137,0
21094,SET/6 RED SPOTTY PAPER PLATES,6933.259999999999,8758,2010-12-01 09:37:00,2011-12-08 09:20:00,243,527,0.7916487782598766,2,243,2
21095,SET/6 POSIES PAPER PLATES,118.72999999999999,125,2010-12-03 12:01:00,2011-06-16 19:59:00,13,14,0.9498399999999999,176,13,1
21096,SET/6 FRUIT SALAD  PAPER PLATES,581.09,1259,2011-01-07 12:28:00,2011-12-08 09:20:00,73,105,0.4615488482922955,2,73,0
21098,CHRISTMAS TOILET ROLL,5078.76,3719,2010-12-01 12:49:00,2011-12-09 10:03:00,102,248,1.365625168055929,1,102,0
21100,CHARLIE AND LOLA CHARLOTTE BAG,162.20999999999998,65,2010-12-03 11:28:00,2011-03-22 16:56:00,20,27,2.495538461538461,262,20,1
21106,CREAM SLICE FLANNEL CHOCOLATE SPOT ,702.51,237,2010-12-01 12:51:00,2011-12-02 16:39:00,48,53,2.9641772151898733,7,48,0
21107,CREAM SLICE FLANNEL PINK SPOT ,2492.71,901,2010-12-01 12:51:00,2011-12-06 16:26:00,77,97,2.766603773584906,3,77,0
21108,FAIRY CAKE FLANNEL ASSORTED COLOUR,18056.280000000002,10241,2010-12-01 11:21:00,2011-12-09 11:26:00,137,262,1.763136412459721,1,137,2
21109,LARGE CAKE TOWEL CHOCOLATE SPOTS,2763.2,936,2010-12-01 17:06:00,2011-12-09 11:26:00,67,112,2.952136752136752,1,67,0
21110,LARGE CAKE TOWEL PINK SPOTS,3815.7,1105,2010-12-01 17:06:00,2011-11-25 15:23:00,82,134,3.4531221719457013,14,82,0
21111,"SWISS ROLL TOWEL, CHOCOLATE  SPOTS",1651.02,900,2010-12-01 12:43:00,2011-12-09 11:26:00,67,94,1.8344666666666667,1,67,0
21112,"SWISS ROLL TOWEL, PINK  SPOTS",2885.13,1359,2010-12-03 11:36:00,2011-12-05 11:58:00,61,82,2.1229801324503312,5,61,0
21114,LAVENDER SCENTED FABRIC HEART,1778.08,1341,2010-12-02 19:18:00,2011-12-04 13:55:00,112,138,1.3259358687546607,5,112,0
21115,ROSE CARAVAN DOORSTOP,3162.24,562,2010-12-01 09:59:00,2011-12-09 10:26:00,114,162,5.626761565836299,1,114,0
21116,OWL DOORSTOP,4051.79,695,2010-12-01 11:45:00,2011-12-05 17:24:00,160,251,5.829913669064748,4,160,0
21117,BLOND DOLL DOORSTOP,141.75,109,2011-01-13 15:11:00,2011-11-23 13:46:00,14,14,1.3004587155963303,16,14,0
21120,*Boombox Ipod Classic,16.98,1,2010-12-09 14:09:00,2010-12-09 14:09:00,1,1,16.98,365,1,1
21121,SET/10 RED POLKADOT PARTY CANDLES,7998.85,6606,2010-12-01 12:22:00,2011-12-09 12:19:00,219,379,1.2108462004238572,1,219,2
21122,SET/10 PINK POLKADOT PARTY CANDLES,6488.54,5325,2010-12-01 11:21:00,2011-12-09 12:16:00,207,344,1.2185051643192488,1,207,2
21123,SET/10 IVORY POLKADOT PARTY CANDLES,1380.84,1143,2010-12-01 12:43:00,2011-12-09 10:03:00,110,154,1.2080839895013122,1,110,0
21124,SET/10 BLUE POLKADOT PARTY CANDLES,4863.05,4011,2010-12-01 12:23:00,2011-12-09 12:16:00,173,240,1.212428322114186,1,173,2
21125,SET 6 FOOTBALL CELEBRATION CANDLES,830.98,657,2010-12-01 11:29:00,2011-12-09 10:26:00,87,103,1.2648097412480974,1,87,0
21126,SET OF 6 GIRLS CELEBRATION CANDLES,748.95,592,2010-12-01 11:29:00,2011-12-09 10:03:00,99,126,1.2651182432432433,1,99,0
21128,GOLD FISHING GNOME,546.6,68,2010-12-01 17:06:00,2011-12-07 15:56:00,35,36,8.038235294117648,2,35,0
21129,SILVER FISHING GNOME ,419.52000000000004,52,2011-01-04 15:50:00,2011-11-29 11:48:00,26,27,8.067692307692308,11,26,0
21131,GOLD STANDING GNOME,398.02,106,2010-12-10 10:49:00,2011-12-06 14:23:00,27,28,3.7549056603773585,3,27,0
21132,SILVER STANDING GNOME   ,217.35999999999999,44,2010-12-09 14:50:00,2011-12-08 15:31:00,22,22,4.9399999999999995,1,22,0
21135,VICTORIAN  METAL POSTCARD SPRING,3206.0,2869,2010-12-01 12:58:00,2011-12-08 10:40:00,135,177,1.1174625304984316,2,135,0
21136,PAINTED METAL PEARS ASSORTED,7793.139999999999,4687,2010-12-01 16:52:00,2011-12-08 13:50:00,210,370,1.6627138894815445,1,210,2
21137,BLACK RECORD COVER FRAME,40633.38,11651,2010-12-01 12:27:00,2011-12-09 12:00:00,182,375,3.4875444167882583,1,182,2
21143,ANTIQUE GLASS HEART DECORATION ,707.23,327,2010-12-01 13:54:00,2011-08-22 14:38:00,24,36,2.162782874617737,109,24,0
21144,PINK POODLE HANGING DECORATION ,16.8,5,2010-12-09 16:27:00,2010-12-21 15:19:00,2,2,3.3600000000000003,353,2,1
21145,ANTIQUE GLASS PLACE SETTING,152.5,122,2010-12-13 15:12:00,2011-11-16 13:25:00,8,8,1.25,23,8,0
21147,JINGLE BELLS TREE DECORATION,415.77,203,2010-12-01 14:32:00,2011-12-05 17:24:00,56,76,2.048128078817734,4,56,0
21154,RED RETROSPOT OVEN GLOVE ,6320.51,4034,2010-12-01 12:12:00,2011-12-09 10:03:00,225,451,1.5668096182449183,1,225,2
21155,RED RETROSPOT PEG BAG,9296.3,3155,2010-12-02 14:30:00,2011-12-09 10:26:00,244,485,2.9465293185419967,1,244,2
21156,RETROSPOT CHILDRENS APRON,6091.099999999999,3170,2010-12-01 12:15:00,2011-12-08 16:30:00,197,358,1.921482649842271,1,197,2
21157,RED RETROSPOT WASHBAG,225.5,78,2010-12-02 18:08:00,2011-10-25 17:31:00,27,34,2.891025641025641,45,27,0
21158,MOODY GIRL DOOR HANGER ,781.87,1469,2010-12-01 14:32:00,2011-12-09 10:03:00,119,170,0.5322464261402314,1,119,0
21159,MOODY BOY  DOOR HANGER ,601.79,1126,2010-12-02 11:41:00,2011-12-09 08:48:00,102,124,0.534449378330373,1,102,0
21160,KEEP OUT GIRLS DOOR HANGER ,3.36,1,2010-12-14 15:52:00,2010-12-14 15:52:00,1,1,3.36,360,1,1
21161,KEEP OUT BOYS DOOR HANGER ,229.92,143,2010-12-02 11:41:00,2011-06-08 12:44:00,35,43,1.6078321678321676,185,35,1
21162,TOXIC AREA  DOOR HANGER ,792.98,1462,2010-12-06 11:26:00,2011-12-09 10:03:00,102,162,0.5423939808481533,1,102,0
21163,DO NOT TOUCH MY STUFF DOOR HANGER ,680.55,1196,2010-12-02 11:41:00,2011-10-28 12:34:00,92,127,0.5690217391304347,43,92,0
21164,HOME SWEET HOME METAL SIGN ,5155.9800000000005,1766,2010-12-01 17:06:00,2011-12-08 14:39:00,182,282,2.919580973952435,1,182,0
21165,BEWARE OF THE CAT METAL SIGN ,6935.7,4154,2010-12-01 14:32:00,2011-12-07 10:35:00,223,449,1.669643716899374,3,223,2
21166,COOK WITH WINE METAL SIGN ,20874.440000000002,10324,2010-12-01 09:41:00,2011-12-09 10:26:00,237,723,2.0219333591631155,1,237,2
21167,WHITE SAGE INCENSE,337.14,1432,2010-12-05 16:41:00,2011-12-08 19:24:00,55,67,0.23543296089385474,1,55,0
21169,YOU'RE CONFUSING ME METAL SIGN ,7301.7699999999995,4413,2010-12-01 09:41:00,2011-12-09 12:00:00,216,450,1.6546045773849987,1,216,2
21171,BATHROOM METAL SIGN ,613.14,438,2010-12-06 16:57:00,2011-08-11 10:14:00,57,73,1.39986301369863,121,57,0
21172,PARTY METAL SIGN ,5338.63,3485,2010-12-02 08:52:00,2011-12-09 10:03:00,206,467,1.5318880918220947,1,206,2
21174,POTTERING IN THE SHED METAL SIGN,9405.76,4175,2010-12-01 14:32:00,2011-12-09 10:26:00,247,538,2.252876646706587,1,247,2
21175,GIN + TONIC DIET METAL SIGN,27029.97,12207,2010-12-01 09:41:00,2011-12-09 10:03:00,278,809,2.214300811010076,1,278,2
21179,NO JUNK MAIL METAL SIGN,1313.79,1940,2010-12-01 13:21:00,2011-09-12 16:23:00,129,266,0.6772113402061856,88,129,0
21181,PLEASE ONE PERSON METAL SIGN,25225.480000000003,12274,2010-12-01 15:08:00,2011-12-09 10:26:00,206,845,2.0551963500081474,1,206,2
21186,WHITE DOVE HONEYCOMB PAPER GARLAND,6.72,2,2010-12-14 15:52:00,2010-12-14 15:52:00,1,1,3.36,360,1,1
21187,WHITE BELL HONEYCOMB PAPER GARLAND ,648.4499999999999,369,2010-12-05 13:00:00,2011-08-04 16:32:00,36,48,1.7573170731707315,127,36,1
21188,3D HEARTS  HONEYCOMB PAPER GARLAND,1021.9000000000001,326,2010-12-01 17:06:00,2011-08-03 10:56:00,45,50,3.134662576687117,129,45,0
21189,WHITE HONEYCOMB PAPER GARLAND ,888.67,355,2010-12-01 14:32:00,2011-12-08 16:30:00,54,72,2.503295774647887,1,54,0
21190,PINK HEARTS PAPER GARLAND,245.20000000000002,168,2010-12-01 12:31:00,2011-11-25 12:20:00,6,7,1.4595238095238097,15,6,0
21191,LARGE WHITE HONEYCOMB PAPER BELL  ,1451.82,562,2010-12-01 14:32:00,2011-12-08 09:28:00,70,95,2.583309608540925,2,70,0
21192,WHITE BELL HONEYCOMB PAPER ,1923.2899999999997,1092,2010-12-01 12:49:00,2011-11-27 13:26:00,67,88,1.7612545787545786,12,67,0
21194,PINK  HONEYCOMB PAPER FAN,555.97,498,2010-12-13 09:35:00,2011-12-09 11:34:00,57,65,1.11640562248996,1,57,0
21195,PINK  HONEYCOMB PAPER BALL ,1308.56,693,2010-12-01 14:32:00,2011-05-17 16:09:00,56,80,1.888253968253968,206,56,1
21196,ROUND WHITE CONFETTI IN TUBE,189.67999999999998,108,2010-12-15 16:32:00,2011-12-07 11:42:00,12,13,1.756296296296296,3,12,0
21197,MULTICOLOUR  CONFETTI IN TUBE,382.9599999999999,284,2010-12-01 12:49:00,2011-12-02 10:22:00,25,27,1.3484507042253517,8,25,0
21198,WHITE HEART CONFETTI IN TUBE,1006.8199999999999,1028,2010-12-20 10:48:00,2011-12-07 11:42:00,65,71,0.979396887159533,3,65,0
21199,PINK  HEART CONFETTI IN TUBE,888.3299999999999,966,2010-12-13 11:21:00,2011-12-02 10:22:00,65,78,0.9195962732919254,8,65,0
21200,MULTICOLOUR HONEYCOMB PAPER GARLAND,1531.1399999999999,1119,2010-12-03 11:36:00,2011-12-09 10:03:00,61,75,1.3683109919571044,1,61,0
21201,TROPICAL  HONEYCOMB PAPER GARLAND ,2987.82,1240,2010-12-03 11:28:00,2011-12-09 10:03:00,89,101,2.4095322580645164,1,89,0
21202,DOLLY HONEYCOMB GARLAND,485.46,474,2010-12-05 16:24:00,2011-11-17 11:02:00,25,25,1.0241772151898734,23,25,0
21204,DAISIES  HONEYCOMB GARLAND ,868.4399999999999,499,2010-12-06 16:57:00,2011-12-07 12:41:00,74,85,1.7403607214428856,3,74,0
21205,MULTICOLOUR 3D BALLS GARLAND,677.1899999999999,253,2010-12-03 11:13:00,2011-12-02 14:30:00,58,68,2.676640316205533,7,58,0
21206,STRAWBERRY HONEYCOMB  GARLAND ,1610.9199999999998,1290,2010-12-02 12:50:00,2011-11-23 13:34:00,90,109,1.2487751937984495,16,90,0
21207,SKULL AND CROSSBONES  GARLAND ,1684.85,1067,2010-12-01 14:32:00,2011-12-05 17:24:00,101,132,1.579053420805998,4,101,0
21208,PASTEL COLOUR HONEYCOMB FAN,697.77,940,2010-12-01 17:06:00,2011-12-09 11:34:00,71,83,0.7423085106382978,1,71,0
21209,MULTICOLOUR HONEYCOMB FAN,886.24,1224,2010-12-05 12:42:00,2011-12-09 10:51:00,79,89,0.7240522875816994,1,79,0
21210,SET OF 72 RETROSPOT PAPER  DOILIES,8368.39,5808,2010-12-01 11:41:00,2011-12-08 15:54:00,208,453,1.4408384986225895,1,208,2
21211,SET OF 72 SKULL PAPER  DOILIES,1270.07,883,2010-12-02 13:14:00,2011-11-28 13:26:00,85,103,1.4383578708946771,11,85,0
21212,PACK OF 72 RETROSPOT CAKE CASES,21246.45,36396,2010-12-01 09:37:00,2011-12-09 10:23:00,298,1320,0.5837578305308276,1,298,2
21213,PACK OF 72 SKULL CAKE CASES,8414.59,15169,2010-12-01 11:29:00,2011-12-09 10:03:00,267,663,0.5547227899004549,1,267,2
21215,IVORY PAPER CUP CAKE CASES ,744.35,1087,2010-12-02 10:27:00,2011-12-08 09:20:00,105,124,0.6847746090156394,2,105,0
21216,"SET 3 RETROSPOT TEA,COFFEE,SUGAR",11382.81,2128,2010-12-01 14:32:00,2011-12-09 10:26:00,213,430,5.34906484962406,1,213,2
21217,RED RETROSPOT ROUND CAKE TINS,11522.439999999999,1088,2010-12-01 14:32:00,2011-12-09 12:49:00,197,344,10.59047794117647,1,197,2
21218,RED SPOTTY BISCUIT TIN,10116.49,2433,2010-12-01 14:32:00,2011-12-09 10:26:00,196,394,4.158031237155774,1,196,2
21219,SET/4 BADGES BALLOON GIRL,561.84,448,2010-12-03 11:36:00,2011-12-08 09:20:00,70,89,1.2541071428571429,2,70,0
21220,SET/4 BADGES DOGS,445.01,338,2010-12-01 17:06:00,2011-12-09 11:34:00,70,89,1.3165976331360947,1,70,0
21221,SET/4 BADGES CUTE CREATURES,340.22,261,2010-12-01 17:35:00,2011-12-08 09:20:00,48,54,1.3035249042145596,2,48,0
21222,SET/4 BADGES BEETLES,348.19,265,2010-12-06 16:57:00,2011-12-09 11:34:00,59,73,1.3139245283018868,1,59,0
21224,SET/4 SKULL BADGES,1080.0,914,2010-12-03 11:36:00,2011-12-09 11:34:00,121,165,1.1816192560175054,1,121,0
21226,POCKET MIRROR WOODLAND,80.55,93,2010-12-06 12:23:00,2011-11-25 11:12:00,17,20,0.8661290322580645,15,17,0
21228,"POCKET MIRROR ""GLAMOROUS""",6.25,5,2011-02-08 10:32:00,2011-03-09 13:56:00,2,2,1.25,275,2,1
21231,SWEETHEART CERAMIC TRINKET BOX,7617.280000000001,6054,2010-12-01 14:32:00,2011-12-08 16:30:00,244,509,1.2582226627023456,1,244,2
21232,STRAWBERRY CERAMIC TRINKET BOX,16248.800000000001,11842,2010-12-01 10:52:00,2011-12-09 10:26:00,272,831,1.3721330856274279,1,272,2
21238,RED RETROSPOT CUP,3488.44,3969,2010-12-01 14:32:00,2011-12-09 10:23:00,216,387,0.8789216427311666,1,216,2
21239,PINK  POLKADOT CUP,2707.34,3016,2010-12-02 12:47:00,2011-12-09 10:26:00,193,307,0.897659151193634,1,193,2
21240,BLUE POLKADOT CUP,3110.2599999999998,3570,2010-12-02 17:17:00,2011-12-08 11:21:00,201,325,0.8712212885154061,2,201,2
21242,RED RETROSPOT PLATE ,5699.71,3373,2010-12-01 11:49:00,2011-12-09 10:23:00,188,304,1.6898043284909576,1,188,2
21243,PINK  POLKADOT PLATE ,3827.16,2285,2010-12-01 11:49:00,2011-12-08 16:30:00,148,210,1.67490590809628,1,148,0
21244,BLUE POLKADOT PLATE ,3789.3199999999997,2282,2010-12-01 11:49:00,2011-12-06 10:05:00,141,196,1.6605258545135844,4,141,0
21245,GREEN POLKADOT PLATE ,1787.1999999999998,1075,2010-12-01 11:49:00,2011-12-07 10:12:00,102,128,1.6625116279069765,3,102,0
21246,RED RETROSPOT BIG BOWL,1336.78,286,2010-12-08 12:45:00,2011-09-04 16:09:00,78,96,4.674055944055944,96,78,0
21248,DOOR HANGER  MUM + DADS ROOM,330.71999999999997,205,2010-12-12 16:05:00,2011-12-09 08:48:00,57,66,1.6132682926829267,1,57,0
21249,WOODLAND  HEIGHT CHART STICKERS ,2160.0,724,2010-12-01 14:32:00,2011-12-08 09:20:00,99,119,2.983425414364641,2,99,0
21250,SET OF SKULL WALL STICKERS,274.37,95,2010-12-03 12:24:00,2011-11-30 15:13:00,19,20,2.888105263157895,9,19,0
21251,DINOSAUR HEIGHT CHART STICKER SET,568.98,182,2010-12-06 16:57:00,2011-11-30 15:13:00,41,46,3.1262637362637364,9,41,0
21253,SET OF PICTURE FRAME  STICKERS,590.4200000000001,134,2010-12-06 10:08:00,2011-12-08 20:01:00,54,62,4.406119402985075,1,54,0
21257,VICTORIAN SEWING BOX MEDIUM,6901.42,688,2010-12-01 12:22:00,2011-12-09 12:09:00,155,261,10.031133720930233,1,155,0
21258,VICTORIAN SEWING BOX LARGE,7674.799999999999,532,2010-12-01 09:09:00,2011-12-09 12:09:00,77,163,14.426315789473684,1,77,0
21259,VICTORIAN SEWING BOX SMALL ,7077.200000000001,1179,2010-12-01 12:22:00,2011-12-09 10:03:00,172,285,6.0027141645462265,1,172,0
21260,FIRST AID TIN,3722.23,1161,2010-12-01 12:23:00,2011-12-08 13:50:00,125,166,3.2060551248923344,1,125,0
21261,GREEN GOOSE FEATHER CHRISTMAS TREE ,672.09,187,2010-12-03 11:36:00,2011-12-06 12:21:00,38,45,3.594064171122995,4,38,0
21262,WHITE GOOSE FEATHER CHRISTMAS TREE ,1233.21,332,2010-12-01 14:32:00,2011-12-08 12:07:00,63,78,3.714487951807229,2,63,0
21263,GREEN GOOSE FEATHER TREE 60CM,349.17,167,2010-12-03 11:36:00,2011-12-06 17:26:00,35,42,2.0908383233532937,3,35,0
21264,WHITE GOOSE FEATHER TREE 60CM ,571.65,283,2010-12-09 14:09:00,2011-12-06 12:56:00,40,48,2.019964664310954,3,40,0
21265,PINK GOOSE FEATHER TREE 60CM,267.21,131,2010-12-06 10:08:00,2011-12-07 15:52:00,19,19,2.039770992366412,2,19,0
21268,VINTAGE BLUE TINSEL REEL,0.84,2,2010-12-02 15:46:00,2010-12-02 15:46:00,1,1,0.42,372,1,1
21269,ANTIQUE CREAM CUTLERY SHELF ,254.98000000000002,29,2010-12-07 18:36:00,2011-11-22 14:43:00,18,19,8.79241379310345,17,18,0
21270,ANTIQUE CREAM CUTLERY CUPBOARD,530.19,50,2010-12-23 13:26:00,2011-12-05 12:03:00,30,36,10.603800000000001,5,30,0
21272,SALLE DE BAIN HOOK,777.5699999999999,548,2010-12-01 17:06:00,2011-08-11 10:14:00,82,103,1.4189233576642335,121,82,0
21275,ZINC TOP  2 DOOR WOODEN SHELF ,270.08,13,2010-12-08 13:28:00,2011-11-10 18:04:00,11,12,20.775384615384613,29,11,0
21277,FRENCH STYLE EMBOSSED HEART CABINET,571.43,26,2010-12-05 15:12:00,2011-11-23 15:44:00,21,22,21.97807692307692,16,21,0
21278,VINTAGE KITCHEN PRINT PUDDINGS,79.05,31,2011-01-06 14:53:00,2011-07-15 14:05:00,7,7,2.55,147,7,1
21279,VINTAGE KITCHEN PRINT FRUITS,266.15,85,2010-12-01 17:06:00,2011-12-04 14:55:00,25,29,3.131176470588235,5,25,0
21280,VINTAGE KITCHEN PRINT VEGETABLES,165.75,65,2011-01-10 15:51:00,2011-11-09 17:47:00,12,12,2.55,30,12,0
21281,VINTAGE KITCHEN PRINT SEAFOOD,129.63,43,2010-12-01 17:06:00,2011-11-09 17:47:00,12,14,3.0146511627906976,30,12,0
21284,RETROSPOT CANDLE  SMALL,374.49,403,2010-12-09 14:09:00,2011-12-08 17:12:00,34,42,0.9292555831265509,1,34,0
21285,RETROSPOT CANDLE  MEDIUM,413.88,365,2010-12-08 14:25:00,2011-12-08 17:12:00,31,43,1.133917808219178,1,31,0
21286,RETROSPOT CANDLE  LARGE,362.12,273,2010-12-03 11:36:00,2011-12-08 15:54:00,24,30,1.3264468864468864,1,24,0
21287,SCENTED VELVET LOUNGE CANDLE ,760.15,1790,2010-12-03 15:45:00,2011-12-06 12:26:00,44,55,0.42466480446927374,4,44,0
21288,STRIPEY CHOCOLATE NESTING BOXES,1061.41,355,2010-12-01 17:06:00,2011-12-08 09:28:00,89,110,2.989887323943662,2,89,0
21289,LARGE STRIPES CHOCOLATE GIFT BAG,708.75,567,2010-12-06 10:36:00,2011-12-08 09:28:00,46,49,1.25,2,46,0
21291,SMALL POLKADOT CHOCOLATE GIFT BAG ,819.64,943,2010-12-06 09:58:00,2011-11-28 14:37:00,44,52,0.8691834570519618,11,44,0
21292,SMALL STRIPES CHOCOLATE GIFT BAG ,594.51,867,2010-12-01 12:43:00,2011-12-06 15:10:00,25,28,0.6857093425605536,3,25,0
21293,MIRRORED DOVE WALL DECORATION,276.72,116,2010-12-13 11:21:00,2011-12-05 17:17:00,24,24,2.3855172413793104,4,24,0
21294,ETCHED GLASS COASTER,825.49,1618,2010-12-05 12:26:00,2011-10-26 14:42:00,64,71,0.5101915945611867,44,64,0
21306,SET/4 DAISY MIRROR MAGNETS,192.73999999999998,494,2010-12-05 15:12:00,2011-12-05 11:49:00,41,44,0.390161943319838,5,41,0
21307,SET/4 BUTTERFLY MIRROR MAGNETS,39.199999999999996,79,2010-12-05 15:12:00,2011-07-13 12:06:00,12,13,0.49620253164556954,150,12,1
21310,CAPIZ CHANDELIER,29.95,1,2011-05-24 13:22:00,2011-05-24 13:22:00,1,1,29.95,199,1,1
21311,SET/4 BIRD MIRROR MAGNETS ,181.32999999999998,459,2010-12-05 15:12:00,2011-12-04 15:19:00,45,51,0.39505446623093676,5,45,0
21313,GLASS HEART T-LIGHT HOLDER ,2893.77,3321,2010-12-01 14:32:00,2011-12-09 12:00:00,146,214,0.8713550135501354,1,146,0
21314,SMALL GLASS HEART TRINKET POT,9798.980000000001,4246,2010-12-01 10:47:00,2011-12-09 12:00:00,239,541,2.3078144135657093,1,239,2
21316,SMALL CHUNKY GLASS ROMAN  BOWL,214.73000000000002,159,2010-12-07 15:28:00,2011-04-10 13:36:00,12,15,1.3505031446540883,243,12,1
21317,GLASS SPHERE CANDLE STAND MEDIUM,684.08,111,2010-12-09 16:27:00,2011-12-06 10:27:00,31,34,6.162882882882883,4,31,0
21318,GLASS CHALICE BLUE SMALL ,421.78,694,2010-12-10 14:59:00,2011-05-09 16:30:00,34,49,0.6077521613832852,214,34,1
21319,GLASS CHALICE GREEN  SMALL ,175.78,161,2010-12-06 09:58:00,2011-04-10 13:36:00,17,19,1.0918012422360248,243,17,1
21320,GLASS CHALICE GREEN  LARGE ,364.22,197,2011-01-20 18:01:00,2011-04-07 13:09:00,15,19,1.848832487309645,246,15,1
21324,HANGING MEDINA LANTERN SMALL,259.67,81,2010-12-01 09:53:00,2011-05-09 16:37:00,26,28,3.2058024691358025,214,26,1
21326,AGED GLASS SILVER T-LIGHT HOLDER,6859.27,10535,2010-12-01 11:45:00,2011-12-09 11:56:00,193,340,0.6510934978642621,1,193,2
21327,SKULLS WRITING SET ,1484.1299999999999,864,2010-12-01 12:23:00,2011-12-09 10:26:00,161,252,1.7177430555555555,1,161,0
21328,BALLOONS  WRITING SET ,2410.43,1337,2010-12-01 11:21:00,2011-12-09 11:34:00,180,346,1.802864622288706,1,180,0
21329,DINOSAURS  WRITING SET ,1723.6899999999998,941,2010-12-01 12:23:00,2011-12-09 11:34:00,162,287,1.8317640807651432,1,162,0
21331,MOROCCAN BEATEN METAL DISH LARGE,165.74,12,2010-12-13 15:12:00,2011-11-16 15:52:00,8,8,13.811666666666667,23,8,0
21332,MOROCCAN BEATEN METAL MIRROR,268.1,19,2011-01-09 15:13:00,2011-08-15 14:51:00,13,13,14.110526315789475,116,13,0
21333,CLASSIC WHITE FRAME,168.16000000000003,56,2010-12-01 13:23:00,2011-04-05 12:37:00,15,16,3.002857142857143,249,15,1
21336,GOLD WASHBAG,54.57,27,2010-12-06 14:46:00,2011-06-29 15:58:00,10,10,2.0211111111111113,163,10,1
21340,CLASSIC METAL BIRDCAGE PLANT HOLDER,11300.02,975,2010-12-01 09:53:00,2011-12-07 12:55:00,176,290,11.589764102564104,2,176,2
21344,MOROCCAN BEATEN METAL DISH,160.09,15,2011-01-26 16:43:00,2011-12-08 12:54:00,6,6,10.672666666666666,1,6,0
21348,PINK SPOTS CHOCOLATE NESTING BOXES ,361.55999999999995,140,2010-12-16 10:38:00,2011-01-26 10:51:00,5,6,2.5825714285714283,318,5,1
21349,IVY HEART WREATH,155.6,18,2010-12-01 14:32:00,2011-11-01 15:55:00,9,11,8.644444444444444,38,9,0
21351,CINAMMON & ORANGE WREATH,672.88,104,2010-12-01 15:35:00,2011-12-09 12:20:00,28,34,6.47,1,28,0
21352,EUCALYPTUS & PINECONE  WREATH,1511.2600000000002,378,2010-12-01 14:32:00,2011-11-15 16:42:00,52,77,3.9980423280423287,24,52,0
21354,TOAST ITS - BEST MUM,1007.71,799,2010-12-01 14:32:00,2011-12-01 11:18:00,75,95,1.2612140175219024,9,75,0
21355,TOAST ITS - I LOVE YOU ,992.58,789,2010-12-02 10:39:00,2011-12-09 11:34:00,65,120,1.258022813688213,1,65,0
21356,TOAST ITS - FAIRY FLOWER,703.3,642,2010-12-01 17:06:00,2011-12-09 10:03:00,106,151,1.0954828660436136,1,106,0
21357,TOAST ITS - DINOSAUR,23.75,19,2010-12-02 15:46:00,2011-03-28 12:52:00,8,10,1.25,256,8,1
21358,TOAST ITS - HAPPY BIRTHDAY,493.29,411,2010-12-01 12:43:00,2011-12-08 09:20:00,88,108,1.20021897810219,2,88,0
21359,RELAX LARGE WOOD LETTERS,844.28,129,2010-12-06 09:58:00,2011-08-11 14:54:00,23,29,6.544806201550387,120,23,0
21360,JOY LARGE WOOD LETTERS,236.17,39,2010-12-02 09:44:00,2011-06-06 15:31:00,15,16,6.055641025641025,186,15,1
21361,LOVE LARGE WOOD LETTERS ,1505.96,106,2010-12-03 11:13:00,2011-07-22 17:21:00,53,69,14.207169811320755,140,53,1
21363,HOME SMALL WOOD LETTERS,1403.94,243,2010-12-01 09:59:00,2011-09-25 14:33:00,88,125,5.777530864197531,75,88,0
21364,PEACE SMALL WOOD LETTERS,222.96,30,2010-12-02 08:52:00,2011-10-13 12:38:00,19,24,7.432,58,19,0
21365,MIRRORED WALL ART STARS,447.09000000000003,363,2010-12-01 14:32:00,2011-12-08 19:24:00,47,52,1.2316528925619836,1,47,0
21366,MIRRORED WALL ART PHOTO FRAMES,470.16999999999996,89,2010-12-01 14:32:00,2011-12-07 15:07:00,38,46,5.282808988764044,2,38,0
21367,MIRRORED WALL ART GENTS,199.48999999999998,171,2010-12-01 12:31:00,2011-12-05 17:17:00,36,43,1.1666081871345029,4,36,0
21368,MIRRORED WALL ART LADIES,143.28,163,2011-01-16 11:07:00,2011-12-05 11:31:00,29,33,0.8790184049079754,5,29,0
21369,MIRRORED WALL ART SPLODGES,161.49,101,2010-12-01 14:32:00,2011-12-05 11:31:00,15,16,1.598910891089109,5,15,0
21370,MIRRORED WALL ART FOXY,100.66000000000001,16,2010-12-01 12:31:00,2011-12-07 16:56:00,8,9,6.291250000000001,2,8,0
21371,MIRRORED WALL ART POPPIES,319.71,287,2011-01-13 09:30:00,2011-12-08 19:24:00,35,38,1.11397212543554,1,35,0
21372,MIRRORED WALL ART TABLE LAMP,107.75,75,2010-12-01 14:32:00,2011-11-28 15:54:00,30,33,1.4366666666666668,11,30,0
21373,MIRRORED WALL ART SNOWFLAKES,389.04,512,2011-06-07 10:44:00,2011-12-07 15:07:00,39,47,0.75984375,2,39,0
21374,MIRRORED WALL ART SKULLS,463.79,304,2010-12-01 16:21:00,2011-12-01 11:10:00,40,46,1.525625,9,40,0
21375,LARGE CAMPHOR WOOD FIELD MUSHROOM ,312.77,41,2010-12-06 16:57:00,2011-12-04 10:11:00,26,27,7.628536585365853,6,26,0
21376,LARGE  TALL CAMPHOR WOOD TOADSTOOL ,192.81,33,2010-12-08 12:46:00,2011-12-04 10:11:00,17,17,5.842727272727273,6,17,0
21377,SMALL CAMPHOR WOOD FIELD  MUSHROOM,215.67999999999998,121,2010-12-03 12:24:00,2011-12-08 09:28:00,40,41,1.782479338842975,2,40,0
21378,SMALL TALL CAMPHOR WOOD TOADSTOOL,217.89,142,2010-12-12 11:26:00,2011-12-09 10:03:00,33,34,1.5344366197183097,1,33,0
21379,CAMPHOR WOOD PORTOBELLO MUSHROOM,246.82999999999998,178,2010-12-03 12:24:00,2011-12-09 10:03:00,46,50,1.3866853932584269,1,46,0
21380,WOODEN HAPPY BIRTHDAY GARLAND,6307.51,2165,2010-12-01 17:35:00,2011-12-02 10:22:00,179,290,2.9133995381062356,8,179,2
21381,MINI WOODEN HAPPY BIRTHDAY GARLAND,3131.24,1811,2010-12-02 11:41:00,2011-12-06 11:58:00,167,224,1.7290115958034233,4,167,0
21382,SET/4 SPRING FLOWER DECORATION,1376.53,1143,2010-12-09 13:03:00,2011-12-01 12:01:00,94,128,1.2043132108486438,9,94,0
21383,PACK OF 12 STICKY BUNNIES,751.28,991,2010-12-02 11:41:00,2011-12-09 10:03:00,113,167,0.7581029263370332,1,113,0
21385,IVORY HANGING DECORATION  HEART,3442.45,3883,2010-12-01 14:32:00,2011-12-08 09:28:00,188,317,0.8865439093484418,2,188,2
21386,IVORY HANGING DECORATION  EGG,285.64,709,2010-12-15 10:17:00,2011-12-04 12:32:00,45,51,0.40287729196050776,6,45,0
21389,IVORY HANGING DECORATION  BIRD,964.2299999999999,1113,2010-12-06 10:08:00,2011-12-04 13:55:00,95,128,0.8663342318059298,5,95,0
21390,FILIGRIS HEART WITH BUTTERFLY,4848.13,3903,2010-12-02 11:41:00,2011-12-08 09:20:00,139,212,1.2421547527542915,2,139,0
21391,FRENCH LAVENDER SCENT HEART,1055.59,1069,2010-12-06 10:08:00,2011-11-21 11:57:00,80,106,0.9874555659494855,19,80,0
21392,RED POLKADOT PUDDING BOWL,46.39,34,2010-12-02 15:46:00,2011-03-17 19:01:00,7,7,1.3644117647058824,267,7,1
21393,BLUE POLKADOT PUDDING BOWL,38.67,29,2010-12-02 15:46:00,2011-03-28 12:23:00,7,7,1.333448275862069,257,7,1
21394,RED POLKADOT BEAKER ,1603.77,3865,2010-12-23 11:46:00,2011-11-13 11:55:00,93,131,0.4149469598965071,27,93,0
21395,BLUE POLKADOT BEAKER ,1139.06,2838,2011-03-11 16:21:00,2011-11-03 16:56:00,70,90,0.4013601127554616,36,70,0
21397,BLUE POLKADOT EGG CUP ,550.43,1075,2010-12-06 09:58:00,2011-05-09 16:30:00,40,65,0.5120279069767442,214,40,1
21398,RED POLKADOT COFFEE  MUG,729.6,1532,2010-12-01 16:57:00,2011-04-19 16:52:00,42,63,0.47624020887728463,234,42,1
21399,BLUE POLKADOT COFFEE MUG,869.6099999999999,2054,2010-12-02 15:46:00,2011-06-05 10:50:00,50,71,0.4233739045764362,188,50,1
21400,RED PUDDING SPOON,128.63,881,2010-12-16 11:53:00,2011-12-08 16:30:00,63,72,0.14600454029511917,1,63,0
21401,BLUE PUDDING SPOON,151.19,1052,2010-12-05 15:12:00,2011-12-08 16:30:00,67,82,0.14371673003802282,1,67,0
21402,RED  EGG  SPOON,185.51999999999998,1369,2010-12-17 16:59:00,2011-12-09 10:03:00,81,92,0.13551497443389335,1,81,0
21403,BLUE EGG  SPOON,322.18,1857,2010-12-06 10:08:00,2011-12-08 16:30:00,88,106,0.1734948842218632,1,88,0
21407,BROWN CHECK CAT DOORSTOP ,1421.11,290,2010-12-01 14:32:00,2011-11-22 11:18:00,108,138,4.900379310344827,18,108,0
21408,SPOTTY PINK DUCK DOORSTOP,1282.81,285,2010-12-01 14:32:00,2011-12-09 10:03:00,86,117,4.501087719298245,1,86,0
21410,COUNTRY COTTAGE  DOORSTOP GREEN,8.47,1,2010-12-07 15:32:00,2010-12-07 15:32:00,1,1,8.47,367,1,1
21411,GINGHAM HEART  DOORSTOP RED,2961.83,785,2010-12-01 09:59:00,2011-12-09 10:26:00,150,241,3.773031847133758,1,150,0
21413,PERIWINKLE T-LIGHT HOLDER,75.02,48,2010-12-05 12:42:00,2011-11-13 15:29:00,15,17,1.5629166666666665,26,15,0
21414,SCALLOP SHELL SOAP DISH,2.1,1,2011-02-22 16:13:00,2011-02-22 16:13:00,1,1,2.1,290,1,1
21415,CLAM SHELL SMALL ,446.02000000000004,219,2010-12-02 13:49:00,2011-12-08 15:31:00,46,46,2.0366210045662103,1,46,0
21416,CLAM SHELL LARGE,18.75,5,2010-12-02 13:49:00,2011-03-22 16:08:00,4,4,3.75,262,4,1
21417,COCKLE SHELL DISH,629.8000000000001,340,2010-12-02 13:49:00,2011-12-09 11:56:00,59,68,1.8523529411764708,1,59,0
21418,STARFISH SOAP DISH,189.75,74,2010-12-10 14:59:00,2011-12-07 13:53:00,25,25,2.564189189189189,2,25,0
21420,OYSTER TRINKET BOX,120.41,53,2010-12-10 14:59:00,2011-12-07 16:47:00,18,19,2.2718867924528303,2,18,0
21421,PORCELAIN ROSE LARGE ,348.43000000000006,299,2010-12-02 07:48:00,2011-05-24 14:00:00,14,14,1.1653177257525085,199,14,1
21422,PORCELAIN ROSE SMALL,1295.0,1607,2010-12-02 07:48:00,2011-11-28 15:54:00,53,63,0.805849408836341,11,53,0
21424,WOODLAND STORAGE BOX LARGE ,1401.02,346,2010-12-17 15:58:00,2011-10-25 17:31:00,56,70,4.049190751445087,45,56,0
21425,SKULLS STORAGE BOX LARGE,320.49,87,2010-12-16 13:33:00,2011-12-06 16:34:00,28,30,3.683793103448276,3,28,0
21426,WOODLAND STORAGE BOX SMALL,624.58,256,2010-12-02 15:46:00,2011-12-05 11:48:00,44,46,2.439765625,5,44,0
21427,SKULLS STORAGE BOX SMALL,256.44,96,2010-12-01 12:43:00,2011-12-06 16:34:00,37,41,2.67125,3,37,0
21428,SET3 BOOK BOX GREEN GINGHAM FLOWER ,5163.63,1207,2010-12-02 11:22:00,2011-12-06 14:35:00,166,262,4.278069594034797,3,166,0
21429,RED GINGHAM ROSE JEWELLERY BOX,3391.1499999999996,1740,2010-12-01 14:03:00,2011-12-08 16:30:00,130,286,1.9489367816091951,1,130,0
21430,SET/3 RED GINGHAM ROSE STORAGE BOX,11905.95,3034,2010-12-02 11:41:00,2011-12-09 10:26:00,220,477,3.9241760052735666,1,220,2
21439,BASKET OF TOADSTOOLS,1767.15,1430,2010-12-01 17:06:00,2011-12-08 13:50:00,100,130,1.2357692307692307,1,100,0
21441,BLUE BIRDHOUSE DECORATION,292.03,421,2010-12-01 12:36:00,2011-12-08 14:53:00,54,62,0.6936579572446555,1,54,0
21442,GREEN BIRDHOUSE DECORATION,307.94,437,2010-12-08 14:25:00,2011-12-08 15:54:00,51,59,0.7046681922196796,1,51,0
21445,12 PINK ROSE PEG PLACE SETTINGS,267.5,214,2010-12-05 12:15:00,2011-07-22 13:53:00,19,21,1.25,140,19,1
21446,12 RED ROSE PEG PLACE SETTINGS,630.92,449,2010-12-03 11:36:00,2011-12-08 19:28:00,84,105,1.4051670378619152,1,84,0
21447,12 IVORY ROSE PEG PLACE SETTINGS,1478.1,969,2010-12-01 17:06:00,2011-09-21 15:43:00,106,148,1.5253869969040246,79,106,0
21448,12 DAISY PEGS IN WOOD BOX,592.6199999999999,344,2010-12-01 11:49:00,2011-10-16 12:06:00,66,77,1.7227325581395345,55,66,0
21452,TOADSTOOL MONEY BOX,2549.11,817,2010-12-01 13:17:00,2011-12-08 16:30:00,132,184,3.1200856793145655,1,132,0
21454,PAINTED PINK RABBIT ,485.15999999999997,572,2010-12-10 13:27:00,2011-12-08 09:20:00,92,136,0.8481818181818181,2,92,0
21455,PAINTED YELLOW WOODEN DAISY,516.79,612,2010-12-17 14:54:00,2011-12-07 13:12:00,85,117,0.8444281045751634,2,85,0
21456,2 PICTURE BOOK EGGS EASTER CHICKS,222.22,171,2011-01-23 13:58:00,2011-12-07 14:39:00,19,25,1.29953216374269,2,19,0
21457,2 PICTURE BOOK EGGS EASTER DUCKS,165.89,124,2011-01-23 13:25:00,2011-11-09 15:09:00,22,25,1.3378225806451611,30,22,0
21458,2 PICTURE BOOK EGGS EASTER BUNNY,256.54,182,2011-01-17 15:19:00,2011-11-09 15:09:00,28,36,1.4095604395604397,30,28,0
21459,YELLOW EASTER EGG HUNT START POST,150.38,76,2011-01-14 09:52:00,2011-04-18 14:50:00,18,19,1.9786842105263158,235,18,1
21460,GREEN EASTER EGG HUNT START POST,56.779999999999994,28,2011-01-14 09:52:00,2011-03-23 11:48:00,11,11,2.0278571428571426,262,11,1
21461,BLUE EASTER EGG HUNT START POST,23.86,10,2011-01-16 16:23:00,2011-04-06 17:08:00,5,6,2.386,247,5,1
21462,"NURSERY A,B,C PAINTED LETTERS",932.4,198,2010-12-01 15:35:00,2011-12-09 10:20:00,60,73,4.709090909090909,1,60,0
21463,MIRRORED DISCO BALL ,3435.05,649,2010-12-01 11:21:00,2011-12-07 10:11:00,102,134,5.292835130970724,3,102,0
21464,DISCO BALL ROTATOR BATTERY OPERATED,1055.25,249,2010-12-01 11:21:00,2011-12-01 14:38:00,85,105,4.2379518072289155,8,85,0
21465,PINK FLOWER CROCHET FOOD COVER,897.8,237,2010-12-02 13:32:00,2011-12-01 12:55:00,69,79,3.7881856540084384,8,69,0
21466,RED FLOWER CROCHET FOOD COVER,1116.89,304,2010-12-01 13:54:00,2011-12-08 16:30:00,94,112,3.6739802631578953,1,94,0
21467,CHERRY CROCHET FOOD COVER,1004.39,264,2010-12-01 13:54:00,2011-12-09 10:03:00,84,104,3.804507575757576,1,84,0
21468,BUTTERFLY CROCHET FOOD COVER,572.23,148,2010-12-05 12:29:00,2011-11-29 13:06:00,58,66,3.866418918918919,10,58,0
21469,POLKA DOT RAFFIA FOOD COVER,1085.32,290,2010-12-01 13:54:00,2011-12-07 08:45:00,77,89,3.7424827586206892,3,77,0
21470,FLOWER VINE RAFFIA FOOD COVER,1470.32,381,2010-12-02 13:32:00,2011-12-08 09:20:00,112,140,3.859107611548556,2,112,0
21471,STRAWBERRY RAFFIA FOOD COVER,2220.59,639,2010-12-01 13:54:00,2011-12-09 10:03:00,119,163,3.4751017214397497,1,119,0
21472,LADYBIRD + BEE RAFFIA FOOD COVER,476.41,123,2010-12-01 17:15:00,2011-07-15 15:32:00,35,37,3.8732520325203255,147,35,1
21473,SWEETHEART CREAM STEEL TABLE RECT,618.66,27,2010-12-13 15:26:00,2011-11-20 15:35:00,20,21,22.91333333333333,19,20,0
21476,STEEL SWEETHEART ROUND TABLE CREAM,699.63,41,2011-01-25 14:33:00,2011-10-19 13:58:00,23,24,17.064146341463413,51,23,0
21479,WHITE SKULL HOT WATER BOTTLE ,20582.2,3915,2010-12-01 10:52:00,2011-12-09 11:56:00,163,499,5.257266922094509,1,163,2
21481,FAWN BLUE HOT WATER BOTTLE,11443.87,3307,2010-12-01 12:08:00,2011-12-09 11:59:00,174,490,3.460498941638948,1,174,2
21484,CHICK GREY HOT WATER BOTTLE,8495.42,1871,2010-12-01 10:47:00,2011-12-09 10:23:00,170,402,4.5405772314270445,1,170,2
21485,RETROSPOT HEART HOT WATER BOTTLE,17663.98,3524,2010-12-01 10:19:00,2011-12-09 11:26:00,190,623,5.012480136208853,1,190,2
21486,PINK HEART DOTS HOT WATER BOTTLE,147.88,36,2010-12-01 12:43:00,2010-12-07 18:36:00,6,11,4.107777777777778,367,6,1
21488,RED WHITE SCARF  HOT WATER BOTTLE,566.1700000000001,69,2010-12-01 12:35:00,2011-03-01 09:55:00,8,16,8.205362318840582,284,8,1
21491,SET OF THREE VINTAGE GIFT WRAPS,1.95,1,2010-12-16 17:31:00,2010-12-16 17:31:00,1,1,1.95,358,1,1
21494,ROTATING LEAVES T-LIGHT HOLDER,3571.33,1928,2010-12-01 11:58:00,2011-12-09 10:26:00,152,313,1.8523495850622407,1,152,0
21495,SKULLS AND CROSSBONES WRAP,2356.0,5800,2010-12-01 14:41:00,2011-12-08 15:03:00,122,165,0.40620689655172415,1,122,0
21497,FANCY FONTS BIRTHDAY WRAP,3409.0,8550,2010-12-01 13:23:00,2011-12-09 12:16:00,160,230,0.3987134502923977,1,160,2
21498,RED RETROSPOT WRAP ,4311.92,10526,2010-12-01 13:23:00,2011-12-08 15:03:00,193,336,0.4096446893406802,1,193,2
21499,BLUE POLKADOT WRAP,2809.34,6927,2010-12-02 15:19:00,2011-12-08 12:29:00,153,217,0.405563736105096,2,153,2
21500,PINK POLKADOT WRAP ,2593.0,6350,2010-12-02 15:00:00,2011-12-05 09:03:00,153,213,0.40834645669291336,5,153,2
21503,TOYBOX  WRAP ,288.92,726,2010-12-19 14:41:00,2011-11-30 16:43:00,22,23,0.3979614325068871,9,22,0
21504,SKULLS GREETING CARD,778.89,1891,2010-12-02 13:14:00,2011-12-07 13:46:00,90,115,0.4118931782125859,2,90,0
21506,"FANCY FONT BIRTHDAY CARD, ",2085.89,4922,2010-12-01 10:39:00,2011-12-09 12:16:00,185,323,0.42378911011783826,1,185,2
21507,"ELEPHANT, BIRTHDAY CARD, ",1420.24,3320,2010-12-01 14:32:00,2011-12-09 12:16:00,163,262,0.42778313253012046,1,163,0
21508,VINTAGE KID DOLLY CARD ,1041.94,2478,2010-12-02 15:19:00,2011-12-09 10:03:00,145,213,0.4204761904761905,1,145,0
21509,COWBOYS AND INDIANS BIRTHDAY CARD ,1572.28,3741,2010-12-01 16:21:00,2011-12-09 10:03:00,174,274,0.4202833466987436,1,174,0
21518,BANK ACCOUNT  GREETING  CARD ,132.44,318,2010-12-02 10:39:00,2011-07-12 16:11:00,30,38,0.41647798742138364,150,30,1
21519,GIN & TONIC DIET GREETING CARD ,1389.22,3299,2010-12-01 13:23:00,2011-12-08 17:12:00,160,246,0.4211033646559564,1,160,0
21520,BOOZE & WOMEN GREETING CARD ,214.19,504,2010-12-01 13:24:00,2011-12-05 17:28:00,51,58,0.4249801587301587,4,51,0
21523,DOORMAT FANCY FONT HOME SWEET HOME,21593.74,3245,2010-12-01 09:41:00,2011-12-09 10:26:00,227,502,6.6544653312788915,1,227,2
21524,DOORMAT SPOTTY HOME SWEET HOME,13572.06,1752,2010-12-01 13:54:00,2011-12-08 20:01:00,234,480,7.746609589041095,1,234,2
21527,RED RETROSPOT TRADITIONAL TEAPOT ,3724.9900000000002,477,2010-12-02 11:41:00,2011-05-15 16:02:00,66,144,7.809203354297694,208,66,1
21528,DAIRY MAID TRADITIONAL TEAPOT ,1557.57,215,2010-12-02 19:18:00,2011-12-09 10:03:00,95,111,7.244511627906976,1,95,0
21530,DAIRY MAID TOASTRACK,769.57,777,2010-12-02 19:18:00,2011-12-08 16:30:00,86,104,0.9904375804375805,1,86,0
21531,RED RETROSPOT SUGAR JAM BOWL,3682.17,1516,2010-12-02 18:08:00,2011-12-07 08:03:00,171,246,2.4288720316622694,3,171,0
21533,RETROSPOT LARGE MILK JUG,6651.72,1351,2010-12-01 09:41:00,2011-12-09 08:48:00,206,339,4.923552923760178,1,206,2
21534,DAIRY MAID LARGE MILK JUG,1879.18,370,2010-12-06 10:08:00,2011-12-07 11:42:00,123,155,5.078864864864865,3,123,0
21535,RED RETROSPOT SMALL MILK JUG,5986.01,2487,2010-12-09 14:25:00,2011-12-08 17:24:00,203,343,2.406919983916365,1,203,2
21537,RED RETROSPOT PUDDING BOWL,1387.96,332,2010-12-01 17:06:00,2011-12-07 08:45:00,56,61,4.180602409638555,3,56,0
21538,DAIRY MAID  PUDDING BOWL,18.75,5,2010-12-02 11:41:00,2010-12-09 13:34:00,2,2,3.75,365,2,1
21539,RED RETROSPOT BUTTER DISH,4743.900000000001,969,2010-12-02 15:18:00,2011-11-01 14:54:00,161,238,4.895665634674923,38,161,0
21544,SKULLS  WATER TRANSFER TATTOOS ,1687.6799999999998,1972,2010-12-01 11:41:00,2011-12-09 10:03:00,127,174,0.8558215010141987,1,127,0
21547,CERAMIC BIRDHOUSE CRESTED TIT SMALL,253.53000000000003,79,2010-12-01 17:06:00,2011-03-22 13:11:00,19,22,3.2092405063291145,262,19,1
21555,CERAMIC STRAWBERRY TRINKET TRAY,350.46999999999997,137,2010-12-05 11:57:00,2011-12-06 16:26:00,56,69,2.558175182481752,3,56,0
21556,CERAMIC STRAWBERRY MONEY BOX,2515.52,977,2010-12-01 12:08:00,2011-11-23 12:20:00,91,114,2.5747389969293755,17,91,0
21557,SET OF 6 FUNKY BEAKERS,1843.6100000000001,551,2010-12-01 09:41:00,2011-12-09 10:26:00,114,162,3.3459346642468244,1,114,0
21558,SKULL LUNCH BOX WITH CUTLERY ,5550.219999999999,2131,2010-12-03 11:28:00,2011-12-09 10:26:00,229,412,2.6045143125293286,1,229,2
21559,STRAWBERRY LUNCH BOX WITH CUTLERY,9735.38,3933,2010-12-01 09:37:00,2011-12-09 10:13:00,245,573,2.475306381896771,1,245,2
21561,DINOSAUR LUNCH BOX WITH CUTLERY,3127.38,1281,2010-12-02 12:28:00,2011-12-08 16:30:00,146,213,2.4413583138173305,1,146,0
21562,HAWAIIAN GRASS SKIRT ,380.36,324,2010-12-10 09:33:00,2011-11-21 12:53:00,27,28,1.1739506172839507,18,27,0
21563,RED HEART SHAPE LOVE BUCKET ,2803.13,1395,2010-12-01 14:32:00,2011-12-09 10:46:00,111,159,2.0094121863799286,1,111,0
21564,PINK  HEART SHAPE LOVE BUCKET ,1831.6200000000001,1042,2010-12-01 14:32:00,2011-12-09 10:46:00,95,123,1.7577927063339733,1,95,0
21576,LETS GO SHOPPING COTTON TOTE BAG,585.34,252,2010-12-01 14:05:00,2011-12-08 11:25:00,64,78,2.322777777777778,2,64,0
21577,SAVE THE PLANET COTTON TOTE BAG,1664.8999999999999,720,2010-12-01 12:31:00,2011-12-08 16:30:00,127,175,2.312361111111111,1,127,0
21578,WOODLAND DESIGN  COTTON TOTE BAG,1657.76,746,2010-12-02 15:46:00,2011-12-05 11:48:00,97,127,2.2221983914209114,5,97,0
21579,LOLITA  DESIGN  COTTON TOTE BAG,409.72,176,2010-12-01 14:05:00,2011-12-06 12:19:00,48,50,2.3279545454545456,4,48,0
21580,RABBIT  DESIGN  COTTON TOTE BAG,444.07,181,2010-12-05 13:21:00,2011-12-08 09:20:00,51,62,2.453425414364641,2,51,0
21581,SKULLS  DESIGN  COTTON TOTE BAG,590.67,252,2010-12-02 15:46:00,2011-12-08 10:53:00,66,79,2.343928571428571,2,66,0
21584,RETROSPOT SMALL TUBE MATCHES,1743.35,1059,2010-12-01 12:23:00,2011-12-07 12:21:00,105,146,1.646222851746931,3,105,0
21586,KINGS CHOICE GIANT TUBE MATCHES,1721.85,743,2010-12-01 12:15:00,2011-11-07 11:16:00,51,67,2.31742934051144,33,51,0
21587,COSY HOUR GIANT TUBE MATCHES,475.65,195,2010-12-01 11:21:00,2011-10-18 10:53:00,14,26,2.439230769230769,53,14,0
21588,RETROSPOT GIANT TUBE MATCHES,3442.5,1494,2010-12-01 12:43:00,2011-12-08 11:43:00,88,132,2.3042168674698793,2,88,0
21591,COSY HOUR CIGAR BOX MATCHES ,1996.1399999999999,1374,2010-12-01 12:15:00,2011-12-09 11:34:00,85,146,1.4527947598253275,1,85,0
21592,RETROSPOT CIGAR BOX MATCHES ,2149.07,2149,2010-12-01 11:21:00,2011-12-08 14:39:00,129,216,1.0000325732899022,1,129,0
21594,Dr. Jam's Arouzer Stress Ball,8.34,2,2010-12-01 17:06:00,2011-01-14 14:06:00,2,2,4.17,329,2,1
21595,Dad's Cab Electronic Meter,16.94,2,2010-12-06 16:57:00,2010-12-07 15:28:00,2,2,8.47,367,2,1
21609,SET 12 LAVENDER  BOTANICAL T-LIGHTS,2086.69,763,2010-12-01 11:45:00,2011-08-30 14:09:00,62,76,2.734849279161206,101,62,0
21613,S/12 VANILLA  BOTANICAL T-LIGHTS,661.9300000000001,227,2010-12-05 16:24:00,2011-10-27 13:33:00,39,42,2.915991189427313,43,39,0
21614,SET OF 12 ROSE BOTANICAL T-LIGHTS,153.29000000000002,51,2011-03-31 16:43:00,2011-05-31 10:43:00,8,9,3.0056862745098045,193,8,1
21615,4 LAVENDER BOTANICAL DINNER CANDLES,1347.92,891,2010-12-09 12:20:00,2011-12-09 10:03:00,80,135,1.5128170594837262,1,80,0
21616,4 PEAR BOTANICAL DINNER CANDLES,1288.34,822,2010-12-05 15:12:00,2011-12-09 10:03:00,71,138,1.5673236009732359,1,71,0
21617,4 LILY  BOTANICAL DINNER CANDLES,1009.26,525,2010-12-06 17:16:00,2011-11-21 15:18:00,74,102,1.9223999999999999,18,74,0
21618,4 WILDFLOWER BOTANICAL CANDLES,768.37,404,2010-12-06 10:08:00,2011-11-14 17:40:00,64,91,1.9019059405940595,25,64,0
21619,4 VANILLA BOTANICAL CANDLES,1476.4,974,2010-12-03 11:36:00,2011-12-08 13:50:00,82,164,1.515811088295688,1,82,0
21620,SET OF 4 ROSE BOTANICAL CANDLES,1429.49,881,2010-12-01 16:57:00,2011-12-09 11:26:00,88,165,1.6225766174801362,1,88,0
21621,VINTAGE UNION JACK BUNTING,24525.83,2787,2010-12-01 12:31:00,2011-12-06 13:20:00,228,475,8.800082526013636,3,228,2
21622,VINTAGE UNION JACK CUSHION COVER,1982.64,380,2010-12-01 10:03:00,2011-12-07 14:12:00,80,104,5.2174736842105265,2,80,0
21623,VINTAGE UNION JACK MEMOBOARD,22980.239999999998,3269,2010-12-02 13:32:00,2011-12-08 13:18:00,152,221,7.029746099724686,1,152,2
21624,VINTAGE UNION JACK DOORSTOP,1331.5600000000002,216,2010-12-01 17:29:00,2011-12-08 16:30:00,81,95,6.164629629629631,1,81,0
21625,VINTAGE UNION JACK APRON,2939.51,407,2010-12-01 13:21:00,2011-12-07 15:07:00,131,169,7.222383292383293,2,131,0
21626,VINTAGE UNION JACK PENNANT,1584.8,794,2010-12-05 11:04:00,2011-11-21 16:24:00,73,99,1.9959697732997481,18,73,0
21627,ELEPHANT CARNIVAL POUFFE,1299.83,63,2010-12-06 09:58:00,2011-10-24 14:47:00,45,47,20.63222222222222,46,45,0
21628,TRIANGULAR POUFFE VINTAGE ,1161.65,63,2010-12-09 11:48:00,2011-12-08 11:25:00,31,33,18.43888888888889,2,31,0
21629,SQUARE FLOOR CUSHION VINTAGE RED,672.05,71,2010-12-01 16:57:00,2011-12-08 19:28:00,40,42,9.465492957746479,1,40,0
21630,FLOOR CUSHION ELEPHANT CARNIVAL,718.14,69,2010-12-05 13:17:00,2011-12-07 12:19:00,34,35,10.407826086956522,3,34,0
21631,HIPPY CHIC DECORATIVE PARASOL,896.01,169,2010-12-14 12:59:00,2011-11-17 14:24:00,22,27,5.301834319526627,22,22,0
21632,VINTAGE PINK DECORATIVE PARASOL,489.74,88,2010-12-06 09:58:00,2011-01-18 17:34:00,14,24,5.565227272727273,325,14,1
21633,SUNFLOWER DECORATIVE PARASOL,895.46,125,2010-12-16 17:43:00,2011-11-21 10:27:00,35,42,7.16368,19,35,0
21634,ASSORTED MINI MADRAS NOTEBOOK,481.95,976,2010-12-01 14:32:00,2011-10-16 15:13:00,25,28,0.4938012295081967,54,25,0
21635,MADRAS NOTEBOOK LARGE ,374.96000000000004,271,2010-12-05 12:42:00,2011-07-13 11:00:00,15,16,1.3836162361623618,150,15,1
21636,MADRAS NOTEBOOK MEDIUM,705.16,913,2011-02-10 09:21:00,2011-12-05 14:29:00,59,73,0.772354874041621,4,59,0
21637,ASSORTED SANSKRIT MINI NOTEBOOK,136.25,109,2011-03-20 15:02:00,2011-10-10 15:27:00,6,6,1.25,60,6,0
21638,ASSORTED TUTTI FRUTTI NOTEBOOK,547.76,247,2010-12-01 17:06:00,2011-12-08 13:50:00,38,40,2.217651821862348,1,38,0
21640,ASSORTED TUTTI FRUTTI  FOB NOTEBOOK,633.8299999999999,650,2010-12-03 11:36:00,2011-12-08 13:50:00,66,78,0.9751230769230768,1,66,0
21641,ASSORTED TUTTI FRUTTI KEYRING BALL,451.59,1153,2010-12-01 14:32:00,2011-09-16 13:32:00,41,49,0.3916652211621856,84,41,0
21642,ASSORTED TUTTI FRUTTI PEN,830.7299999999999,2471,2010-12-03 14:54:00,2011-12-09 10:03:00,72,101,0.3361918251719951,1,72,0
21643,ASSORTED TUTTI FRUTTI MIRROR,743.31,550,2010-12-01 16:57:00,2011-11-15 14:32:00,51,60,1.3514727272727272,24,51,0
21644,ASSORTED TUTTI FRUTTI HEART BOX,268.75,215,2010-12-06 13:13:00,2011-11-27 16:27:00,30,32,1.25,12,30,0
21647,ASSORTED TUTTI FRUTTI LARGE PURSE,224.70000000000002,107,2010-12-06 12:41:00,2011-11-27 12:00:00,18,25,2.1,13,18,0
21648,ASSORTED TUTTI FRUTTI SMALL PURSE,982.79,729,2010-12-01 17:06:00,2011-12-09 10:03:00,49,66,1.3481344307270233,1,49,0
21650,ASSORTED TUTTI FRUTTI BRACELET,692.85,2550,2010-12-05 12:53:00,2011-12-09 10:03:00,95,132,0.2717058823529412,1,95,0
21651,HANGING GLASS ETCHED TEALIGHT,198.57,127,2010-12-01 12:15:00,2011-02-21 13:51:00,10,11,1.563543307086614,291,10,1
21654,RIDGED GLASS FINGER BOWL,504.68,974,2010-12-01 13:21:00,2011-09-18 12:21:00,53,59,0.5181519507186858,83,53,0
21655,HANGING RIDGE GLASS T-LIGHT HOLDER,60.84,36,2011-01-11 13:54:00,2011-02-11 13:53:00,2,2,1.6900000000000002,301,2,1
21656,RIDGED GLASS POSY VASE ,444.58,219,2010-12-01 17:06:00,2011-05-03 16:06:00,37,47,2.0300456621004566,220,37,1
21657,MILK BOTTLE WITH GLASS STOPPER ,223.46,30,2010-12-01 13:21:00,2011-02-20 13:18:00,15,17,7.448666666666667,292,15,1
21658,GLASS  BEURRE DISH,3709.78,878,2010-12-01 13:21:00,2011-08-11 10:14:00,121,212,4.225261958997723,121,121,0
21661,VINTAGE GLASS TEA CADDY,17.85,3,2011-01-04 11:34:00,2011-02-22 13:20:00,3,3,5.95,290,3,1
21662,VINTAGE GLASS COFFEE CADDY,557.3000000000001,86,2010-12-01 13:21:00,2011-08-15 14:17:00,22,26,6.4802325581395355,116,22,0
21664,RIDGED GLASS STORAGE JAR CREAM LID,350.22,98,2010-12-01 12:49:00,2011-10-17 12:22:00,16,18,3.573673469387755,54,16,0
21666,RIDGED GLASS T-LIGHT HOLDER,283.51,412,2010-12-07 15:28:00,2011-12-06 11:39:00,42,43,0.6881310679611651,4,42,0
21667,GLASS CAKE COVER AND PLATE,29.9,2,2011-01-12 12:31:00,2011-01-12 12:31:00,1,1,14.95,332,1,1
21668,RED STRIPE CERAMIC DRAWER KNOB,7481.16,5494,2010-12-01 15:21:00,2011-12-09 11:34:00,238,437,1.3616963960684383,1,238,2
21669,BLUE STRIPE CERAMIC DRAWER KNOB,7091.15,5252,2010-12-02 10:39:00,2011-12-09 11:34:00,235,425,1.3501808834729625,1,235,2
21670,BLUE SPOT CERAMIC DRAWER KNOB,6083.99,4328,2010-12-01 14:41:00,2011-12-09 11:34:00,223,374,1.4057278188539741,1,223,2
21671,RED SPOT CERAMIC DRAWER KNOB,6054.79,4402,2010-12-01 17:06:00,2011-12-09 10:23:00,217,369,1.3754634257155838,1,217,2
21672,WHITE SPOT RED CERAMIC DRAWER KNOB,6776.0,4992,2010-12-01 09:41:00,2011-12-09 10:23:00,224,409,1.357371794871795,1,224,2
21673,WHITE SPOT BLUE CERAMIC DRAWER KNOB,6041.2,4372,2010-12-02 10:39:00,2011-12-09 11:34:00,210,365,1.3817932296431839,1,210,2
21675,BUTTERFLIES STICKERS,568.26,628,2010-12-03 11:36:00,2011-12-09 10:03:00,82,110,0.9048726114649681,1,82,0
21676,FLOWERS  STICKERS,245.35999999999999,257,2010-12-01 11:45:00,2011-12-05 17:24:00,54,61,0.9547081712062256,4,54,0
21677,HEARTS  STICKERS,737.8399999999999,835,2010-12-03 12:24:00,2011-12-09 10:03:00,92,119,0.8836407185628742,1,92,0
21678,PAISLEY PATTERN  STICKERS,111.86,125,2010-12-01 11:45:00,2011-12-09 10:03:00,28,32,0.89488,1,28,0
21679,SKULLS  STICKERS,1028.58,1140,2010-12-01 14:32:00,2011-12-07 13:53:00,99,138,0.9022631578947368,2,99,0
21680,WOODLAND  STICKERS,786.31,868,2010-12-06 15:13:00,2011-12-09 10:03:00,78,103,0.9058870967741934,1,78,0
21681,GIANT MEDINA STAMPED METAL BOWL ,19.9,2,2011-02-14 13:19:00,2011-02-22 15:00:00,2,2,9.95,290,2,1
21682,LARGE MEDINA STAMPED METAL BOWL ,930.96,182,2010-12-05 12:42:00,2011-12-04 13:00:00,53,55,5.115164835164835,5,53,0
21683,MEDIUM MEDINA STAMPED METAL BOWL ,948.7000000000002,310,2010-12-05 13:49:00,2011-12-05 16:05:00,56,58,3.060322580645162,4,56,0
21684,SMALL MEDINA STAMPED METAL BOWL ,612.1,771,2010-12-01 17:06:00,2011-12-09 12:31:00,42,47,0.7939040207522698,1,42,0
21686,MEDINA STAMPED METAL STOOL,1351.64,35,2010-12-08 12:08:00,2011-10-02 15:33:00,20,20,38.61828571428572,68,20,0
21688,SILVER PLATE CANDLE BOWL SMALL,1101.2800000000002,348,2010-12-01 13:51:00,2011-11-30 09:53:00,55,57,3.1645977011494257,10,55,0
21689,SILVER VANILLA  FLOWER CANDLE POT,369.87,95,2010-12-07 15:39:00,2011-12-06 12:45:00,24,26,3.8933684210526316,4,24,0
21690,SILVER  CANDLEPOT JARDIN ,82.5,22,2010-12-01 13:54:00,2011-01-30 15:48:00,6,7,3.75,313,6,1
21692,SILVER LATTICE VANILLA CANDLE POT,63.75,17,2010-12-06 12:41:00,2011-02-25 11:56:00,7,7,3.75,288,7,1
21693,SMALL HAMMERED SILVER CANDLEPOT ,1107.91,361,2010-12-05 16:24:00,2011-12-06 12:45:00,43,50,3.069002770083103,4,43,0
21694,SMALL REGAL  SILVER CANDLEPOT ,840.33,307,2010-12-01 13:51:00,2011-12-05 14:03:00,22,24,2.7372312703583064,4,22,0
21695,SMALL SILVER FLOWER CANDLE POT,857.6800000000001,284,2010-12-05 14:25:00,2011-12-08 09:28:00,38,41,3.02,2,38,0
21696,SMALL SILVER TRELLIS CANDLEPOT,672.4000000000001,224,2010-12-05 13:03:00,2011-11-23 14:35:00,31,33,3.0017857142857145,16,31,0
21698,MOCK LOBSTER FRIDGE MAGNET,164.17,296,2010-12-01 17:06:00,2011-12-07 16:47:00,40,45,0.5546283783783783,2,40,0
21700,BIG DOUGHNUT FRIDGE MAGNETS,2334.94,1726,2010-12-01 17:06:00,2011-12-07 13:46:00,121,198,1.3528041714947856,2,121,0
21703,BAG 125g SWIRLY MARBLES,3528.89,9390,2010-12-01 14:32:00,2011-12-09 10:03:00,179,294,0.3758136315228967,1,179,2
21704,BAG 250g SWIRLY MARBLES,4039.2799999999997,5144,2010-12-01 14:32:00,2011-12-09 10:03:00,139,248,0.7852410575427682,1,139,0
21705,BAG 500g SWIRLY MARBLES,1462.1699999999998,1459,2010-12-01 11:41:00,2011-12-09 11:26:00,87,141,1.0021727210418094,1,87,0
21706,FOLDING UMBRELLA RED/WHITE POLKADOT,1616.81,346,2010-12-01 11:49:00,2011-12-07 10:35:00,93,120,4.6728612716763,3,93,0
21707,FOLDING UMBRELLA BLACKBLUE POLKADOT,763.6600000000001,160,2010-12-15 15:14:00,2011-12-06 08:55:00,66,74,4.772875000000001,4,66,0
21708,FOLDING UMBRELLA CREAM POLKADOT,863.11,190,2010-12-01 11:49:00,2011-12-05 17:28:00,54,64,4.542684210526316,4,54,0
21709,FOLDING UMBRELLA CHOCOLATE POLKADOT,607.23,133,2010-12-01 17:35:00,2011-12-04 13:45:00,51,59,4.565639097744361,5,51,0
21710,FOLDING UMBRELLA PINKWHITE POLKADOT,501.98,107,2010-12-01 11:49:00,2011-11-25 11:41:00,42,45,4.691401869158879,15,42,0
21711,FOLDING UMBRELLA WHITE/RED POLKADOT,513.02,104,2010-12-01 11:49:00,2011-11-24 14:40:00,35,36,4.932884615384615,15,35,0
21713,CITRONELLA CANDLE FLOWERPOT,1817.74,786,2010-12-06 08:34:00,2011-12-06 16:26:00,107,157,2.31264631043257,3,107,0
21714,CITRONELLA CANDLE GARDEN POT,3010.65,1651,2010-12-02 15:46:00,2011-12-09 10:23:00,135,225,1.8235311932162326,1,135,0
21715,GIRLS VINTAGE TIN SEASIDE BUCKET,3507.17,1330,2010-12-01 12:03:00,2011-12-08 13:50:00,150,231,2.63696992481203,1,150,0
21716,BOYS VINTAGE TIN SEASIDE BUCKET,3872.92,1425,2010-12-01 12:03:00,2011-12-09 10:03:00,146,244,2.717838596491228,1,146,0
21717,EASTER TIN BUCKET,946.93,408,2010-12-08 14:25:00,2011-03-22 11:05:00,29,41,2.320906862745098,263,29,1
21718,RED METAL BEACH SPADE ,2113.39,1493,2010-12-01 12:03:00,2011-12-09 10:03:00,148,229,1.4155324849296718,1,148,0
21719,LOVELY BONBON STICKER SHEET,307.44,345,2010-12-02 10:27:00,2011-12-05 17:28:00,49,58,0.8911304347826087,4,49,0
21720,CAKE SHOP  STICKER SHEET,48.449999999999996,57,2010-12-06 10:19:00,2011-07-26 09:51:00,7,8,0.85,137,7,1
21721,CANDY SHOP  STICKER SHEET,179.45999999999998,195,2010-12-01 14:32:00,2011-12-02 16:39:00,28,33,0.9203076923076922,7,28,0
21722,SWEET PUDDING STICKER SHEET,95.52999999999999,98,2010-12-01 14:32:00,2011-12-08 09:20:00,33,36,0.9747959183673468,2,33,0
21723,ALPHABET HEARTS STICKER SHEET,350.08,397,2010-12-05 13:00:00,2011-12-05 17:28:00,52,59,0.8818136020151133,4,52,0
21724,PANDA AND BUNNIES STICKER SHEET,355.83,408,2010-12-01 08:45:00,2011-12-09 10:03:00,67,81,0.8721323529411764,1,67,0
21725,SWEETIES  STICKERS,277.24,301,2010-12-03 11:36:00,2011-11-17 14:26:00,47,50,0.921063122923588,22,47,0
21726,MULTI HEARTS  STICKERS,204.69,237,2010-12-03 17:20:00,2011-12-07 13:35:00,36,42,0.8636708860759493,2,36,0
21730,GLASS STAR FROSTED T-LIGHT HOLDER,2514.4300000000003,517,2010-12-01 08:26:00,2011-12-07 16:56:00,85,131,4.8635009671179885,2,85,0
21731,RED TOADSTOOL LED NIGHT LIGHT,23919.78,14001,2010-12-01 08:45:00,2011-12-09 10:46:00,270,849,1.7084336833083351,1,270,2
21733,RED HANGING HEART T-LIGHT HOLDER,23199.24,7872,2010-12-01 09:32:00,2011-12-08 14:38:00,250,741,2.9470579268292685,1,250,2
21735,TWO DOOR CURIO CABINET,2577.45,212,2010-12-02 14:47:00,2011-09-16 13:53:00,73,83,12.157783018867924,84,73,0
21736,GOLD SCROLL GLASS T-LIGHT HOLDER,137.22000000000003,80,2010-12-12 16:14:00,2011-04-06 12:08:00,5,5,1.7152500000000004,248,5,1
21738,COSY SLIPPER SHOES SMALL  RED ,144.58,46,2010-12-01 11:49:00,2011-10-20 12:43:00,18,21,3.14304347826087,51,18,0
21739,COSY SLIPPER SHOES SMALL GREEN,703.08,254,2010-12-01 11:49:00,2011-12-09 10:03:00,69,111,2.768031496062992,1,69,0
21741,COSY SLIPPER SHOES LARGE GREEN,480.1700000000001,147,2010-12-02 12:09:00,2011-11-16 12:08:00,34,40,3.2664625850340143,24,34,0
21742,LARGE ROUND WICKER PLATTER ,1167.58,194,2010-12-01 12:49:00,2011-12-08 16:18:00,73,91,6.018453608247422,1,73,0
21743,STAR PORTABLE TABLE LIGHT ,887.6500000000001,299,2010-12-01 11:21:00,2011-09-13 11:24:00,38,49,2.968729096989967,88,38,0
21744,SNOWFLAKE PORTABLE TABLE LIGHT ,1557.65,529,2010-12-01 11:21:00,2011-11-24 13:40:00,65,127,2.9445179584120984,15,65,0
21745,GAOLERS KEYS DECORATIVE GARDEN ,3475.73,935,2010-12-01 17:06:00,2011-12-07 11:43:00,144,214,3.7173582887700536,3,144,0
21746,SMALL RED RETROSPOT WINDMILL,3766.93,3075,2010-12-06 13:41:00,2011-11-29 08:07:00,146,226,1.2250178861788616,11,146,0
21747,SMALL SKULL WINDMILL,645.61,485,2010-12-19 14:41:00,2011-11-30 14:00:00,48,54,1.3311546391752578,9,48,0
21749,LARGE RED RETROSPOT WINDMILL,3877.09,1963,2010-12-08 14:25:00,2011-11-29 16:33:00,98,140,1.97508405501783,10,98,0
21750,LARGE SKULL WINDMILL,207.51000000000002,90,2010-12-08 14:25:00,2011-11-08 18:41:00,20,24,2.3056666666666668,31,20,0
21754,HOME BUILDING BLOCK WORD,16923.47,2759,2010-12-01 08:34:00,2011-12-09 10:26:00,281,777,6.133914461761508,1,281,2
21755,LOVE BUILDING BLOCK WORD,12435.86,2011,2010-12-01 08:34:00,2011-12-09 12:00:00,261,629,6.183918448533069,1,261,2
21756,BATH BUILDING BLOCK WORD,5006.26,809,2010-12-01 08:35:00,2011-12-08 13:22:00,178,270,6.188207663782448,1,178,0
21757,LIGHTHOUSE PRINTED METAL SIGN,29.700000000000003,6,2011-01-09 11:34:00,2011-02-17 12:29:00,3,3,4.95,296,3,1
21758,VINTAGE SHELLS PRINT,427.46000000000004,50,2010-12-01 14:32:00,2011-12-01 16:22:00,29,32,8.5492,8,29,0
21761,WOOD AND GLASS MEDICINE CABINET,299.5,10,2010-12-01 15:35:00,2011-12-04 13:20:00,10,10,29.95,5,10,0
21763,VINTAGE WOODEN BAR STOOL,169.75,6,2011-01-05 15:56:00,2011-07-06 16:40:00,4,4,28.291666666666668,156,4,1
21769,VINTAGE POST OFFICE CABINET,607.6500000000001,11,2010-12-02 12:18:00,2010-12-07 16:43:00,2,2,55.2409090909091,367,2,1
21770,OPEN CLOSED METAL SIGN,7923.93,1638,2011-03-24 12:11:00,2011-12-08 17:37:00,176,388,4.8375641025641025,1,176,2
21773,DECORATIVE ROSE BATHROOM BOTTLE,1154.17,1170,2010-12-01 14:32:00,2011-12-08 10:53:00,114,163,0.9864700854700855,2,114,0
21774,DECORATIVE CATS BATHROOM BOTTLE,1152.4,1095,2010-12-01 14:32:00,2011-12-09 10:03:00,127,186,1.052420091324201,1,127,0
21775,DECORATIVE FLORE BATHROOM BOTTLE,716.86,515,2010-12-01 17:06:00,2011-12-08 16:30:00,108,139,1.3919611650485437,1,108,0
21777,RECIPE BOX WITH METAL HEART,95.4,12,2010-12-01 08:34:00,2010-12-06 10:08:00,2,6,7.95,369,2,1
21781,MA CAMPAGNE CUTLERY BOX,2661.7999999999997,168,2010-12-01 15:35:00,2011-07-10 16:18:00,70,101,15.844047619047618,152,70,1
21784,SHOE SHINE BOX ,633.0699999999999,57,2010-12-02 13:08:00,2011-09-01 13:40:00,42,44,11.106491228070174,99,42,0
21785,RAIN PONCHO ,268.76,411,2010-12-05 12:53:00,2011-02-15 14:44:00,4,5,0.6539172749391727,297,4,1
21786,POLKADOT RAIN HAT ,916.99,1937,2010-12-01 10:19:00,2011-12-09 10:03:00,147,226,0.47340733092410947,1,147,0
21787,RAIN PONCHO RETROSPOT,7161.1,8875,2010-12-01 14:32:00,2011-12-09 10:03:00,158,243,0.8068845070422536,1,158,2
21788,KIDS RAIN MAC BLUE,1029.24,1293,2010-12-02 16:38:00,2011-12-06 11:39:00,76,85,0.7960092807424594,4,76,0
21789,KIDS RAIN MAC PINK,803.65,925,2010-12-01 16:57:00,2011-12-02 16:39:00,80,92,0.8688108108108108,7,80,0
21790,VINTAGE SNAP CARDS,12510.009999999998,14521,2010-12-01 11:57:00,2011-12-09 12:20:00,281,926,0.8615116038840299,1,281,2
21791,VINTAGE HEADS AND TAILS CARD GAME ,10504.4,7864,2010-12-01 08:45:00,2011-12-09 10:03:00,243,607,1.3357578840284843,1,243,2
21792,CLASSIC FRENCH STYLE BASKET GREEN ,1497.72,344,2010-12-07 18:36:00,2011-08-03 12:58:00,58,76,4.353837209302326,128,58,0
21793,CLASSIC FRENCH STYLE BASKET BROWN,1296.6100000000001,304,2010-12-19 13:31:00,2011-12-01 16:22:00,58,74,4.265164473684211,8,58,0
21794,CLASSIC FRENCH STYLE BASKET NATURAL,2213.42,522,2010-12-01 12:43:00,2011-10-25 15:34:00,87,106,4.240268199233717,45,87,0
21801,CHRISTMAS TREE DECORATION WITH BELL,530.26,1251,2010-12-01 14:32:00,2011-10-30 11:22:00,78,125,0.42386890487609913,41,78,0
21802,CHRISTMAS TREE HEART DECORATION,919.14,2122,2010-12-01 14:32:00,2011-11-21 11:55:00,108,180,0.43314797360980206,19,108,0
21803,CHRISTMAS TREE STAR DECORATION,1016.02,2353,2010-12-01 14:32:00,2011-12-09 12:20:00,114,198,0.4317977050573736,1,114,0
21804,WHITE CHRISTMAS GARLAND STARS TREES,830.03,225,2010-12-01 12:43:00,2011-12-02 11:28:00,45,65,3.689022222222222,8,45,0
21807,WHITE CHRISTMAS STAR DECORATION,189.0,438,2010-12-03 09:31:00,2011-11-22 15:43:00,24,30,0.4315068493150685,17,24,0
21808,"CHRISTMAS GARLAND STARS,TREES",637.83,180,2010-12-01 15:35:00,2011-12-09 10:03:00,41,48,3.5435000000000003,1,41,0
21809,CHRISTMAS HANGING TREE WITH BELL,1117.92,1964,2010-12-01 14:32:00,2011-12-09 12:20:00,69,117,0.5692057026476579,1,69,0
21810,CHRISTMAS HANGING STAR WITH BELL,2981.8399999999997,5840,2010-12-01 12:49:00,2011-12-09 10:51:00,89,252,0.5105890410958903,1,89,0
21811,HANGING HEART WITH BELL,2682.4,4850,2010-12-01 11:45:00,2011-11-23 12:45:00,116,245,0.5530721649484537,17,116,0
21812,GARLAND WITH HEARTS AND BELLS,1746.27,393,2010-12-06 10:08:00,2011-12-09 10:03:00,71,100,4.443435114503817,1,71,0
21813,GARLAND WITH STARS AND BELLS,2280.4700000000003,549,2010-12-01 15:35:00,2011-12-09 10:03:00,75,112,4.153861566484518,1,75,0
21814,HEART T-LIGHT HOLDER ,111.77,74,2010-12-01 12:23:00,2011-11-29 11:23:00,14,15,1.5104054054054052,11,14,0
21815,STAR  T-LIGHT HOLDER ,270.22999999999996,158,2010-12-01 12:23:00,2011-11-23 12:58:00,23,29,1.7103164556962023,16,23,0
21816,CHRISTMAS TREE T-LIGHT HOLDER,47.849999999999994,33,2010-12-01 12:23:00,2011-11-27 13:00:00,7,7,1.4499999999999997,12,7,0
21817,GLITTER CHRISTMAS TREE,410.91,906,2010-12-01 15:35:00,2011-11-09 15:17:00,37,58,0.45354304635761594,30,37,0
21818,GLITTER HEART DECORATION,1320.41,2737,2010-12-01 15:08:00,2011-12-07 16:56:00,89,163,0.4824296675191816,2,89,0
21819,GLITTER CHRISTMAS STAR ,1066.65,2470,2010-12-05 14:45:00,2011-12-08 14:38:00,61,124,0.4318421052631579,1,61,0
21820,GLITTER HEART GARLAND WITH BELLS ,1368.47,329,2010-12-01 17:06:00,2011-12-05 16:05:00,70,90,4.159483282674772,4,70,0
21821,GLITTER STAR GARLAND WITH BELLS ,1037.05,251,2010-12-01 14:32:00,2011-12-05 11:58:00,47,62,4.131673306772909,5,47,0
21822,GLITTER CHRISTMAS TREE WITH BELLS,719.3,698,2010-12-01 14:32:00,2011-12-09 10:03:00,57,97,1.0305157593123209,1,57,0
21823,PAINTED METAL HEART WITH HOLLY BELL,854.3499999999999,1372,2010-12-01 11:45:00,2011-11-15 12:02:00,50,97,0.622704081632653,25,50,0
21824,PAINTED METAL STAR WITH HOLLY BELLS,1102.4199999999998,1916,2010-12-01 11:45:00,2011-11-15 12:02:00,55,117,0.575375782881002,25,55,0
21826,EIGHT PIECE DINOSAUR SET,185.18,125,2010-12-01 12:54:00,2011-03-16 13:00:00,25,35,1.48144,268,25,1
21827,EIGHT PIECE CREEPY CRAWLIE SET,7.5,6,2010-12-06 12:55:00,2011-03-29 17:23:00,3,3,1.25,255,3,1
21828,EIGHT PIECE SNAKE  SET,435.79,330,2010-12-03 11:36:00,2011-12-09 10:03:00,66,84,1.3205757575757577,1,66,0
21829,DINOSAUR KEYRINGS ASSORTED,1460.74,6765,2010-12-03 11:36:00,2011-10-20 12:07:00,130,177,0.21592609016999262,51,130,0
21830,ASSORTED CREEPY CRAWLIES,1107.07,2621,2010-12-01 17:06:00,2011-11-23 13:39:00,83,99,0.42238458603586415,16,83,0
21832,CHOCOLATE CALCULATOR,1790.1,954,2010-12-01 09:45:00,2011-12-09 10:03:00,119,198,1.8764150943396225,1,119,0
21833,CAMOUFLAGE LED TORCH,4594.43,2726,2010-12-01 14:05:00,2011-12-09 10:03:00,111,168,1.6854108584005871,1,111,0
21836,GINGHAM OVEN GLOVE RED HEART ,26.490000000000002,5,2010-12-05 12:29:00,2011-01-20 15:22:00,3,3,5.298,323,3,1
21839,MUMMY MOUSE RED GINGHAM RIBBON,5.45,1,2011-03-27 14:28:00,2011-03-27 14:28:00,1,1,5.45,257,1,1
21841,BABY MOUSE RED GINGHAM DRESS,310.25,73,2011-03-07 17:52:00,2011-11-29 10:57:00,19,21,4.25,11,19,0
21843,RED RETROSPOT CAKE STAND,21354.3,2012,2010-12-01 13:31:00,2011-12-09 10:26:00,242,539,10.613469184890656,1,242,2
21844,RED RETROSPOT MUG,5167.6900000000005,1847,2010-12-01 10:52:00,2011-12-06 14:30:00,130,156,2.7978830536004335,3,130,0
21845,DAIRY MAID STRIPE MUG,1720.3000000000002,1906,2010-12-03 14:54:00,2011-11-28 11:27:00,66,82,0.9025708289611754,12,66,0
21846,PINK DIAMANTE PEN IN GIFT BOX,1206.97,424,2010-12-01 17:06:00,2011-12-08 19:28:00,75,103,2.846627358490566,1,75,0
21847,GREEN  DIAMANTE PEN IN GIFT BOX,178.89,76,2010-12-06 10:08:00,2011-11-16 15:23:00,28,33,2.353815789473684,23,28,0
21849,SILVER DIAMANTE PEN IN GIFT BOX,548.93,173,2010-12-02 13:32:00,2011-12-04 14:45:00,53,66,3.1730057803468203,5,53,0
21850,BLUE  DIAMANTE PEN IN GIFT BOX,488.13,129,2010-12-01 16:57:00,2011-12-06 12:56:00,43,54,3.783953488372093,3,43,0
21851,LILAC DIAMANTE PEN IN GIFT BOX,454.99,141,2010-12-01 14:32:00,2011-12-05 17:24:00,48,63,3.2268794326241137,4,48,0
21864,UNION JACK FLAG PASSPORT COVER ,2041.69,828,2010-12-01 16:01:00,2011-12-09 10:26:00,127,184,2.4658091787439615,1,127,0
21865,PINK UNION JACK  PASSPORT COVER ,618.9300000000001,271,2010-12-03 11:28:00,2011-12-08 12:07:00,92,106,2.283874538745388,2,92,0
21866,UNION JACK FLAG LUGGAGE TAG,1292.38,747,2010-12-01 11:45:00,2011-12-08 12:07:00,141,193,1.7300937081659975,2,141,0
21867,PINK UNION JACK  LUGGAGE TAG,480.25,348,2010-12-01 11:45:00,2011-12-08 20:01:00,96,121,1.3800287356321839,1,96,0
21868,POTTING SHED TEA MUG,3259.75,2477,2010-12-01 17:06:00,2011-12-05 17:17:00,163,302,1.3160072668550666,4,163,0
21870,I CAN ONLY PLEASE ONE PERSON MUG,1851.46,1407,2010-12-01 13:24:00,2011-08-24 09:36:00,99,163,1.3158919687277897,108,99,0
21871,SAVE THE PLANET MUG,6679.56,5453,2010-12-01 09:02:00,2011-12-09 10:20:00,200,357,1.2249330643682377,1,200,2
21872,GLAMOROUS  MUG,1454.98,1292,2010-12-02 11:45:00,2011-12-09 08:48:00,112,142,1.1261455108359133,1,112,0
21873,IF YOU CAN'T STAND THE HEAT MUG,1834.3,1618,2010-12-01 13:24:00,2011-12-08 13:59:00,92,116,1.1336835599505561,1,92,0
21874,GIN AND TONIC MUG,4141.179999999999,2974,2010-12-01 13:24:00,2011-12-09 10:26:00,171,295,1.3924613315400132,1,171,0
21875,KINGS CHOICE MUG,2429.38,2055,2010-12-01 17:06:00,2011-12-09 09:08:00,121,148,1.1821800486618006,1,121,0
21876,POTTERING MUG,4825.36,3789,2010-12-03 11:13:00,2011-12-09 10:26:00,184,333,1.27351807864872,1,184,2
21877,HOME SWEET HOME MUG,6932.78,5411,2010-12-01 17:24:00,2011-12-09 10:20:00,210,349,1.2812382184439106,1,210,2
21878,PACK OF 6 SANDCASTLE FLAGS ASSORTED,2172.2,2523,2010-12-03 10:43:00,2011-12-08 13:50:00,140,224,0.8609591755846214,1,140,0
21879,HEARTS GIFT TAPE,385.47,1176,2010-12-01 14:32:00,2011-12-09 10:03:00,53,94,0.32778061224489796,1,53,0
21880,RED RETROSPOT TAPE,858.7800000000001,1903,2010-12-01 11:49:00,2011-12-07 17:05:00,160,240,0.4512769311613243,2,160,0
21881,CUTE CATS TAPE,383.11,1102,2010-12-02 10:27:00,2011-12-08 10:53:00,60,79,0.3476497277676951,2,60,0
21882,SKULLS TAPE,251.17000000000002,704,2010-12-03 11:19:00,2011-11-28 13:26:00,52,70,0.3567755681818182,11,52,0
21883,STARS GIFT TAPE ,725.4200000000001,1653,2010-12-01 08:45:00,2011-12-07 17:05:00,88,133,0.4388505747126437,2,88,0
21884,CAKES AND BOWS GIFT  TAPE,413.76,1166,2010-12-01 14:32:00,2011-12-04 11:45:00,68,93,0.3548542024013722,6,68,0
21888,BINGO SET,6659.54,1688,2010-12-01 14:32:00,2011-12-05 11:58:00,190,378,3.945225118483412,5,190,2
21889,WOODEN BOX OF DOMINOES,8847.29,6390,2010-12-01 10:29:00,2011-12-09 10:03:00,217,587,1.3845524256651018,1,217,2
21890,S/6 WOODEN SKITTLES IN COTTON BAG,3674.11,1147,2010-12-01 12:03:00,2011-12-09 10:26:00,141,231,3.2032345248474283,1,141,0
21891,TRADITIONAL WOODEN SKIPPING ROPE,10504.85,8130,2010-12-01 10:29:00,2011-12-08 18:22:00,205,425,1.292109471094711,1,205,2
21892,TRADITIONAL WOODEN CATCH CUP GAME ,4317.16,3192,2010-12-01 12:03:00,2011-12-09 10:03:00,200,412,1.3524937343358396,1,200,2
21894,POTTING SHED SEED ENVELOPES,902.08,592,2010-12-01 12:31:00,2011-12-08 13:50:00,99,130,1.5237837837837838,1,99,0
21895,POTTING SHED SOW 'N' GROW SET,12.72,2,2010-12-01 12:31:00,2010-12-09 16:31:00,2,2,6.36,365,2,1
21896,POTTING SHED TWINE,2272.79,980,2010-12-01 17:06:00,2011-12-06 09:09:00,91,110,2.319173469387755,4,91,0
21897,POTTING SHED CANDLE CITRONELLA,1268.1899999999998,405,2011-01-14 10:12:00,2011-04-27 11:47:00,3,3,3.131333333333333,227,3,1
21898,POTTING SHED ROSE CANDLE,1541.11,493,2011-02-14 09:41:00,2011-04-27 11:47:00,19,25,3.1259837728194726,227,19,1
21899,GARAGE KEY FOB,1757.97,2679,2010-12-01 17:06:00,2011-12-08 16:18:00,176,278,0.6562038073908175,1,176,0
21900,"KEY FOB , SHED",2197.17,3228,2010-12-02 15:55:00,2011-12-09 10:03:00,205,372,0.6806598513011153,1,205,2
21901,"KEY FOB , BACK DOOR ",1277.89,1828,2010-12-02 14:09:00,2011-12-09 10:03:00,180,308,0.6990645514223195,1,180,0
21902,"KEY FOB , FRONT  DOOR ",1262.3700000000001,1962,2010-12-02 14:09:00,2011-12-09 10:03:00,143,210,0.6434097859327218,1,143,0
21903,MAN FLU METAL SIGN,2490.13,1160,2010-12-03 11:36:00,2011-12-08 15:51:00,134,180,2.1466637931034485,1,134,0
21904,HOUSE WRECKING METAL SIGN ,105.0,50,2010-12-05 13:55:00,2011-05-25 17:31:00,22,23,2.1,198,22,1
21905,MORE BUTTER METAL SIGN ,821.61,760,2010-12-03 12:43:00,2011-12-09 10:03:00,127,160,1.0810657894736841,1,127,0
21906,PHARMACIE FIRST AID TIN,4470.8099999999995,581,2010-12-01 17:06:00,2011-12-09 10:03:00,127,173,7.695025817555937,1,127,0
21907,I'M ON HOLIDAY METAL SIGN,5027.18,2371,2010-12-01 11:21:00,2011-12-07 15:56:00,205,367,2.1202783635596796,2,205,2
21908,CHOCOLATE THIS WAY METAL SIGN,7752.22,3771,2010-12-01 17:06:00,2011-12-09 08:48:00,248,468,2.055746486343145,1,248,2
21910,WAY OUT METAL SIGN ,59.39999999999999,36,2010-12-05 16:24:00,2011-02-16 16:57:00,8,8,1.6499999999999997,296,8,1
21911,GARDEN METAL SIGN ,203.20999999999998,114,2010-12-01 14:32:00,2011-04-15 10:42:00,25,29,1.7825438596491225,239,25,1
21912,VINTAGE SNAKES & LADDERS,7047.7,1786,2010-12-01 09:45:00,2011-12-09 10:26:00,209,396,3.946080627099664,1,209,2
21913,VINTAGE SEASIDE JIGSAW PUZZLES,1565.83,398,2010-12-01 08:45:00,2011-12-08 09:28:00,113,148,3.934246231155779,2,113,0
21914,BLUE HARMONICA IN BOX ,10339.81,7876,2010-12-01 11:41:00,2011-12-09 12:16:00,213,603,1.3128250380904012,1,213,2
21915,RED  HARMONICA IN BOX ,26294.08,21903,2010-12-01 11:41:00,2011-12-07 15:07:00,247,661,1.200478473268502,2,247,2
21916,SET 12 RETRO WHITE CHALK STICKS,1973.49,4599,2010-12-01 11:57:00,2011-12-09 12:31:00,206,359,0.42911285061969995,1,206,2
21917,SET 12 KIDS  WHITE CHALK STICKS,1701.93,4151,2010-12-01 14:34:00,2011-12-08 15:03:00,145,225,0.4100048181161166,1,145,0
21918,SET 12 KIDS COLOUR  CHALK STICKS,2950.25,7199,2010-12-02 09:44:00,2011-12-09 12:16:00,199,369,0.40981386303653283,1,199,2
21922,UNION STRIPE WITH FRINGE  HAMMOCK,6944.360000000001,898,2010-12-01 14:32:00,2011-12-08 09:28:00,137,208,7.73314031180401,2,137,0
21925,UNION STRIPE CUSHION COVER ,503.75,403,2010-12-02 17:41:00,2011-12-06 17:49:00,56,65,1.25,3,56,0
21926,RED/CREAM STRIPE CUSHION COVER ,509.9,414,2011-01-19 15:20:00,2011-12-08 12:07:00,56,60,1.2316425120772947,2,56,0
21927,BLUE/CREAM STRIPE CUSHION COVER ,771.15,623,2010-12-02 17:41:00,2011-12-01 19:42:00,89,99,1.2378009630818618,8,89,0
21928,JUMBO BAG SCANDINAVIAN BLUE PAISLEY,21144.41,10468,2010-12-01 14:11:00,2011-12-09 10:26:00,268,806,2.019909247229652,1,268,2
21929,JUMBO BAG PINK VINTAGE PAISLEY,23179.06,11006,2010-12-01 09:37:00,2011-12-09 12:19:00,279,865,2.106038524441214,1,279,2
21930,JUMBO STORAGE BAG SKULLS,14006.2,6438,2010-12-01 12:43:00,2011-12-09 10:26:00,255,705,2.1755514134824483,1,255,2
21931,JUMBO STORAGE BAG SUKI,30764.01,13651,2010-12-01 09:37:00,2011-12-09 12:19:00,289,1184,2.25360852684785,1,289,2
21932,SCANDINAVIAN PAISLEY PICNIC BAG,4995.38,2720,2010-12-03 12:24:00,2011-12-09 10:03:00,201,446,1.8365367647058823,1,201,2
21933,PINK VINTAGE PAISLEY PICNIC BAG,4957.43,2672,2010-12-03 12:24:00,2011-12-08 16:30:00,185,410,1.8553255988023953,1,185,2
21934,SKULL SHOULDER BAG,4480.28,2421,2010-12-01 09:41:00,2011-12-09 10:26:00,209,411,1.8505906650144568,1,209,2
21935,SUKI  SHOULDER BAG,6298.61,3393,2010-12-01 14:32:00,2011-12-09 10:26:00,231,530,1.8563542587680517,1,231,2
21936,RED RETROSPOT PICNIC BAG,11665.19,3985,2010-12-03 11:36:00,2011-12-09 10:03:00,216,531,2.9272747804266,1,216,2
21937,STRAWBERRY   PICNIC BAG,4898.849999999999,1707,2010-12-03 15:19:00,2011-12-04 12:32:00,109,251,2.8698594024604565,6,109,0
21942,SKULLS DESIGN FLANNEL,313.01,287,2010-12-01 14:32:00,2011-12-09 10:26:00,72,103,1.0906271777003484,1,72,0
21943,CAKES AND RABBITS DESIGN FLANNEL ,134.48999999999998,119,2010-12-06 10:08:00,2011-12-08 09:20:00,45,50,1.1301680672268906,2,45,0
21944,KITTENS DESIGN FLANNEL,310.19,337,2010-12-01 14:32:00,2011-12-08 19:57:00,72,100,0.9204451038575667,1,72,0
21945,STRAWBERRIES  DESIGN FLANNEL ,373.34,358,2010-12-03 11:27:00,2011-12-09 10:03:00,73,105,1.042849162011173,1,73,0
21946,PARTY TIME DESIGN FLANNEL,75.35,86,2010-12-12 12:08:00,2011-12-08 09:20:00,25,25,0.8761627906976743,2,25,0
21947,SET OF 6 HEART CHOPSTICKS,1139.65,811,2010-12-03 17:20:00,2011-12-09 10:03:00,105,152,1.4052404438964243,1,105,0
21948,SET OF 6 CAKE CHOPSTICKS,978.23,640,2010-12-02 14:09:00,2011-12-07 10:35:00,111,153,1.5284843750000001,3,111,0
21949,SET OF 6 STRAWBERRY CHOPSTICKS,1054.44,801,2010-12-01 14:32:00,2011-12-09 10:03:00,96,144,1.3164044943820226,1,96,0
21955,DOORMAT UNION JACK GUNS AND ROSES,7580.82,1228,2010-12-01 11:45:00,2011-12-09 10:26:00,150,206,6.173306188925081,1,150,0
21967,PACK OF 12 SKULL TISSUES,1582.1499999999999,5271,2010-12-01 13:24:00,2011-12-09 10:03:00,149,232,0.30016125972301266,1,149,0
21972,SET OF 36 DINOSAUR PAPER DOILIES,499.08,335,2010-12-13 09:35:00,2011-12-01 16:22:00,53,65,1.4897910447761193,8,53,0
21973,SET OF 36 MUSHROOM PAPER DOILIES,230.54999999999998,159,2010-12-06 11:26:00,2011-11-28 11:18:00,30,30,1.45,12,30,0
21974,SET OF 36 PAISLEY FLOWER DOILIES,3545.6,2219,2010-12-01 17:06:00,2011-12-08 10:53:00,203,360,1.5978368634520053,2,203,2
21975,PACK OF 60 DINOSAUR CAKE CASES,6102.51,12312,2010-12-01 09:37:00,2011-12-08 12:43:00,253,601,0.49565545808966865,2,253,2
21976,PACK OF 60 MUSHROOM CAKE CASES,2869.9,5199,2010-12-01 11:57:00,2011-12-09 10:03:00,223,393,0.5520100019234468,1,223,2
21977,PACK OF 60 PINK PAISLEY CAKE CASES,12226.32,24820,2010-12-01 09:37:00,2011-12-09 10:26:00,277,869,0.49259951651893635,1,277,2
21980,PACK OF 12 RED RETROSPOT TISSUES ,2121.18,6685,2010-12-01 10:52:00,2011-12-09 10:03:00,182,297,0.31730441286462224,1,182,2
21981,PACK OF 12 WOODLAND TISSUES ,1651.3,5468,2010-12-01 13:24:00,2011-12-09 10:03:00,163,271,0.30199341623994147,1,163,2
21982,PACK OF 12 SUKI TISSUES ,2215.6099999999997,7173,2010-12-01 13:24:00,2011-12-09 10:03:00,197,359,0.30888191830475387,1,197,2
21983,PACK OF 12 BLUE PAISLEY TISSUES ,777.67,2301,2010-12-01 13:24:00,2011-12-09 10:26:00,120,155,0.33797044763146455,1,120,0
21984,PACK OF 12 PINK PAISLEY TISSUES ,1112.6,3458,2010-12-01 13:24:00,2011-12-09 10:03:00,154,212,0.3217466743782533,1,154,0
21985,PACK OF 12 HEARTS DESIGN TISSUES ,2729.5099999999998,8775,2010-12-01 12:23:00,2011-12-08 19:28:00,218,427,0.3110552706552706,1,218,2
21986,PACK OF 12 PINK POLKADOT TISSUES,1197.73,4067,2010-12-01 11:57:00,2011-12-09 10:03:00,136,189,0.29449963117777234,1,136,0
21987,PACK OF 6 SKULL PAPER CUPS,1346.65,2113,2010-12-02 12:47:00,2011-12-09 10:26:00,134,171,0.6373166114529106,1,134,0
21988,PACK OF 6 SKULL PAPER PLATES,1862.75,2321,2010-12-02 12:47:00,2011-12-06 14:23:00,137,193,0.8025635501938819,3,137,0
21989,PACK OF 20 SKULL PAPER NAPKINS,2233.1,2409,2010-12-02 12:47:00,2011-12-09 10:26:00,203,335,0.9269821502698214,1,203,2
21990,MODERN FLORAL STATIONERY SET,2870.0,1672,2010-12-01 14:32:00,2011-12-09 11:34:00,189,366,1.7165071770334928,1,189,0
21991,BOHEMIAN COLLAGE STATIONERY SET,1080.82,635,2010-12-01 14:32:00,2011-12-08 16:30:00,142,211,1.7020787401574802,1,142,0
21992,VINTAGE PAISLEY STATIONERY SET,3510.72,1901,2010-12-01 12:23:00,2011-11-15 14:48:00,205,436,1.846775381378222,24,205,2
21993,FLORAL FOLK STATIONERY SET,3355.84,1937,2010-12-01 14:32:00,2011-12-09 10:03:00,214,425,1.7324935467217346,1,214,2
22016,Dotcomgiftshop Gift Voucher £100.00,83.33,1,2011-08-02 16:11:00,2011-08-02 16:11:00,1,1,83.33,129,1,1
22021,BLUE FELT EASTER EGG BASKET,610.4499999999999,365,2010-12-05 12:01:00,2011-03-21 11:24:00,44,71,1.6724657534246574,264,44,1
22023,EMPIRE BIRTHDAY CARD,538.72,1206,2010-12-02 10:39:00,2011-12-08 09:20:00,115,146,0.44669983416252074,2,115,0
22024,RAINY LADIES BIRTHDAY CARD,1023.73,2406,2010-12-01 12:35:00,2011-12-09 10:03:00,147,213,0.42549044056525354,1,147,0
22025,RING OF ROSES BIRTHDAY CARD,761.05,1835,2010-12-01 16:21:00,2011-12-09 10:03:00,106,130,0.4147411444141689,1,106,0
22026,BANQUET BIRTHDAY  CARD  ,712.08,1644,2010-12-07 14:41:00,2011-12-09 10:03:00,129,160,0.4331386861313869,1,129,0
22027,TEA PARTY BIRTHDAY CARD,1873.71,4368,2010-12-02 10:39:00,2011-12-09 10:03:00,210,362,0.4289629120879121,1,210,2
22028,PENNY FARTHING BIRTHDAY CARD,1304.1399999999999,3042,2010-12-02 10:39:00,2011-12-09 10:03:00,167,262,0.4287113740959894,1,167,0
22029,SPACEBOY BIRTHDAY CARD,3387.5699999999997,8161,2010-12-02 09:44:00,2011-12-09 10:03:00,247,527,0.4150925131724053,1,247,2
22030,SWALLOWS GREETING CARD,2237.89,5527,2010-12-01 16:52:00,2011-12-08 19:57:00,160,274,0.4049013931608467,1,160,2
22031,BOTANICAL LAVENDER BIRTHDAY CARD,225.59,504,2010-12-02 16:12:00,2011-12-09 10:03:00,65,80,0.44759920634920636,1,65,0
22032,BOTANICAL LILY GREETING CARD,181.98,427,2010-12-15 13:24:00,2011-11-25 10:20:00,48,60,0.42618266978922714,15,48,0
22033,BOTANICAL ROSE GREETING CARD,141.95,337,2010-12-15 13:24:00,2011-11-22 15:41:00,22,22,0.42121661721068243,17,22,0
22034,ROBIN CHRISTMAS CARD,5.02,10,2010-12-05 13:03:00,2011-11-25 15:23:00,4,4,0.502,14,4,0
22035,VINTAGE CARAVAN GREETING CARD ,617.3199999999999,1452,2010-12-03 12:24:00,2011-10-31 14:41:00,101,137,0.4251515151515151,39,101,0
22037,ROBOT BIRTHDAY CARD,1695.32,3929,2010-12-01 14:32:00,2011-12-09 10:03:00,189,354,0.4314889284805294,1,189,2
22038,BOTANICAL LAVENDER GIFT WRAP ,199.5,475,2011-02-02 14:37:00,2011-12-06 12:15:00,19,19,0.42,4,19,0
22039,BOTANICAL LILY GIFT WRAP,105.0,250,2011-04-10 15:15:00,2011-10-25 13:46:00,7,7,0.42,45,7,0
22040,BOTANICAL ROSE GIFT WRAP,304.5,725,2010-12-16 10:30:00,2011-11-17 10:01:00,27,28,0.42,23,27,0
22041,"RECORD FRAME 7"" SINGLE SIZE ",11354.56,4374,2010-12-01 12:27:00,2011-12-09 10:26:00,194,361,2.5959213534522174,1,194,2
22042,CHRISTMAS CARD SINGING ANGEL,168.33,399,2010-12-02 16:59:00,2011-12-06 11:33:00,31,39,0.42187969924812035,4,31,0
22043,CHRISTMAS CARD SCREEN PRINT ,304.5,1238,2010-12-01 14:32:00,2011-12-02 13:35:00,55,64,0.24596122778675283,7,55,0
22044,CHRISTMAS CARD STACK OF PRESENTS,196.44,816,2010-12-02 09:44:00,2011-11-07 12:29:00,24,36,0.24073529411764705,33,24,0
22045,SPACEBOY GIFT WRAP,2673.34,6527,2010-12-02 13:32:00,2011-12-08 12:29:00,145,208,0.40958173739849857,2,145,2
22046,TEA PARTY  WRAPPING PAPER ,929.0,2250,2010-12-23 12:58:00,2011-12-08 10:24:00,64,75,0.4128888888888889,2,64,0
22047,EMPIRE GIFT WRAP,1373.5,3375,2010-12-13 13:32:00,2011-12-05 17:09:00,85,106,0.40696296296296297,4,85,0
22048,BIRTHDAY BANQUET GIFT WRAP,393.5,975,2010-12-08 10:38:00,2011-12-05 15:51:00,29,32,0.4035897435897436,4,29,0
22049,WRAP CHRISTMAS SCREEN PRINT,291.5,1050,2010-12-01 13:23:00,2011-10-20 10:34:00,23,33,0.2776190476190476,51,23,0
22050,PINK PAISLEY ROSE GIFT WRAP,498.5,1225,2010-12-06 15:00:00,2011-12-05 15:51:00,36,40,0.4069387755102041,4,36,0
22051,BLUE SCANDINAVIAN PAISLEY WRAP,409.5,975,2010-12-08 10:45:00,2011-11-24 17:06:00,38,39,0.42,15,38,0
22052,VINTAGE CARAVAN GIFT WRAP,273.0,650,2010-12-06 08:34:00,2011-07-11 14:10:00,24,27,0.42,151,24,1
22053,EMPIRE DESIGN ROSETTE,3606.4199999999996,4244,2010-12-10 10:21:00,2011-11-08 12:58:00,26,28,0.8497690857681431,31,26,0
22055,MINI CAKE STAND  HANGING STRAWBERY,2083.19,1375,2010-12-10 12:50:00,2011-12-08 15:44:00,135,220,1.5150472727272728,1,135,0
22057,CERAMIC PLATE STRAWBERRY DESIGN,667.92,584,2010-12-08 10:40:00,2011-12-08 15:54:00,48,61,1.1436986301369862,1,48,0
22059,CERAMIC STRAWBERRY DESIGN MUG,2081.54,1780,2010-12-01 12:12:00,2011-12-09 11:20:00,123,173,1.1694044943820225,1,123,0
22060,LARGE CAKE STAND HANGING HEARTS,1111.05,231,2010-12-02 18:08:00,2011-05-23 14:11:00,26,34,4.809740259740259,200,26,1
22061,LARGE CAKE STAND  HANGING STRAWBERY,4218.0599999999995,582,2010-12-02 18:08:00,2011-12-09 12:49:00,115,146,7.247525773195876,1,115,0
22062,CERAMIC BOWL WITH LOVE HEART DESIGN,677.86,583,2010-12-16 10:28:00,2011-10-14 11:08:00,61,73,1.1627101200686107,57,61,0
22063,CERAMIC BOWL WITH STRAWBERRY DESIGN,1367.45,583,2010-12-08 13:11:00,2011-12-08 10:39:00,97,120,2.345540308747856,2,97,0
22064,PINK DOUGHNUT TRINKET POT ,2546.2999999999997,1728,2010-12-01 10:52:00,2011-12-09 10:03:00,163,241,1.4735532407407406,1,163,0
22065,CHRISTMAS PUDDING TRINKET POT ,3462.25,6729,2010-12-01 14:32:00,2011-12-09 10:03:00,100,241,0.5145266755832962,1,100,0
22066,LOVE HEART TRINKET POT,1044.81,2239,2010-12-20 14:59:00,2011-12-06 16:21:00,106,135,0.46664135774899507,3,106,0
22067,CHOC TRUFFLE GOLD TRINKET POT ,638.6199999999999,408,2010-12-01 14:32:00,2011-12-08 19:24:00,63,70,1.5652450980392154,1,63,0
22068,BLACK PIRATE TREASURE CHEST,856.39,526,2010-12-01 11:21:00,2011-12-09 11:34:00,104,143,1.6281178707224335,1,104,0
22069,BROWN  PIRATE TREASURE CHEST ,993.5,414,2010-12-01 14:32:00,2011-12-09 11:20:00,99,146,2.3997584541062804,1,99,0
22070,SMALL RED RETROSPOT MUG IN BOX ,2354.4,948,2010-12-02 11:41:00,2011-12-09 10:03:00,82,116,2.4835443037974683,1,82,0
22071,SMALL WHITE RETROSPOT MUG IN BOX ,1384.3,729,2010-12-01 14:32:00,2011-12-09 10:03:00,70,86,1.8989026063100136,1,70,0
22072,RED RETROSPOT TEA CUP AND SAUCER ,2811.17,848,2010-12-03 12:29:00,2011-12-09 09:07:00,108,162,3.315058962264151,1,108,0
22073,RED RETROSPOT STORAGE JAR,1336.14,334,2010-12-06 09:52:00,2011-05-04 13:17:00,52,69,4.000419161676647,219,52,1
22074,6 RIBBONS SHIMMERING PINKS ,1239.6699999999998,1402,2010-12-01 11:45:00,2011-12-09 12:09:00,122,199,0.8842154065620541,1,122,0
22075,6 RIBBONS ELEGANT CHRISTMAS ,2489.0299999999997,1773,2010-12-01 11:45:00,2011-12-09 12:20:00,98,200,1.40385222786238,1,98,0
22076,6 RIBBONS EMPIRE  ,1667.8799999999999,1259,2010-12-01 14:32:00,2011-12-09 10:20:00,140,225,1.3247656870532167,1,140,0
22077,6 RIBBONS RUSTIC CHARM,17186.62,9172,2010-12-01 11:49:00,2011-12-09 12:09:00,288,955,1.8738137810728301,1,288,2
22078,RIBBON REEL LACE DESIGN ,2923.21,1369,2010-12-01 17:06:00,2011-12-09 08:59:00,131,192,2.1352885317750183,1,131,0
22079,RIBBON REEL HEARTS DESIGN ,3325.29,1897,2010-12-05 11:02:00,2011-12-07 14:12:00,185,323,1.7529204006325778,2,185,0
22080,RIBBON REEL POLKADOTS ,2003.48,1206,2010-12-01 14:32:00,2011-12-09 12:16:00,90,155,1.6612603648424544,1,90,0
22081,RIBBON REEL FLORA + FAUNA ,1176.5,644,2010-12-01 14:32:00,2011-12-09 12:16:00,98,138,1.8268633540372672,1,98,0
22082,RIBBON REEL STRIPES DESIGN ,4661.88,2680,2010-12-01 12:23:00,2011-12-07 14:12:00,203,409,1.7395074626865672,2,203,2
22083,PAPER CHAIN KIT RETROSPOT,14051.640000000001,4616,2010-12-01 09:41:00,2011-12-09 12:19:00,255,610,3.0441161178509533,1,255,2
22084,PAPER CHAIN KIT EMPIRE,15099.37,5181,2010-12-01 17:06:00,2011-12-08 15:01:00,135,436,2.9143736730360934,1,135,2
22085,PAPER CHAIN KIT SKULLS ,1566.99,548,2010-12-06 14:05:00,2011-12-09 10:03:00,85,97,2.859470802919708,1,85,0
22086,PAPER CHAIN KIT 50'S CHRISTMAS ,64875.590000000004,19329,2010-12-01 09:00:00,2011-12-09 12:19:00,161,1160,3.356386258989084,1,161,2
22087,PAPER BUNTING WHITE LACE,11872.58,4082,2010-12-01 12:31:00,2011-12-09 10:51:00,115,326,2.9085203331700145,1,115,2
22088,PAPER BUNTING COLOURED LACE,5661.05,1893,2010-12-01 13:54:00,2011-07-06 10:41:00,121,238,2.990517696777602,157,121,0
22089,PAPER BUNTING VINTAGE PAISLEY,4457.43,1423,2010-12-02 16:59:00,2011-12-05 09:03:00,161,272,3.1324174279690795,5,161,0
22090,PAPER BUNTING RETROSPOT,22785.06,7562,2010-12-01 14:32:00,2011-12-08 10:24:00,261,798,3.0130997090716742,2,261,2
22091,EMPIRE TISSUE BOX,1030.1000000000001,1983,2010-12-01 17:06:00,2011-12-09 10:03:00,120,167,0.5194654563792235,1,120,0
22092,BLUE PAISLEY TISSUE BOX,321.40000000000003,670,2010-12-01 12:43:00,2011-12-08 12:07:00,67,91,0.4797014925373135,2,67,0
22093,MOTORING TISSUE BOX,822.13,1830,2010-12-05 13:42:00,2011-12-06 16:21:00,98,160,0.4492513661202186,3,98,0
22094,RED RETROSPOT TISSUE BOX,1135.0,2166,2010-12-01 13:24:00,2011-12-08 14:39:00,131,200,0.5240073868882733,1,131,0
22095,LADS ONLY TISSUE BOX,1605.96,1643,2010-12-01 13:24:00,2011-12-09 11:34:00,92,143,0.9774558734023129,1,92,0
22096,PINK PAISLEY SQUARE TISSUE BOX ,584.09,1366,2010-12-01 12:43:00,2011-12-08 14:39:00,80,117,0.4275915080527087,1,80,0
22097,SWALLOW SQUARE TISSUE BOX,732.39,1596,2010-12-01 13:21:00,2011-12-08 13:50:00,108,145,0.458890977443609,1,108,0
22098,BOUDOIR SQUARE TISSUE BOX,1001.5500000000001,1992,2010-12-01 11:21:00,2011-12-08 14:39:00,121,172,0.5027861445783133,1,121,0
22099,CARAVAN SQUARE TISSUE BOX,800.59,1440,2010-12-01 12:43:00,2011-12-09 10:26:00,113,153,0.5559652777777778,1,113,0
22100,SKULLS SQUARE TISSUE BOX,354.82,755,2010-12-01 11:21:00,2011-12-06 09:31:00,51,59,0.46996026490066223,4,51,0
22101,MIRROR MOSAIC VOTIVE HOLDER,2053.17,1438,2010-12-06 16:57:00,2011-12-08 16:30:00,55,69,1.4277955493741308,1,55,0
22102,MIRROR MOSAIC T-LIGHT HOLDER ,831.84,1622,2010-12-10 15:56:00,2011-11-28 14:44:00,28,31,0.5128483353884093,11,28,0
22103,MIRROR MOSAIC T-LIGHT HOLDER ROUND,908.24,1248,2011-01-12 13:30:00,2011-10-24 17:03:00,23,26,0.7277564102564102,46,23,0
22104,MIRROR MOSAIC CANDLE PLATE,343.71,288,2010-12-06 10:08:00,2011-12-09 10:03:00,54,59,1.1934375,1,54,0
22105,MIRROR MOSAIC GOBLET CANDLE HOLDER,847.82,574,2010-12-03 11:36:00,2011-12-08 09:20:00,30,33,1.4770383275261325,2,30,0
22106,MIRROR MOSAIC HURRICANE LAMP ,898.38,349,2010-12-06 09:58:00,2011-12-09 10:03:00,41,47,2.5741547277936965,1,41,0
22107,PIZZA PLATE IN BOX,2153.06,592,2010-12-01 12:43:00,2011-12-09 10:03:00,109,179,3.6369256756756756,1,109,0
22108,PING! MICROWAVE PLATE,415.09000000000003,152,2010-12-06 09:58:00,2011-12-09 10:03:00,51,63,2.730855263157895,1,51,0
22109,FULL ENGLISH BREAKFAST PLATE,6921.15,1640,2010-12-01 11:45:00,2011-12-09 10:03:00,157,296,4.220213414634146,1,157,0
22110,BIRD HOUSE HOT WATER BOTTLE,4912.14,1172,2010-12-01 11:21:00,2011-12-09 10:23:00,140,279,4.191245733788397,1,140,0
22111,SCOTTIE DOG HOT WATER BOTTLE,24455.39,4655,2010-12-01 10:52:00,2011-12-09 11:26:00,190,771,5.253574650912997,1,190,2
22112,CHOCOLATE HOT WATER BOTTLE,32826.58,6017,2010-12-01 10:52:00,2011-12-09 11:26:00,222,858,5.455639022768822,1,222,2
22113,GREY HEART HOT WATER BOTTLE,12763.08,3220,2010-12-01 12:03:00,2011-12-09 12:31:00,184,561,3.9636894409937886,1,184,2
22114,HOT WATER BOTTLE TEA AND SYMPATHY,32973.44,5740,2010-12-01 09:32:00,2011-12-09 10:26:00,117,643,5.7445017421602795,1,117,2
22115,METAL SIGN EMPIRE TEA,2020.91,1549,2010-12-01 12:03:00,2011-12-08 15:31:00,156,228,1.3046546158812138,1,156,0
22116,METAL SIGN HIS DINNER IS SERVED,620.42,575,2010-12-03 13:43:00,2011-12-09 10:03:00,116,148,1.078991304347826,1,116,0
22117,METAL SIGN HER DINNER IS SERVED ,3896.4500000000003,1320,2010-12-01 11:21:00,2011-12-06 17:23:00,79,95,2.951856060606061,3,79,0
22118,JOY WOODEN BLOCK LETTERS,895.26,230,2010-12-01 13:38:00,2011-12-09 08:39:00,63,89,3.892434782608696,1,63,0
22119,PEACE WOODEN BLOCK LETTERS,1734.8700000000001,345,2010-12-01 13:38:00,2011-12-09 08:39:00,71,106,5.028608695652174,1,71,0
22120,WELCOME  WOODEN BLOCK LETTERS,5247.09,523,2010-12-01 13:21:00,2011-12-05 17:28:00,144,188,10.032676864244742,4,144,0
22121,NOEL WOODEN BLOCK LETTERS ,2159.7000000000003,352,2010-12-01 13:38:00,2011-12-09 10:03:00,83,133,6.135511363636365,1,83,0
22123,PING MICROWAVE APRON,1068.3799999999999,508,2010-12-05 12:29:00,2011-12-09 10:03:00,93,122,2.103110236220472,1,93,0
22124,SET OF 2 TEA TOWELS PING MICROWAVE,306.16,149,2010-12-01 17:06:00,2011-12-09 10:03:00,63,76,2.054765100671141,1,63,0
22125,UNION JACK HOT WATER BOTTLE ,139.86,13,2011-01-21 15:01:00,2011-11-23 13:53:00,3,3,10.758461538461539,16,3,0
22127,PARTY CONES CARNIVAL ASSORTED,504.88,404,2010-12-01 10:29:00,2011-03-23 12:24:00,17,22,1.2497029702970297,262,17,1
22128,PARTY CONES CANDY ASSORTED,2127.53,1762,2010-12-01 10:29:00,2011-11-18 12:07:00,67,76,1.2074517593643588,22,67,0
22129,PARTY CONES CANDY DECORATION,1226.4199999999998,1188,2010-12-05 13:42:00,2011-12-09 10:03:00,72,100,1.0323400673400671,1,72,0
22130,PARTY CONE CHRISTMAS DECORATION ,2664.6299999999997,2277,2010-12-01 11:57:00,2011-12-08 19:57:00,70,110,1.1702371541501975,1,70,0
22131,FOOD CONTAINER SET 3 LOVE HEART ,3936.5899999999997,2031,2010-12-02 11:41:00,2011-12-08 10:53:00,175,291,1.9382520925652387,2,175,0
22132,RED LOVE HEART SHAPE CUP,939.03,1038,2010-12-03 11:28:00,2011-12-08 13:50:00,117,154,0.9046531791907514,1,117,0
22133,PINK LOVE HEART SHAPE CUP,770.73,816,2010-12-03 11:27:00,2011-12-08 09:28:00,98,133,0.9445220588235295,2,98,0
22134,MINI LADLE LOVE HEART RED ,419.0,889,2010-12-01 14:32:00,2011-12-09 10:03:00,114,162,0.47131608548931386,1,114,0
22135,MINI LADLE LOVE HEART PINK,322.38,567,2010-12-01 14:32:00,2011-12-09 10:03:00,120,179,0.5685714285714286,1,120,0
22136,LOVE HEART SOCK HANGER,679.28,378,2010-12-01 16:57:00,2011-12-08 10:53:00,69,84,1.797037037037037,2,69,0
22137,BATHROOM SET LOVE HEART DESIGN,237.98000000000002,82,2010-12-03 14:18:00,2011-08-11 11:45:00,13,14,2.9021951219512196,121,13,1
22138,BAKING SET 9 PIECE RETROSPOT ,24185.27,4937,2010-12-21 14:26:00,2011-12-09 12:50:00,256,934,4.898778610492202,1,256,2
22139,RETROSPOT TEA SET CERAMIC 11 PC ,22868.260000000002,4518,2010-12-01 09:41:00,2011-12-09 11:59:00,269,962,5.061589198760514,1,269,2
22141,CHRISTMAS CRAFT TREE TOP ANGEL,6463.790000000001,2791,2010-12-01 11:49:00,2011-12-09 11:59:00,122,457,2.3159405231099965,1,122,0
22142,CHRISTMAS CRAFT WHITE FAIRY ,4946.19,3247,2010-12-01 12:15:00,2011-12-09 10:26:00,117,377,1.5233107483831227,1,117,0
22144,CHRISTMAS CRAFT LITTLE FRIENDS,9662.28,4073,2010-12-01 11:49:00,2011-12-09 12:20:00,138,544,2.3722759636631476,1,138,2
22145,CHRISTMAS CRAFT HEART STOCKING ,63.0,30,2010-12-08 14:43:00,2010-12-08 14:43:00,1,1,2.1,366,1,1
22146,EASTER CRAFT IVY WREATH WITH CHICK,1.95,1,2011-01-25 13:15:00,2011-01-25 13:15:00,1,1,1.95,318,1,1
22147,FELTCRAFT BUTTERFLY HEARTS,8621.14,6226,2010-12-01 11:57:00,2011-12-01 11:18:00,215,481,1.3846996466431094,9,215,2
22148,EASTER CRAFT 4 CHICKS ,3917.45,1933,2010-12-20 10:14:00,2011-12-04 11:50:00,87,186,2.02661665804449,6,87,0
22149,FELTCRAFT 6 FLOWER FRIENDS,12357.08,6070,2010-12-01 11:57:00,2011-11-10 18:46:00,221,547,2.0357627677100494,29,221,2
22150,3 STRIPEY MICE FELTCRAFT,5907.84,3021,2010-12-01 10:29:00,2011-12-09 10:03:00,220,468,1.9555908639523336,1,220,2
22151,PLACE SETTING WHITE HEART,6322.21,15126,2010-12-01 12:43:00,2011-12-09 10:10:00,199,332,0.41796972101018115,1,199,2
22152,PLACE SETTING WHITE STAR,1053.08,2407,2010-12-01 12:15:00,2011-12-05 12:16:00,79,105,0.43750727046115495,5,79,0
22153,ANGEL DECORATION STARS ON DRESS,1109.05,2593,2010-12-01 11:45:00,2011-12-09 10:51:00,78,131,0.4277092171230235,1,78,0
22154,ANGEL DECORATION 3 BUTTONS ,1636.67,3745,2010-12-01 14:32:00,2011-12-09 10:03:00,80,162,0.4370280373831776,1,80,0
22155,STAR DECORATION RUSTIC,1133.61,2452,2010-12-01 14:32:00,2011-12-09 10:51:00,79,142,0.46232055464926586,1,79,0
22156,HEART DECORATION WITH PEARLS ,2113.1299999999997,2196,2010-12-01 14:32:00,2011-12-09 10:03:00,166,256,0.9622632058287794,1,166,0
22157,ANGEL DECORATION WITH LACE PADDED,180.2,212,2010-12-05 16:24:00,2011-08-31 14:28:00,9,11,0.85,100,9,0
22158,3 HEARTS HANGING DECORATION RUSTIC,11797.380000000001,3413,2010-12-03 10:43:00,2011-12-08 16:30:00,125,303,3.456601230588925,1,125,2
22161,HEART DECORATION RUSTIC HANGING ,1645.75,5083,2010-12-01 14:32:00,2011-12-09 10:26:00,192,340,0.32377532952980526,1,192,2
22162,HEART GARLAND RUSTIC PADDED,841.24,264,2010-12-01 14:32:00,2011-11-24 09:26:00,65,91,3.1865151515151515,16,65,0
22163,HEART STRING MEMO HOLDER HANGING,1042.78,875,2010-12-03 11:36:00,2011-12-09 10:03:00,76,122,1.1917485714285714,1,76,0
22164,STRING OF STARS CARD HOLDER,250.22000000000003,78,2010-12-01 13:20:00,2011-11-28 12:14:00,14,15,3.2079487179487183,12,14,0
22165,"DIAMANTE HEART SHAPED WALL MIRROR, ",3328.2,415,2010-12-01 17:06:00,2011-12-09 10:46:00,101,146,8.019759036144578,1,101,0
22166,WALL MIRROR RECTANGLE DIAMANTE PINK,1614.4,207,2010-12-03 11:28:00,2011-12-08 10:53:00,70,87,7.799033816425121,2,70,0
22167, OVAL WALL MIRROR DIAMANTE ,2391.12,236,2010-12-03 11:13:00,2011-12-09 10:03:00,119,156,10.13186440677966,1,119,0
22168,ORGANISER WOOD ANTIQUE WHITE ,1205.3,143,2010-12-01 09:56:00,2011-04-12 11:58:00,53,76,8.428671328671328,242,53,1
22169,FAMILY ALBUM WHITE PICTURE FRAME,10345.76,1197,2010-12-01 14:32:00,2011-12-08 16:30:00,215,372,8.643074352548037,1,215,2
22170,PICTURE FRAME WOOD TRIPLE PORTRAIT,6977.6,1068,2010-12-02 11:21:00,2011-12-09 10:03:00,179,265,6.533333333333334,1,179,0
22171,3 HOOK PHOTO SHELF ANTIQUE WHITE,13611.81,1794,2010-12-01 14:03:00,2011-12-09 11:26:00,208,382,7.587408026755853,1,208,2
22173,METAL 4 HOOK HANGER FRENCH CHATEAU,7767.8,2444,2010-12-01 12:58:00,2011-12-09 10:26:00,226,493,3.1783142389525367,1,226,2
22174,PHOTO CUBE,5978.78,3218,2010-12-01 10:19:00,2011-12-09 10:26:00,178,321,1.8579179614667494,1,178,2
22175,PINK OWL SOFT TOY,2594.23,877,2010-12-03 11:36:00,2011-12-09 11:59:00,127,171,2.958072976054732,1,127,0
22176,BLUE OWL SOFT TOY,1536.88,512,2010-12-01 09:41:00,2011-10-31 11:10:00,93,115,3.00171875,40,93,0
22178,VICTORIAN GLASS HANGING T-LIGHT,33146.82,24275,2010-12-01 11:41:00,2011-12-09 12:31:00,290,1037,1.365471472708548,1,290,2
22179,SET 10 NIGHT OWL LIGHTS,7226.2,966,2010-12-01 11:49:00,2011-12-09 10:26:00,175,289,7.4805383022774325,1,175,0
22180,RETROSPOT LAMP,3521.54,330,2010-12-01 10:37:00,2011-11-07 12:06:00,125,155,10.671333333333333,33,125,0
22181,SNOWSTORM PHOTO FRAME FRIDGE MAGNET,500.90999999999997,591,2010-12-02 15:46:00,2011-11-29 14:20:00,51,57,0.8475634517766497,10,51,0
22182,CAKE STAND VICTORIAN FILIGREE SMALL,1420.58,372,2010-12-01 14:32:00,2011-12-09 09:46:00,98,122,3.8187634408602147,1,98,0
22183,CAKE STAND VICTORIAN FILIGREE MED,1916.01,322,2010-12-01 11:45:00,2011-11-13 12:19:00,82,129,5.950341614906832,27,82,0
22184,CAKE STAND VICTORIAN FILIGREE LARGE,471.86,56,2010-12-01 17:06:00,2011-01-27 11:05:00,24,35,8.42607142857143,317,24,1
22185,SLATE TILE NATURAL HANGING,2235.9399999999996,1472,2010-12-01 13:21:00,2011-12-09 11:26:00,113,162,1.5189809782608692,1,113,0
22186,RED STAR CARD HOLDER,1997.48,848,2010-12-01 11:57:00,2011-12-09 10:26:00,76,149,2.3555188679245282,1,76,0
22187,GREEN CHRISTMAS TREE CARD HOLDER,3245.68,1266,2010-12-01 13:20:00,2011-12-09 10:26:00,84,192,2.563728278041074,1,84,0
22188,BLACK HEART CARD HOLDER,12483.220000000001,4870,2010-12-01 10:47:00,2011-12-08 18:43:00,135,189,2.5632895277207393,1,135,2
22189,CREAM HEART CARD HOLDER,23435.82,8284,2010-12-01 09:53:00,2011-12-08 18:43:00,245,524,2.8290463544181557,1,245,2
22190,LOCAL CAFE MUG,1057.71,676,2010-12-01 14:32:00,2011-12-09 10:20:00,87,116,1.5646597633136095,1,87,0
22191,IVORY DINER WALL CLOCK,11911.65,1445,2010-12-01 10:03:00,2011-12-08 18:03:00,221,415,8.243356401384084,1,221,2
22192,BLUE DINER WALL CLOCK,8189.29,954,2010-12-01 10:03:00,2011-12-08 18:03:00,213,365,8.58416142557652,1,213,2
22193,RED DINER WALL CLOCK,11857.07,1400,2010-12-01 10:03:00,2011-12-09 10:26:00,235,460,8.469335714285714,1,235,2
22194,BLACK DINER WALL CLOCK,625.6899999999999,66,2010-12-01 13:23:00,2011-08-11 10:14:00,41,44,9.480151515151514,121,41,0
22195,LARGE HEART MEASURING SPOONS,3720.66,1976,2010-12-01 10:03:00,2011-12-09 10:26:00,196,373,1.882925101214575,1,196,2
22196,SMALL HEART MEASURING SPOONS,2754.16,2847,2010-12-01 10:03:00,2011-12-09 10:26:00,224,472,0.9673902353354408,1,224,2
22197,POPCORN HOLDER,51334.47,56898,2010-12-01 10:19:00,2011-12-09 12:19:00,294,1392,0.9022192344194875,1,294,2
22198,LARGE POPCORN HOLDER ,1870.9099999999999,1025,2010-12-01 10:19:00,2011-02-21 11:35:00,33,86,1.8252780487804876,292,33,1
22199,FRYING PAN RED RETROSPOT,1926.59,467,2010-12-05 14:02:00,2011-12-09 11:20:00,121,167,4.125460385438972,1,121,0
22200,FRYING PAN PINK POLKADOT,1809.48,398,2010-12-03 11:13:00,2011-12-09 11:20:00,104,140,4.54643216080402,1,104,0
22201,FRYING PAN BLUE POLKADOT,716.8,193,2010-12-09 14:09:00,2011-12-08 14:38:00,67,87,3.713989637305699,1,67,0
22202,MILK PAN PINK POLKADOT,319.35,64,2010-12-02 12:16:00,2011-05-05 19:16:00,27,37,4.98984375,218,27,1
22203,MILK PAN RED RETROSPOT,1483.13,403,2010-12-01 14:32:00,2011-12-08 14:38:00,109,145,3.680223325062035,1,109,0
22204,MILK PAN BLUE POLKADOT,669.54,197,2010-12-14 13:31:00,2011-12-08 14:38:00,61,79,3.3986802030456853,1,61,0
22206,"MUG , DOTCOMGIFTSHOP.COM ",4.17,5,2010-12-17 14:54:00,2011-11-21 15:18:00,5,5,0.834,18,5,0
22207,FRYING PAN UNION FLAG,5833.59,1333,2010-12-01 14:32:00,2011-12-09 10:26:00,130,208,4.376286571642911,1,130,0
22208,WOOD STAMP SET THANK YOU,1571.4899999999998,1509,2010-12-01 17:06:00,2011-12-08 19:57:00,151,280,1.0414115308151093,1,151,0
22209,WOOD STAMP SET HAPPY BIRTHDAY,964.2199999999999,945,2010-12-02 11:41:00,2011-12-09 10:03:00,121,173,1.0203386243386243,1,121,0
22210,WOOD STAMP SET BEST WISHES,958.04,1017,2010-12-02 11:41:00,2011-12-08 13:50:00,115,187,0.9420255653883972,1,115,0
22211,WOOD STAMP SET FLOWERS,1122.3899999999999,1008,2010-12-07 14:41:00,2011-12-08 13:50:00,127,196,1.1134821428571426,1,127,0
22212,FOUR HOOK  WHITE LOVEBIRDS,3700.94,1609,2010-12-01 14:41:00,2011-12-09 10:03:00,221,399,2.3001491609695464,1,221,2
22214,CANDLE PLATE LACE WHITE,416.59999999999997,193,2010-12-13 13:52:00,2011-12-06 14:23:00,42,56,2.1585492227979275,3,42,0
22215,CAKE STAND WHITE TWO TIER LACE,2471.39,343,2010-12-02 12:33:00,2011-12-09 10:20:00,79,101,7.205218658892128,1,79,0
22216,T-LIGHT HOLDER WHITE LACE,512.93,588,2010-12-03 11:36:00,2011-12-09 08:39:00,53,68,0.8723299319727891,1,53,0
22217,T-LIGHT HOLDER HANGING LACE,831.26,839,2010-12-01 12:50:00,2011-12-09 08:39:00,60,82,0.9907747318235995,1,60,0
22218,CAKE STAND LACE WHITE,4.25,1,2010-12-15 16:50:00,2010-12-15 16:50:00,1,1,4.25,359,1,1
22219,LOVEBIRD HANGING DECORATION WHITE ,4033.7299999999996,4133,2010-12-01 11:41:00,2011-12-09 10:03:00,258,544,0.975981127510283,1,258,2
22220,CAKE STAND LOVEBIRD 2 TIER WHITE,1849.25,231,2010-12-01 17:35:00,2011-12-09 10:20:00,69,86,8.005411255411255,1,69,0
22221,CAKE STAND LOVEBIRD 2 TIER PINK,1104.54,131,2010-12-06 09:58:00,2011-12-08 12:50:00,44,51,8.431603053435115,2,44,0
22222,CAKE PLATE LOVEBIRD WHITE,3880.2,1057,2010-12-01 13:20:00,2011-12-08 16:30:00,144,222,3.6709555345316933,1,144,0
22223,CAKE PLATE LOVEBIRD PINK,1821.6100000000001,441,2010-12-06 09:58:00,2011-12-06 16:26:00,64,78,4.130634920634921,3,64,0
22224,WHITE LOVEBIRD LANTERN,2764.0600000000004,834,2010-12-01 09:53:00,2011-12-09 10:03:00,123,164,3.3142206235011997,1,123,0
22227,HANGING HEART MIRROR DECORATION ,1708.0700000000002,2341,2010-12-01 12:50:00,2011-12-09 12:00:00,186,289,0.729632635625801,1,186,0
22228,BUNNY WOODEN PAINTED WITH BIRD ,777.78,1000,2010-12-10 11:24:00,2011-12-08 12:57:00,102,147,0.77778,1,102,0
22229,BUNNY WOODEN PAINTED WITH FLOWER ,432.46,568,2010-12-10 11:24:00,2011-12-05 12:30:00,78,101,0.7613732394366197,5,78,0
22230,JIGSAW TREE WITH WATERING CAN,480.62999999999994,1047,2010-12-12 11:44:00,2011-12-04 15:19:00,83,101,0.4590544412607449,5,83,0
22231,JIGSAW TREE WITH BIRDHOUSE,1027.72,998,2010-12-05 13:26:00,2011-12-08 12:57:00,106,144,1.0297795591182366,1,106,0
22232,JIGSAW TOADSTOOLS 3 PIECE,604.4599999999999,690,2010-12-12 11:44:00,2011-12-07 14:12:00,64,83,0.8760289855072463,2,64,0
22233,JIGSAW RABBIT AND BIRDHOUSE,607.14,596,2010-12-06 11:38:00,2011-12-07 14:12:00,83,105,1.0186912751677852,2,83,0
22236,CAKE STAND 3 TIER MAGIC GARDEN,3624.5999999999995,308,2010-12-09 12:20:00,2011-11-23 16:34:00,75,88,11.768181818181816,16,75,0
22241,GARLAND WOODEN HAPPY EASTER,2609.43,1952,2010-12-01 12:43:00,2011-11-23 10:39:00,99,239,1.3367981557377049,17,99,0
22242,5 HOOK HANGER MAGIC TOADSTOOL,994.3799999999999,640,2010-12-01 09:59:00,2011-02-16 10:32:00,24,34,1.5537187499999998,297,24,1
22243,5 HOOK HANGER RED MAGIC TOADSTOOL,4751.639999999999,3098,2010-12-01 11:49:00,2011-11-30 11:31:00,95,131,1.5337766300839248,10,95,0
22244,3 HOOK HANGER MAGIC GARDEN,3276.2099999999996,1703,2010-12-01 13:04:00,2011-09-28 15:50:00,117,159,1.9237874339401055,72,117,0
22245,"HOOK, 1 HANGER ,MAGIC GARDEN",1070.0,1262,2010-12-01 17:06:00,2011-09-01 13:40:00,70,98,0.8478605388272583,99,70,0
22246,MAGIC GARDEN FELT GARLAND ,962.77,431,2010-12-01 17:06:00,2011-11-24 09:50:00,69,90,2.2338051044083524,16,69,0
22247,BUNNY DECORATION MAGIC GARDEN,591.4399999999999,668,2010-12-23 13:26:00,2011-11-25 14:53:00,78,113,0.8853892215568862,14,78,0
22248,DECORATION  PINK CHICK MAGIC GARDEN,525.09,593,2010-12-03 11:36:00,2011-12-05 17:24:00,79,109,0.8854806070826308,4,79,0
22249,DECORATION WHITE CHICK MAGIC GARDEN,812.86,928,2010-12-17 09:52:00,2011-12-08 09:20:00,83,145,0.875926724137931,2,83,0
22250,DECORATION  BUTTERFLY  MAGIC GARDEN,730.9499999999999,819,2010-12-03 11:36:00,2011-12-08 16:30:00,97,147,0.8924908424908424,1,97,0
22251,BIRDHOUSE DECORATION MAGIC GARDEN,889.49,712,2010-12-03 11:36:00,2011-12-08 16:30:00,100,137,1.2492837078651686,1,100,0
22252,BIRDCAGE DECORATION TEALIGHT HOLDER,761.57,643,2010-12-05 14:52:00,2011-12-09 10:10:00,61,67,1.1844012441679628,1,61,0
22254,FELT TOADSTOOL LARGE,836.8000000000001,657,2010-12-09 12:16:00,2011-12-07 14:39:00,53,61,1.273668188736682,2,53,0
22255,FELT TOADSTOOL  SMALL,602.63,629,2010-12-03 11:36:00,2011-12-07 14:39:00,62,77,0.9580763116057234,2,62,0
22256,FELT FARM ANIMAL CHICKEN,387.9,286,2010-12-05 11:49:00,2011-09-07 16:48:00,41,50,1.3562937062937062,93,41,0
22257,FELT FARM ANIMAL SHEEP,280.42,373,2010-12-15 11:53:00,2011-10-30 11:09:00,34,42,0.7517962466487936,41,34,0
22258,FELT FARM ANIMAL RABBIT,743.89,912,2010-12-15 11:53:00,2011-11-25 14:53:00,48,77,0.8156688596491228,14,48,0
22259,FELT FARM ANIMAL HEN,332.84,481,2010-12-15 11:53:00,2011-04-26 13:05:00,30,44,0.6919750519750519,227,30,1
22260,FELT EGG COSY BLUE RABBIT ,577.4399999999999,552,2010-12-01 16:57:00,2011-12-09 10:03:00,69,104,1.046086956521739,1,69,0
22261,FELT EGG COSY WHITE RABBIT ,544.7099999999999,579,2010-12-01 09:41:00,2011-12-09 10:03:00,77,107,0.9407772020725387,1,77,0
22262,FELT EGG COSY CHICKEN,950.4599999999999,1023,2010-12-01 09:41:00,2011-12-06 12:59:00,97,137,0.929090909090909,3,97,0
22263,FELT EGG COSY LADYBIRD ,195.97,326,2010-12-10 09:51:00,2011-12-08 09:20:00,43,51,0.6011349693251534,2,43,0
22264,FELT FARM ANIMAL WHITE BUNNY ,736.98,1561,2010-12-02 15:39:00,2011-12-09 10:03:00,61,96,0.4721204356181935,1,61,0
22265,EASTER DECORATION NATURAL CHICK,363.55,536,2010-12-01 14:32:00,2011-11-29 13:12:00,48,64,0.6782649253731343,10,48,0
22266,EASTER DECORATION HANGING BUNNY,595.85,1887,2011-01-07 16:32:00,2011-12-07 12:55:00,76,92,0.31576576576576576,2,76,0
22267,EASTER DECORATION EGG BUNNY ,673.17,836,2011-01-07 16:32:00,2011-12-05 15:59:00,65,83,0.8052272727272727,4,65,0
22268,DECORATION SITTING BUNNY,802.34,2009,2011-01-05 11:30:00,2011-11-10 15:32:00,114,158,0.3993728222996516,29,114,0
22269,EGG CUP NATURAL CHICKEN,621.49,932,2010-12-09 14:09:00,2011-12-07 16:56:00,100,125,0.6668347639484978,2,100,0
22270,HAPPY EASTER HANGING DECORATION,942.1999999999999,243,2010-12-14 12:58:00,2011-11-22 17:21:00,44,53,3.8773662551440324,17,44,0
22271,FELTCRAFT DOLL ROSIE,5007.35,1701,2010-12-01 11:49:00,2011-11-25 08:55:00,175,301,2.9437683715461493,15,175,0
22272,FELTCRAFT DOLL MARIA,564.9200000000001,196,2010-12-02 08:52:00,2011-05-22 11:51:00,35,48,2.882244897959184,202,35,1
22273,FELTCRAFT DOLL MOLLY,12001.59,4509,2010-12-01 11:49:00,2011-12-09 10:03:00,191,331,2.6616966067864274,1,191,2
22274,FELTCRAFT DOLL EMILY,3953.4800000000005,1340,2010-12-01 11:49:00,2011-12-08 09:20:00,157,267,2.9503582089552243,2,157,0
22275,WEEKEND BAG VINTAGE ROSE PAISLEY,527.85,69,2010-12-02 16:51:00,2010-12-02 16:51:00,1,1,7.65,372,1,1
22276,WASH BAG VINTAGE ROSE PAISLEY,838.86,290,2010-12-01 14:32:00,2011-12-08 13:50:00,71,85,2.8926206896551725,1,71,0
22277,COSMETIC BAG VINTAGE ROSE PAISLEY,897.74,417,2010-12-01 13:51:00,2011-12-09 10:03:00,83,100,2.152853717026379,1,83,0
22278,OVERNIGHT BAG VINTAGE ROSE PAISLEY,2704.35,405,2010-12-01 14:41:00,2011-12-09 10:26:00,122,178,6.677407407407407,1,122,0
22279,POCKET BAG BLUE PAISLEY RED SPOT,1003.4,831,2010-12-06 10:03:00,2011-12-09 10:03:00,93,128,1.2074608904933815,1,93,0
22280,POCKET BAG PINK PAISELY BROWN SPOT,509.59,468,2010-12-06 10:03:00,2011-12-09 10:03:00,72,95,1.0888675213675214,1,72,0
22281,EASTER TREE YELLOW BIRDS,929.44,131,2010-12-13 09:35:00,2011-12-07 13:12:00,50,63,7.0949618320610695,2,50,0
22282,12 EGG HOUSE PAINTED WOOD,2378.52,149,2010-12-06 09:58:00,2011-12-08 15:54:00,79,99,15.963221476510068,1,79,0
22283,6 EGG HOUSE PAINTED WOOD,2726.43,299,2010-12-01 17:06:00,2011-12-08 15:54:00,124,155,9.118494983277591,1,124,0
22284,HEN HOUSE DECORATION,1597.0699999999997,927,2010-12-02 11:41:00,2011-12-05 14:51:00,87,131,1.7228371089536134,4,87,0
22285,HANGING HEN ON NEST DECORATION,1493.2499999999998,870,2010-12-02 11:41:00,2011-12-05 17:24:00,82,120,1.7163793103448273,4,82,0
22286,DECORATION WOBBLY RABBIT METAL ,1022.4899999999999,1123,2010-12-10 14:59:00,2011-12-01 12:01:00,87,115,0.9104986642920747,9,87,0
22287,DECORATION WOBBLY CHICKEN,716.8599999999999,794,2010-12-10 14:59:00,2011-12-01 12:01:00,66,80,0.9028463476070527,9,66,0
22288,HANGING METAL RABBIT DECORATION,616.95,474,2010-12-03 11:36:00,2011-12-06 09:48:00,49,58,1.3015822784810127,4,49,0
22289,HANGING METAL CHICKEN DECORATION,193.52,148,2010-12-13 11:21:00,2011-11-22 11:18:00,32,34,1.3075675675675675,18,32,0
22291,HANGING CHICK CREAM DECORATION,1906.02,1289,2010-12-10 11:01:00,2011-11-25 14:53:00,79,120,1.4786811481768813,14,79,0
22292,HANGING CHICK  YELLOW DECORATION,1604.51,1136,2010-12-02 13:14:00,2011-11-25 14:53:00,80,112,1.4124207746478874,14,80,0
22293,HANGING CHICK GREEN DECORATION,1335.87,903,2010-12-07 15:28:00,2011-11-22 11:18:00,89,122,1.4793687707641194,18,89,0
22294,HEART FILIGREE DOVE  SMALL,6805.08,5457,2010-12-01 12:15:00,2011-12-08 16:30:00,180,299,1.2470368334249589,1,180,2
22295,HEART FILIGREE DOVE LARGE,4613.969999999999,2789,2010-12-01 12:23:00,2011-12-08 12:57:00,155,250,1.6543456435998563,1,155,0
22296,HEART IVORY TRELLIS LARGE,5247.719999999999,3140,2010-12-01 11:29:00,2011-12-08 09:20:00,192,318,1.6712484076433118,2,192,2
22297,HEART IVORY TRELLIS SMALL,5459.91,4164,2010-12-01 11:29:00,2011-12-08 10:53:00,199,378,1.3112175792507204,2,199,2
22299,PIG KEYRING WITH LIGHT & SOUND ,1386.97,1379,2010-12-01 14:32:00,2011-12-09 10:46:00,60,80,1.0057795503988398,1,60,0
22300,COFFEE MUG DOG + BALL DESIGN,3409.21,1528,2010-12-01 14:32:00,2011-12-09 10:03:00,127,196,2.231158376963351,1,127,0
22301,COFFEE MUG CAT + BIRD DESIGN,4980.83,2205,2010-12-01 14:32:00,2011-12-09 10:26:00,154,252,2.2588798185941044,1,154,0
22302,COFFEE MUG PEARS  DESIGN,5134.29,2329,2010-12-15 16:03:00,2011-12-09 10:26:00,149,212,2.2045040790038644,1,149,0
22303,COFFEE MUG APPLES DESIGN,6338.25,2816,2010-12-14 15:52:00,2011-12-09 10:26:00,172,261,2.2507990056818183,1,172,2
22304,COFFEE MUG BLUE PAISLEY DESIGN,1352.88,761,2010-12-01 17:06:00,2011-12-09 10:26:00,53,61,1.7777660972404732,1,53,0
22305,COFFEE MUG PINK PAISLEY DESIGN,1604.58,693,2010-12-05 11:12:00,2011-12-07 17:05:00,49,51,2.3154112554112554,2,49,0
22306,SILVER MUG BONE CHINA TREE OF LIFE,1415.8500000000001,1162,2010-12-03 14:26:00,2011-12-06 12:26:00,66,111,1.2184595524956972,4,66,0
22307,GOLD MUG BONE CHINA TREE OF LIFE,969.64,770,2010-12-03 15:45:00,2011-12-09 10:03:00,52,74,1.2592727272727273,1,52,0
22308,TEA COSY BLUE STRIPE,877.38,250,2010-12-01 17:06:00,2011-12-09 10:26:00,80,105,3.50952,1,80,0
22309,TEA COSY RED  STRIPE,1091.05,369,2010-12-01 14:32:00,2011-12-09 10:03:00,90,121,2.9567750677506774,1,90,0
22310,IVORY KNITTED MUG COSY ,1296.23,668,2010-12-01 08:34:00,2011-12-08 17:57:00,83,109,1.9404640718562876,1,83,0
22311,OFFICE MUG WARMER BLACK+SILVER ,3403.76,1132,2010-12-01 13:38:00,2011-12-06 16:33:00,105,142,3.006855123674912,3,105,0
22312,OFFICE MUG WARMER POLKADOT,1950.4900000000002,645,2010-12-01 12:23:00,2011-12-08 09:28:00,97,131,3.0240155038759693,2,97,0
22313,OFFICE MUG WARMER PINK,1564.8300000000002,565,2010-12-01 15:08:00,2011-12-09 10:20:00,57,65,2.769610619469027,1,57,0
22314,OFFICE MUG WARMER CHOC+BLUE,1759.1200000000001,570,2010-12-01 14:32:00,2011-12-09 10:20:00,91,133,3.0861754385964915,1,91,0
22315,200 RED + WHITE BENDY STRAWS,1218.93,916,2010-12-01 13:24:00,2011-12-08 09:20:00,121,172,1.3307096069868996,2,121,0
22316,200 BENDY SKULL STRAWS,742.37,660,2010-12-02 12:47:00,2011-12-06 14:23:00,50,55,1.1248030303030303,3,50,0
22317,FIVE CATS HANGING DECORATION,879.6700000000001,286,2010-12-01 17:06:00,2011-11-29 11:23:00,72,89,3.075769230769231,11,72,0
22318,FIVE HEART HANGING DECORATION,1541.6200000000001,462,2010-12-01 09:59:00,2011-12-05 17:28:00,108,142,3.336839826839827,4,108,0
22319,HAIRCLIPS FORTIES FABRIC ASSORTED,572.26,1322,2010-12-09 14:49:00,2011-12-09 10:46:00,50,61,0.43287443267776093,1,50,0
22320,BIRDS MOBILE VINTAGE DESIGN,1147.27,189,2010-12-02 12:28:00,2011-12-08 19:28:00,63,73,6.07021164021164,1,63,0
22321,BIRD DECORATION RED RETROSPOT,860.93,893,2010-12-01 11:57:00,2011-12-08 16:30:00,100,132,0.964087346024636,1,100,0
22322,BIRD DECORATION GREEN POLKADOT,747.81,820,2010-12-06 10:08:00,2011-11-11 13:06:00,93,139,0.9119634146341463,28,93,0
22323,PINK POLKADOT KIDS BAG,1.95,1,2011-01-12 13:19:00,2011-01-12 13:19:00,1,1,1.95,331,1,1
22324,BLUE POLKADOT KIDS BAG,688.3,286,2010-12-01 17:06:00,2011-12-09 10:03:00,62,74,2.4066433566433565,1,62,0
22325,MOBILE VINTAGE HEARTS ,1146.3500000000001,249,2010-12-01 17:06:00,2011-11-29 13:37:00,72,93,4.603815261044177,10,72,0
22326,ROUND SNACK BOXES SET OF4 WOODLAND ,24364.870000000003,8535,2010-12-01 08:45:00,2011-12-09 12:09:00,268,732,2.8547006444053897,1,268,2
22327,ROUND SNACK BOXES SET OF 4 SKULLS,4304.25,1167,2010-12-01 11:49:00,2011-12-09 10:26:00,185,287,3.6883033419023135,1,185,0
22328,ROUND SNACK BOXES SET OF 4 FRUITS ,19094.97,6835,2010-12-01 11:49:00,2011-12-09 12:09:00,259,581,2.793704462326262,1,259,2
22329,ROUND CONTAINER SET OF 5 RETROSPOT,2661.89,1603,2010-12-06 09:58:00,2011-12-09 10:03:00,156,238,1.6605676855895195,1,156,0
22331,WOODLAND PARTY BAG + STICKER SET,2975.14,1840,2010-12-01 17:06:00,2011-12-09 11:59:00,135,183,1.6169239130434783,1,135,0
22332,SKULLS PARTY BAG + STICKER SET,1677.9999999999998,1032,2010-12-02 12:47:00,2011-12-05 09:03:00,119,148,1.6259689922480618,5,119,0
22333,RETROSPOT PARTY BAG + STICKER SET,7043.94,4492,2010-12-01 12:23:00,2011-12-07 12:48:00,201,317,1.5681077471059661,3,201,2
22334,DINOSAUR PARTY BAG + STICKER SET,1160.7099999999998,707,2010-12-02 17:48:00,2011-12-07 12:48:00,84,101,1.6417397454031115,3,84,0
22335,HEART DECORATION PAINTED ZINC ,1668.89,2380,2010-12-01 14:32:00,2011-12-08 09:28:00,149,225,0.7012142857142858,2,149,0
22336,DOVE DECORATION PAINTED ZINC ,754.0300000000001,2381,2010-12-01 14:32:00,2011-10-14 14:54:00,54,79,0.31668626627467455,56,54,0
22337,ANGEL DECORATION PAINTED ZINC ,574.5400000000001,912,2010-12-03 15:16:00,2011-12-02 12:52:00,48,77,0.6299780701754387,7,48,0
22338,STAR DECORATION PAINTED ZINC ,1233.91,4679,2010-12-01 10:29:00,2011-12-09 10:03:00,77,180,0.2637123316948066,1,77,0
22339,CHRISTMAS TREE PAINTED ZINC ,683.3100000000001,2468,2010-12-03 15:16:00,2011-11-20 10:15:00,46,83,0.2768679092382496,20,46,0
22340,NOEL GARLAND PAINTED ZINC ,787.2099999999999,1398,2010-12-06 10:08:00,2011-12-09 10:03:00,66,128,0.5630972818311873,1,66,0
22341,LOVE GARLAND PAINTED ZINC ,827.6299999999999,453,2010-12-02 15:18:00,2011-12-08 10:53:00,64,78,1.826997792494481,2,64,0
22342,HOME GARLAND PAINTED ZINC ,1111.58,997,2010-12-01 17:06:00,2011-12-09 10:03:00,101,128,1.1149247743229689,1,101,0
22343,PARTY PIZZA DISH RED RETROSPOT,873.3299999999999,1974,2010-12-02 13:49:00,2011-12-08 18:15:00,67,94,0.4424164133738601,1,67,0
22344,PARTY PIZZA DISH PINK POLKADOT,459.81,1225,2010-12-05 15:21:00,2011-12-08 18:15:00,58,76,0.37535510204081635,1,58,0
22345,PARTY PIZZA DISH BLUE POLKADOT,399.05,1117,2010-12-01 14:32:00,2011-12-08 18:15:00,52,71,0.35725156669650854,1,52,0
22346,PARTY PIZZA DISH GREEN POLKADOT,381.09,1034,2010-12-05 15:21:00,2011-12-08 18:15:00,48,59,0.36855899419729204,1,48,0
22348,TEA BAG PLATE RED RETROSPOT,3583.29,4084,2010-12-01 14:32:00,2011-12-09 10:03:00,201,358,0.8773971596474045,1,201,2
22349,DOG BOWL CHASING BALL DESIGN,5381.5199999999995,1366,2010-12-01 10:39:00,2011-12-05 17:28:00,94,131,3.9396193265007318,4,94,0
22350,ILLUSTRATED CAT BOWL ,3822.1199999999994,1410,2010-12-01 17:06:00,2011-12-08 17:57:00,96,120,2.7107234042553188,1,96,0
22351,DOTCOMGIFTSHOP TEA TOWEL,23.089999999999996,13,2011-02-18 14:18:00,2011-06-29 15:58:00,2,2,1.776153846153846,163,2,1
22352,LUNCH BOX WITH CUTLERY RETROSPOT ,7860.969999999999,3088,2010-12-01 09:37:00,2011-12-09 10:26:00,224,482,2.545650906735751,1,224,2
22353,LUNCH BOX WITH CUTLERY FAIRY CAKES ,153.0,60,2011-02-06 11:29:00,2011-05-08 12:58:00,19,24,2.55,215,19,1
22354,RETROSPOT PADDED SEAT CUSHION,2860.98,750,2010-12-05 12:42:00,2011-12-06 16:26:00,70,83,3.81464,3,70,0
22355,CHARLOTTE BAG SUKI DESIGN,29254.149999999998,18124,2010-12-01 14:05:00,2011-12-09 10:23:00,285,882,1.6141111233723238,1,285,2
22356,CHARLOTTE BAG PINK POLKADOT,11417.74,9716,2010-12-01 14:32:00,2011-12-09 10:23:00,269,742,1.1751482091395635,1,269,2
22357,KINGS CHOICE BISCUIT TIN,2175.04,468,2010-12-01 12:03:00,2011-12-09 10:26:00,128,180,4.647521367521367,1,128,0
22358,KINGS CHOICE TEA CADDY ,2551.2200000000003,698,2010-12-01 12:03:00,2011-12-09 10:26:00,167,255,3.6550429799426936,1,167,0
22359,GLASS JAR KINGS CHOICE,605.7700000000001,183,2010-12-01 14:32:00,2011-12-06 12:56:00,71,81,3.310218579234973,3,71,0
22360,GLASS JAR ENGLISH CONFECTIONERY,3192.82,1010,2010-12-01 13:21:00,2011-12-08 12:43:00,145,214,3.1612079207920796,2,145,0
22361,GLASS JAR DAISY FRESH COTTON WOOL,2592.33,727,2010-12-01 14:32:00,2011-12-09 10:03:00,164,268,3.5657909215955983,1,164,0
22362,GLASS JAR PEACOCK BATH SALTS,1329.44,408,2010-12-03 15:19:00,2011-12-09 10:03:00,105,133,3.25843137254902,1,105,0
22363,GLASS JAR MARMALADE ,1380.8,480,2010-12-03 11:36:00,2011-12-08 11:15:00,75,81,2.8766666666666665,2,75,0
22364,GLASS JAR DIGESTIVE BISCUITS,2001.32,616,2010-12-01 13:21:00,2011-12-08 19:28:00,122,164,3.248896103896104,1,122,0
22365,DOORMAT RESPECTABLE HOUSE,5754.03,789,2010-12-02 09:29:00,2011-12-08 16:30:00,125,179,7.292813688212927,1,125,0
22366,DOORMAT AIRMAIL ,6034.9,800,2010-12-01 14:54:00,2011-12-08 17:57:00,155,220,7.543625,1,155,0
22367,CHILDRENS APRON SPACEBOY DESIGN,7508.58,3749,2010-12-01 11:57:00,2011-12-09 12:50:00,248,550,2.0028220858895707,1,248,2
22371,AIRLINE BAG VINTAGE TOKYO 78,5072.32,1086,2010-12-01 11:41:00,2011-12-09 10:26:00,205,392,4.670644567219153,1,205,2
22372,AIRLINE BAG VINTAGE WORLD CHAMPION ,1289.49,279,2010-12-01 12:31:00,2011-12-09 10:03:00,116,147,4.6218279569892475,1,116,0
22374,AIRLINE BAG VINTAGE JET SET RED,2427.52,546,2010-12-02 11:57:00,2011-12-09 10:26:00,152,223,4.446007326007326,1,152,0
22375,AIRLINE BAG VINTAGE JET SET BROWN,1626.54,346,2010-12-01 14:32:00,2011-12-08 16:30:00,127,167,4.700982658959537,1,127,0
22376,AIRLINE BAG VINTAGE JET SET WHITE,1133.2,252,2010-12-01 12:31:00,2011-12-08 09:28:00,103,122,4.496825396825397,2,103,0
22377,BOTTLE BAG RETROSPOT ,2171.53,1330,2010-12-06 10:08:00,2011-12-08 09:28:00,133,207,1.632729323308271,2,133,0
22378,WALL TIDY RETROSPOT ,3638.5699999999997,2283,2010-12-01 14:32:00,2011-12-09 10:26:00,162,293,1.5937669732807709,1,162,0
22379,RECYCLING BAG RETROSPOT ,15607.59,6896,2010-12-01 09:45:00,2011-12-09 10:26:00,263,748,2.2632816125290023,1,263,2
22380,TOY TIDY SPACEBOY  ,2815.46,1312,2010-12-01 14:32:00,2011-12-09 10:03:00,183,285,2.1459298780487805,1,183,0
22381,TOY TIDY PINK POLKADOT,7433.74,3439,2010-12-01 09:45:00,2011-12-09 10:26:00,234,469,2.1615993021227102,1,234,2
22382,LUNCH BAG SPACEBOY DESIGN ,18031.31,10427,2010-12-01 11:21:00,2011-12-08 16:30:00,285,1157,1.7292903040184138,1,285,2
22383,LUNCH BAG SUKI DESIGN ,22486.34,12518,2010-12-01 11:29:00,2011-12-09 10:23:00,287,1284,1.7963204984821857,1,287,2
22384,LUNCH BAG PINK POLKADOT,17388.99,10487,2010-12-01 11:21:00,2011-12-09 10:26:00,292,1090,1.6581472299036903,1,292,2
22385,JUMBO BAG SPACEBOY DESIGN,17071.59,8666,2010-12-02 11:57:00,2011-12-08 16:30:00,241,686,1.969950380798523,1,241,2
22386,JUMBO BAG PINK POLKADOT,42401.01,21448,2010-12-01 09:37:00,2011-12-09 12:19:00,288,1218,1.9769213912719135,1,288,2
22389,PAPERWEIGHT SAVE THE PLANET,641.55,338,2010-12-06 08:34:00,2011-12-08 19:24:00,37,45,1.898076923076923,1,37,0
22390,PAPERWEIGHT CHILDHOOD MEMORIES,440.34,266,2010-12-05 11:57:00,2011-12-08 15:54:00,32,36,1.6554135338345863,1,32,0
22391,PAPERWEIGHT HOME SWEET HOME,245.57999999999998,158,2010-12-10 14:53:00,2011-12-08 15:54:00,29,29,1.5543037974683542,1,29,0
22393,PAPERWEIGHT VINTAGE COLLAGE,736.88,510,2010-12-01 17:06:00,2011-12-08 16:58:00,54,71,1.4448627450980391,1,54,0
22394,PAPERWEIGHT KINGS CHOICE ,230.67999999999998,168,2010-12-01 14:32:00,2011-12-09 11:20:00,20,23,1.373095238095238,1,20,0
22395,PAPERWEIGHT VINTAGE PAISLEY,220.04,152,2010-12-03 11:36:00,2011-12-08 16:58:00,26,33,1.4476315789473684,1,26,0
22396,MAGNETS PACK OF 4 RETRO PHOTO,630.37,1226,2010-12-01 14:32:00,2011-12-09 10:03:00,101,128,0.514168026101142,1,101,0
22398,MAGNETS PACK OF 4 SWALLOWS,1589.12,2575,2010-12-03 14:54:00,2011-12-09 12:31:00,151,248,0.6171339805825242,1,151,0
22399,MAGNETS PACK OF 4 CHILDHOOD MEMORY,1347.08,1152,2010-12-01 15:00:00,2011-12-02 10:47:00,85,98,1.1693402777777777,8,85,0
22400,MAGNETS PACK OF 4 HOME SWEET HOME,729.09,1393,2010-12-01 15:00:00,2011-12-07 13:38:00,107,150,0.5233955491744436,2,107,0
22402,MAGNETS PACK OF 4 VINTAGE COLLAGE,1033.16,1719,2010-12-01 15:00:00,2011-12-08 13:50:00,107,151,0.6010238510762071,1,107,0
22403,MAGNETS PACK OF 4 VINTAGE LABELS ,689.28,1322,2010-12-05 11:10:00,2011-12-07 12:17:00,93,125,0.5213918305597579,3,93,0
22405,MONEY BOX POCKET MONEY DESIGN,415.36,372,2010-12-01 17:06:00,2011-12-08 15:54:00,59,70,1.1165591397849464,1,59,0
22406,MONEY BOX KINGS CHOICE DESIGN,403.46,346,2010-12-02 16:38:00,2011-12-08 15:31:00,69,84,1.1660693641618496,1,69,0
22407,MONEY BOX FIRST ADE DESIGN,99.28,94,2010-12-17 10:12:00,2011-12-07 09:35:00,24,24,1.0561702127659574,3,24,0
22408,MONEY BOX CONFECTIONERY DESIGN,162.44,145,2010-12-02 16:38:00,2011-12-06 12:11:00,27,29,1.1202758620689655,4,27,0
22409,MONEY BOX BISCUITS DESIGN,299.72,228,2010-12-01 17:06:00,2011-12-06 12:56:00,54,57,1.314561403508772,3,54,0
22410,MONEY BOX HOUSEKEEPING DESIGN,247.42000000000002,237,2010-12-16 18:18:00,2011-12-08 15:54:00,53,58,1.0439662447257385,1,53,0
22411,JUMBO SHOPPER VINTAGE RED PAISLEY,28577.1,12574,2010-12-01 09:41:00,2011-12-09 12:19:00,286,1175,2.272713535867663,1,286,2
22412,METAL SIGN NEIGHBOURHOOD WITCH ,1931.8500000000001,911,2010-12-03 11:13:00,2011-11-10 16:15:00,114,147,2.120581778265642,29,114,0
22413,METAL SIGN TAKE IT OR LEAVE IT ,11095.94,3774,2010-12-01 11:21:00,2011-12-08 13:47:00,234,412,2.9401006889242183,1,234,2
22414,DOORMAT NEIGHBOURHOOD WITCH ,2038.39,279,2010-12-03 13:42:00,2011-12-08 10:53:00,78,95,7.306057347670251,2,78,0
22415,WHITE TISSUE REAM,151.05,19,2010-12-05 11:45:00,2011-01-26 11:27:00,12,13,7.95,318,12,1
22416,SET OF 36 DOILIES SPACEBOY DESIGN ,1210.82,868,2010-12-06 09:58:00,2011-12-04 11:45:00,69,76,1.3949539170506913,6,69,0
22417,PACK OF 60 SPACEBOY CAKE CASES,4563.24,8420,2010-12-01 11:29:00,2011-12-08 12:43:00,246,520,0.5419524940617577,2,246,2
22418,10 COLOUR SPACEBOY PEN,5585.45,6564,2010-12-01 11:41:00,2011-12-09 10:03:00,183,318,0.8509216940889701,1,183,2
22419,LIPSTICK PEN RED,1673.1,3338,2010-12-01 14:32:00,2011-12-09 10:03:00,151,272,0.5012282804074296,1,151,0
22420,LIPSTICK PEN BABY PINK,611.3,1333,2010-12-01 17:06:00,2011-12-09 10:03:00,92,126,0.45858964741185293,1,92,0
22421,LIPSTICK PEN FUSCHIA,1347.1,2597,2010-12-01 16:33:00,2011-12-09 10:03:00,142,213,0.5187139006546014,1,142,0
22422,TOOTHPASTE TUBE PEN,776.1,1273,2010-12-01 14:32:00,2011-12-09 10:26:00,125,205,0.6096622152395915,1,125,0
22423,REGENCY CAKESTAND 3 TIER,174156.54,13851,2010-12-01 12:27:00,2011-12-09 10:23:00,301,1988,12.573571583279186,1,301,2
22424,ENAMEL BREAD BIN CREAM,12358.33,873,2010-12-01 09:53:00,2011-12-09 10:26:00,230,454,14.156162657502863,1,230,2
22425,ENAMEL COLANDER CREAM,2346.1200000000003,460,2010-12-01 17:06:00,2011-12-08 10:53:00,119,166,5.1002608695652185,2,119,0
22426,ENAMEL WASH BOWL CREAM,2855.21,742,2010-12-02 13:45:00,2011-12-08 11:21:00,143,208,3.8479919137466307,2,143,0
22427,ENAMEL FLOWER JUG CREAM,12647.26,2106,2010-12-01 09:53:00,2011-11-28 14:26:00,210,506,6.005346628679962,11,210,2
22428,ENAMEL FIRE BUCKET CREAM,1854.76,246,2010-12-01 09:53:00,2011-12-08 09:28:00,93,114,7.539674796747968,2,93,0
22429,ENAMEL MEASURING JUG CREAM,5507.18,1262,2010-12-01 12:54:00,2011-12-09 10:26:00,211,376,4.3638510301109354,1,211,2
22430,ENAMEL WATERING CAN CREAM,3241.34,617,2010-12-01 14:32:00,2011-12-08 12:07:00,135,195,5.253387358184765,2,135,0
22431,WATERING CAN BLUE ELEPHANT,3998.7099999999996,2058,2010-12-02 10:39:00,2011-12-08 18:15:00,187,334,1.9430077745383867,1,187,0
22432,WATERING CAN PINK BUNNY,3342.8199999999997,1716,2010-12-01 14:32:00,2011-12-08 18:15:00,165,277,1.9480303030303028,1,165,0
22433,WATERING CAN GREEN DINOSAUR,2667.5,1394,2010-12-02 10:39:00,2011-12-08 18:15:00,137,227,1.913558106169297,1,137,0
22434,BALLOON PUMP WITH 10 BALLOONS,1570.41,793,2010-12-02 10:17:00,2011-12-08 15:03:00,103,124,1.9803404791929382,1,103,0
22435,SET OF 9 HEART SHAPED BALLOONS,3445.5,2757,2010-12-01 11:21:00,2011-12-07 13:38:00,177,266,1.249727965179543,2,177,0
22436,12 COLOURED PARTY BALLOONS,1398.51,2134,2010-12-02 13:32:00,2011-12-07 12:48:00,122,163,0.6553467666354265,3,122,0
22437,SET OF 9 BLACK SKULL BALLOONS,2417.24,2828,2010-12-01 14:32:00,2011-12-09 10:03:00,165,226,0.8547524752475246,1,165,0
22438,BALLOON ART MAKE YOUR OWN FLOWERS,1034.9,1009,2010-12-01 09:41:00,2011-12-08 15:31:00,71,98,1.0256689791873144,1,71,0
22439,6 ROCKET BALLOONS ,1293.22,1898,2010-12-02 14:23:00,2011-12-08 16:30:00,140,197,0.681359325605901,1,140,0
22440,BALLOON WATER BOMB PACK OF 35,2375.04,6010,2010-12-02 10:17:00,2011-12-06 11:58:00,114,154,0.39518136439267887,4,114,0
22441,GROW YOUR OWN BASIL IN ENAMEL MUG,2292.9100000000003,1047,2010-12-01 11:21:00,2011-12-09 10:03:00,148,219,2.1899808978032476,1,148,0
22442,GROW YOUR OWN FLOWERS SET OF 3,1241.3,296,2010-12-02 12:18:00,2011-12-09 11:26:00,56,78,4.1935810810810805,1,56,0
22443,GROW YOUR OWN HERBS SET OF 3,1391.74,164,2010-12-02 19:59:00,2011-08-05 15:38:00,70,90,8.486219512195122,126,70,0
22444,GROW YOUR OWN PLANT IN A CAN ,1106.62,838,2010-12-01 13:24:00,2011-05-19 10:47:00,38,57,1.3205489260143197,205,38,1
22445,PENCIL CASE LIFE IS BEAUTIFUL,1615.91,534,2010-12-01 13:17:00,2011-12-08 14:39:00,92,130,3.0260486891385767,1,92,0
22446,PIN CUSHION BABUSHKA PINK,1135.18,439,2010-12-01 17:06:00,2011-12-09 10:03:00,90,133,2.5858314350797267,1,90,0
22447,PIN CUSHION BABUSHKA BLUE,410.81,137,2010-12-01 17:06:00,2011-12-09 10:46:00,35,45,2.998613138686131,1,35,0
22448,PIN CUSHION BABUSHKA RED,656.4300000000001,201,2010-12-01 17:06:00,2011-12-06 12:56:00,36,45,3.2658208955223884,3,36,0
22449,SILK PURSE BABUSHKA PINK,1583.95,491,2010-12-01 10:52:00,2011-11-24 11:52:00,98,143,3.225967413441955,16,98,0
22450,SILK PURSE BABUSHKA BLUE,657.76,194,2010-12-02 13:14:00,2011-11-28 15:34:00,45,58,3.390515463917526,11,45,0
22451,SILK PURSE BABUSHKA RED,775.8000000000001,222,2010-12-01 11:21:00,2011-05-13 11:12:00,30,51,3.494594594594595,211,30,1
22452,MEASURING TAPE BABUSHKA PINK,1760.3100000000002,722,2010-12-02 15:19:00,2011-12-06 14:23:00,96,144,2.4381024930747923,3,96,0
22453,MEASURING TAPE BABUSHKA BLUE,1185.79,442,2010-12-01 13:17:00,2011-12-08 15:03:00,57,78,2.682782805429864,1,57,0
22454,MEASURING TAPE BABUSHKA RED,757.0200000000001,266,2010-12-01 13:17:00,2011-11-16 11:05:00,32,41,2.8459398496240604,24,32,0
22456,NATURAL SLATE CHALKBOARD LARGE ,9534.67,1727,2010-12-03 11:27:00,2011-12-09 10:26:00,233,476,5.520943833236827,1,233,2
22457,NATURAL SLATE HEART CHALKBOARD ,27991.61,9119,2010-12-01 09:53:00,2011-12-09 10:26:00,297,1249,3.0695920605329534,1,297,2
22458,CAST IRON HOOK GARDEN FORK,1421.83,523,2010-12-01 17:06:00,2011-04-20 11:05:00,21,23,2.718604206500956,234,21,1
22459,CAST IRON HOOK GARDEN TROWEL,1018.19,386,2010-12-01 17:06:00,2011-04-27 11:47:00,22,25,2.63779792746114,227,22,1
22460,EMBOSSED GLASS TEALIGHT HOLDER,3273.5,2546,2010-12-02 10:39:00,2011-12-09 12:31:00,151,211,1.2857423409269442,1,151,0
22461,SAVOY ART DECO CLOCK,1453.5800000000002,239,2010-12-05 16:24:00,2011-08-12 12:37:00,42,53,6.081924686192469,120,42,0
22464,HANGING METAL HEART LANTERN,5485.629999999999,3402,2010-12-01 09:53:00,2011-12-09 11:56:00,212,351,1.6124720752498527,1,212,2
22465,HANGING METAL STAR LANTERN,3141.5399999999995,2053,2010-12-01 11:41:00,2011-12-09 11:56:00,120,198,1.5302191914271794,1,120,0
22466,FAIRY TALE COTTAGE NIGHT LIGHT,5605.79,3069,2010-12-01 09:58:00,2011-12-09 12:31:00,135,209,1.8265852069077875,1,135,0
22467,GUMBALL COAT RACK,18798.670000000002,7926,2010-12-01 11:21:00,2011-12-09 10:03:00,259,681,2.3717726469846077,1,259,2
22468,BABUSHKA LIGHTS STRING OF 10,3633.17,517,2010-12-01 10:52:00,2011-12-08 10:53:00,118,153,7.027408123791103,2,118,0
22469,HEART OF WICKER SMALL,32094.6,17963,2010-12-01 09:53:00,2011-12-09 11:34:00,258,1201,1.7867060067917384,1,258,2
22470,HEART OF WICKER LARGE,30098.11,9887,2010-12-01 09:53:00,2011-12-08 17:54:00,240,925,3.0442105795489027,1,240,2
22471,TV DINNER TRAY AIR HOSTESS ,1502.02,419,2010-12-01 14:32:00,2011-12-09 10:26:00,76,105,3.5847732696897374,1,76,0
22472,TV DINNER TRAY DOLLY GIRL,1527.01,320,2010-12-01 11:57:00,2011-12-08 15:54:00,78,107,4.77190625,1,78,0
22473,TV DINNER TRAY VINTAGE PAISLEY,1623.04,503,2010-12-01 11:21:00,2011-12-08 15:54:00,79,112,3.226719681908549,1,79,0
22474,SPACEBOY TV DINNER TRAY,1636.27,303,2010-12-02 13:49:00,2011-12-09 10:26:00,93,132,5.40023102310231,1,93,0
22475,SKULL DESIGN TV DINNER TRAY,1590.82,313,2010-12-05 15:12:00,2011-12-08 17:54:00,104,138,5.082492012779553,1,104,0
22476,EMPIRE UNION JACK TV DINNER TRAY,2839.21,880,2010-12-01 14:32:00,2011-12-09 09:07:00,94,125,3.226375,1,94,0
22477,WATERING CAN GARDEN MARKER,1967.9,1364,2010-12-01 14:32:00,2011-12-08 16:30:00,102,127,1.442741935483871,1,102,0
22478,BIRDHOUSE GARDEN MARKER ,2210.62,1537,2010-12-01 14:32:00,2011-12-09 10:03:00,110,140,1.4382693558880937,1,110,0
22479,DAISY GARDEN MARKER,1658.57,1139,2010-12-01 14:32:00,2011-12-08 16:30:00,83,98,1.456163301141352,1,83,0
22480,RED TEA TOWEL CLASSIC DESIGN,755.96,630,2010-12-01 12:15:00,2011-08-28 16:09:00,58,73,1.199936507936508,103,58,0
22481,BLACK TEA TOWEL CLASSIC DESIGN,747.3,825,2010-12-01 12:49:00,2011-12-09 12:31:00,95,128,0.9058181818181817,1,95,0
22482,BLUE TEA TOWEL CLASSIC DESIGN,565.86,478,2010-12-01 14:34:00,2011-07-05 13:07:00,43,53,1.1838075313807532,157,43,1
22483,RED GINGHAM TEDDY BEAR ,2302.94,770,2010-12-03 11:36:00,2011-12-08 16:30:00,126,169,2.990831168831169,1,126,0
22485,SET OF 2 WOODEN MARKET CRATES,7190.349999999999,526,2010-12-01 12:40:00,2011-12-09 09:08:00,147,208,13.66986692015209,1,147,0
22486,PLASMATRONIC LAMP,446.45,71,2010-12-06 12:06:00,2011-12-09 10:03:00,22,25,6.288028169014084,1,22,0
22487,WHITE WOOD GARDEN PLANT LADDER,7909.28,784,2010-12-01 13:20:00,2011-12-08 12:28:00,225,429,10.088367346938774,2,225,2
22488,NATURAL SLATE RECTANGLE CHALKBOARD,5573.679999999999,3195,2010-12-01 11:41:00,2011-12-09 10:26:00,219,415,1.7445007824726133,1,219,2
22489,PACK OF 12 TRADITIONAL CRAYONS,4072.13,9719,2010-12-01 13:24:00,2011-12-09 10:03:00,223,443,0.4189865212470419,1,223,2
22491,PACK OF 12 COLOURED PENCILS,3183.6299999999997,3947,2010-12-02 10:35:00,2011-12-09 09:38:00,153,219,0.8065948821890042,1,153,0
22492,MINI PAINT SET VINTAGE ,16937.82,26633,2010-12-01 08:45:00,2011-12-08 16:29:00,208,380,0.6359711635940375,1,208,2
22493,PAINT YOUR OWN CANVAS SET,3986.64,2461,2010-12-01 14:05:00,2011-12-08 16:29:00,151,220,1.6199268590004063,1,151,0
22494,EMERGENCY FIRST AID TIN ,1572.27,1088,2010-12-01 13:24:00,2011-12-08 09:28:00,167,245,1.4451011029411764,2,167,0
22495,SET OF 2 ROUND TINS CAMEMBERT ,748.82,282,2010-12-06 10:08:00,2011-12-09 10:46:00,74,98,2.655390070921986,1,74,0
22496,SET OF 2 ROUND TINS DUTCH CHEESE,535.11,253,2010-12-01 15:35:00,2011-12-09 09:07:00,63,79,2.1150592885375494,1,63,0
22497,SET OF 2 TINS VINTAGE BATHROOM ,1140.9,224,2010-12-01 14:32:00,2011-12-05 14:19:00,81,100,5.093303571428572,4,81,0
22498,WOODEN REGATTA BUNTING,2116.04,333,2010-12-07 11:59:00,2011-12-09 10:26:00,114,150,6.3544744744744746,1,114,0
22499,WOODEN UNION JACK BUNTING,12792.25,2091,2010-12-01 17:06:00,2011-12-07 10:35:00,181,407,6.117766618842659,3,181,2
22500,SET OF 2 TINS JARDIN DE PROVENCE,967.05,248,2010-12-01 12:23:00,2011-12-09 11:20:00,75,96,3.8993951612903226,1,75,0
22501,PICNIC BASKET WICKER LARGE,19302.26,1602,2010-12-01 12:43:00,2011-11-06 15:01:00,167,445,12.048851435705368,33,167,2
22502,PICNIC BASKET WICKER SMALL,51408.770000000004,1937,2010-12-01 10:29:00,2011-09-25 14:33:00,162,463,26.540407847186373,75,162,2
22503,CABIN BAG VINTAGE PAISLEY,2010.12,99,2010-12-01 17:06:00,2011-11-27 11:22:00,32,34,20.304242424242425,13,32,0
22504,CABIN BAG VINTAGE RETROSPOT,4674.62,247,2010-12-03 09:49:00,2011-12-05 16:37:00,52,68,18.925587044534414,4,52,0
22505,MEMO BOARD COTTAGE DESIGN,7084.42,1457,2010-12-02 13:14:00,2011-12-09 11:59:00,191,311,4.862333562113933,1,191,2
22507,MEMO BOARD RETROSPOT  DESIGN,14193.35,2960,2010-12-02 09:29:00,2011-12-09 10:26:00,226,459,4.795050675675676,1,226,2
22508,DOORSTOP RETROSPOT HEART,6525.88,1594,2010-12-01 12:08:00,2011-12-08 16:30:00,186,296,4.094027603513174,1,186,2
22509,SEWING BOX RETROSPOT DESIGN ,2124.54,209,2010-12-03 16:02:00,2011-12-08 18:03:00,57,86,10.165263157894737,1,57,0
22510,GINGHAM BABUSHKA DOORSTOP,402.74,210,2010-12-08 13:03:00,2011-12-08 13:47:00,33,42,1.9178095238095239,1,33,0
22511,RETROSPOT BABUSHKA DOORSTOP,495.2,251,2010-12-01 12:08:00,2011-12-08 13:47:00,43,54,1.9729083665338645,1,43,0
22512,DOORSTOP RACING CAR DESIGN,269.71,122,2010-12-07 18:36:00,2011-12-06 13:45:00,31,37,2.210737704918033,3,31,0
22513,DOORSTOP FOOTBALL DESIGN,539.9,152,2010-12-07 15:34:00,2011-12-09 09:07:00,55,67,3.5519736842105263,1,55,0
22514,CHILDS GARDEN SPADE BLUE,704.45,302,2010-12-02 13:14:00,2011-12-08 16:30:00,81,99,2.3326158940397352,1,81,0
22515,CHILDS GARDEN SPADE PINK,608.95,266,2010-12-01 14:32:00,2011-12-06 14:23:00,72,84,2.2892857142857146,3,72,0
22516,CHILDS GARDEN RAKE BLUE,494.89000000000004,206,2010-12-07 15:32:00,2011-12-08 16:30:00,55,62,2.4023786407766994,1,55,0
22517,CHILDS GARDEN RAKE PINK,447.63000000000005,199,2010-12-01 14:32:00,2011-12-06 13:20:00,62,69,2.2493969849246236,3,62,0
22518,CHILDS GARDEN BRUSH BLUE,783.5400000000001,363,2010-12-03 11:28:00,2011-05-16 13:35:00,55,81,2.1585123966942152,207,55,1
22519,CHILDS GARDEN BRUSH PINK,906.7500000000001,411,2010-12-01 14:32:00,2011-06-07 07:49:00,58,88,2.206204379562044,186,58,1
22520,CHILDS GARDEN TROWEL BLUE ,622.0999999999999,719,2010-12-14 12:30:00,2011-05-17 11:02:00,74,113,0.8652294853963838,207,74,1
22521,CHILDS GARDEN TROWEL PINK,525.51,609,2010-12-06 10:08:00,2011-05-05 15:47:00,63,104,0.8629064039408867,218,63,1
22522,CHILDS GARDEN FORK BLUE ,772.59,930,2010-12-14 12:30:00,2011-12-08 13:50:00,97,128,0.830741935483871,1,97,0
22523,CHILDS GARDEN FORK PINK,750.81,864,2010-12-06 10:08:00,2011-12-08 09:28:00,98,135,0.8689930555555555,2,98,0
22524,CHILDRENS GARDEN GLOVES BLUE,883.1999999999999,642,2010-12-01 17:24:00,2011-05-24 08:49:00,64,81,1.375700934579439,200,64,1
22525,CHILDRENS GARDEN GLOVES PINK,648.97,489,2010-12-03 11:13:00,2011-04-18 16:31:00,52,74,1.3271370143149286,235,52,1
22526,WHEELBARROW FOR CHILDREN ,1720.26,125,2010-12-09 14:09:00,2011-12-09 10:26:00,69,79,13.76208,1,69,0
22528,GARDENERS KNEELING PAD,3.36,1,2010-12-07 15:31:00,2010-12-07 15:31:00,1,1,3.36,367,1,1
22529,MAGIC DRAWING SLATE GO TO THE FAIR ,349.03,851,2010-12-01 11:57:00,2011-12-08 19:57:00,59,70,0.41014101057579316,1,59,0
22530,MAGIC DRAWING SLATE DOLLY GIRL ,1516.46,3628,2010-12-01 11:57:00,2011-12-08 16:29:00,138,233,0.4179878721058434,1,138,0
22531,MAGIC DRAWING SLATE CIRCUS PARADE  ,1412.41,3382,2010-12-01 11:45:00,2011-12-08 15:03:00,135,200,0.41762566528681255,1,135,0
22532,MAGIC DRAWING SLATE LEAP FROG ,366.75,1072,2010-12-05 12:35:00,2011-12-08 15:03:00,60,73,0.34211753731343286,1,60,0
22533,MAGIC DRAWING SLATE BAKE A CAKE ,644.39,1782,2010-12-01 11:41:00,2011-12-08 13:50:00,71,88,0.36161054994388325,1,71,0
22534,MAGIC DRAWING SLATE SPACEBOY ,1871.12,4496,2010-12-01 11:57:00,2011-12-08 13:50:00,162,261,0.41617437722419925,1,162,0
22535,MAGIC DRAWING SLATE BUNNIES ,669.75,1763,2010-12-06 15:25:00,2011-12-02 13:54:00,106,134,0.3798922291548497,7,106,0
22536,MAGIC DRAWING SLATE PURDEY,1803.95,4752,2010-12-01 17:06:00,2011-12-08 16:29:00,114,156,0.37961910774410773,1,114,0
22537,MAGIC DRAWING SLATE DINOSAUR,844.0,1929,2010-12-01 11:41:00,2011-12-05 12:16:00,125,171,0.43753240020736134,5,125,0
22538,MINI JIGSAW GO TO THE FAIR,164.42000000000002,402,2010-12-08 14:25:00,2011-12-05 12:33:00,39,40,0.40900497512437817,5,39,0
22539,MINI JIGSAW DOLLY GIRL,1129.32,2918,2010-12-01 13:24:00,2011-12-09 10:20:00,106,136,0.38701850582590813,1,106,0
22540,MINI JIGSAW CIRCUS PARADE ,960.86,2519,2010-12-01 08:45:00,2011-12-09 10:03:00,74,91,0.38144501786423185,1,74,0
22541,MINI JIGSAW LEAP FROG,201.95,503,2010-12-08 14:25:00,2011-12-06 16:26:00,32,35,0.40149105367793236,3,32,0
22543,MINI JIGSAW BAKE A CAKE ,530.8,1453,2010-12-01 13:24:00,2011-12-08 19:28:00,47,55,0.3653131452167928,1,47,0
22544,MINI JIGSAW SPACEBOY,1714.9199999999998,4518,2010-12-01 08:45:00,2011-12-09 10:46:00,121,175,0.37957503320053115,1,121,0
22545,MINI JIGSAW BUNNIES,435.67,1142,2010-12-01 14:32:00,2011-12-09 10:46:00,66,75,0.3814973730297723,1,66,0
22546,MINI JIGSAW PURDEY,799.9799999999999,2103,2010-12-03 11:36:00,2011-12-08 16:58:00,71,86,0.38039942938659055,1,71,0
22547,MINI JIGSAW DINOSAUR ,338.23,809,2010-12-01 13:24:00,2011-12-08 16:58:00,80,101,0.4180840543881335,1,80,0
22548,HEADS AND TAILS SPORTING FUN,2348.94,1975,2010-12-01 12:54:00,2011-11-13 13:42:00,136,209,1.1893367088607596,26,136,0
22549,PICTURE DOMINOES,4798.38,3188,2010-12-01 11:21:00,2011-12-09 12:16:00,183,356,1.505138017565872,1,183,2
22550,HOLIDAY FUN LUDO,4194.89,1162,2010-12-01 14:32:00,2011-12-08 13:04:00,142,217,3.610060240963856,1,142,0
22551,PLASTERS IN TIN SPACEBOY,13602.109999999999,8074,2010-12-01 11:57:00,2011-12-09 10:13:00,253,673,1.6846804557839978,1,253,2
22553,PLASTERS IN TIN SKULLS,7132.119999999999,4242,2010-12-01 11:41:00,2011-12-09 10:26:00,237,560,1.681310702498821,1,237,2
22554,PLASTERS IN TIN WOODLAND ANIMALS,13328.269999999999,7803,2010-12-01 11:57:00,2011-12-09 10:13:00,264,704,1.7080956042547737,1,264,2
22555,PLASTERS IN TIN STRONGMAN,9841.829999999998,6010,2010-12-01 13:24:00,2011-12-09 12:50:00,231,515,1.6375757071547419,1,231,2
22556,PLASTERS IN TIN CIRCUS PARADE ,10061.859999999999,6113,2010-12-01 13:24:00,2011-12-09 12:50:00,245,571,1.6459774251594959,1,245,2
22557,PLASTERS IN TIN VINTAGE PAISLEY ,7762.239999999999,4712,2010-12-01 11:57:00,2011-12-09 10:26:00,245,566,1.647334465195246,1,245,2
22558,CLOTHES PEGS RETROSPOT PACK 24 ,13325.869999999999,8676,2010-12-01 10:39:00,2011-12-09 10:03:00,276,772,1.5359462886122637,1,276,2
22559,SEASIDE FLYING DISC,626.53,505,2010-12-02 11:35:00,2011-12-05 17:28:00,71,81,1.2406534653465346,4,71,0
22560,TRADITIONAL MODELLING CLAY,9572.32,8144,2010-12-01 14:32:00,2011-12-09 10:03:00,205,389,1.1753831041257368,1,205,2
22561,WOODEN SCHOOL COLOURING SET,9741.57,5883,2010-12-01 13:24:00,2011-12-09 11:34:00,219,433,1.6558847526772054,1,219,2
22562,MONSTERS STENCIL CRAFT,1763.3700000000001,1413,2010-12-02 15:46:00,2011-12-08 13:50:00,133,211,1.2479617834394905,1,133,0
22563,HAPPY STENCIL CRAFT,3348.1800000000003,2823,2010-12-05 11:10:00,2011-12-08 16:30:00,163,281,1.186036131774708,1,163,0
22564,ALPHABET STENCIL CRAFT,3057.27,2697,2010-12-02 10:17:00,2011-12-08 13:50:00,123,186,1.1335817575083427,1,123,0
22565,FELTCRAFT HAIRBANDS PINK AND WHITE ,872.67,933,2010-12-01 11:57:00,2011-12-09 10:03:00,107,148,0.9353376205787781,1,107,0
22566,FELTCRAFT HAIRBAND PINK AND PURPLE,789.78,873,2010-12-01 11:57:00,2011-12-09 10:03:00,110,150,0.9046735395189003,1,110,0
22567,20 DOLLY PEGS RETROSPOT,3251.6,2448,2010-12-01 13:24:00,2011-12-09 12:20:00,154,222,1.328267973856209,1,154,0
22568,FELTCRAFT CUSHION OWL,12413.89,3373,2010-12-01 11:45:00,2011-12-07 13:46:00,217,470,3.6803705899792467,2,217,2
22569,FELTCRAFT CUSHION BUTTERFLY,10110.83,2759,2010-12-01 11:49:00,2011-10-25 09:31:00,187,348,3.664671982602392,46,187,2
22570,FELTCRAFT CUSHION RABBIT,11204.97,3086,2010-12-01 11:49:00,2011-11-18 14:14:00,187,386,3.630904082955282,21,187,2
22571,ROCKING HORSE RED CHRISTMAS ,2185.48,2434,2010-12-01 12:27:00,2011-12-09 10:03:00,107,254,0.8978964667214462,1,107,0
22572,ROCKING HORSE GREEN CHRISTMAS ,1244.6699999999998,1380,2010-12-01 15:35:00,2011-11-29 16:23:00,85,179,0.9019347826086955,10,85,0
22573,STAR WOODEN CHRISTMAS DECORATION,2423.0,2684,2010-12-01 12:23:00,2011-12-09 10:51:00,94,221,0.9027570789865872,1,94,0
22574,HEART WOODEN CHRISTMAS DECORATION,2199.5899999999997,2333,2010-12-01 13:54:00,2011-12-09 10:03:00,98,222,0.9428161165880838,1,98,0
22575,METAL MERRY CHRISTMAS WREATH,1216.22,636,2010-12-01 12:43:00,2011-12-05 16:03:00,65,90,1.9122955974842768,4,65,0
22576,SWALLOW WOODEN CHRISTMAS DECORATION,1414.4599999999998,1538,2010-12-01 15:35:00,2011-12-09 10:51:00,85,173,0.9196749024707411,1,85,0
22577,WOODEN HEART CHRISTMAS SCANDINAVIAN,4075.3599999999997,10608,2010-12-01 12:23:00,2011-12-09 10:03:00,126,538,0.3841779788838612,1,126,2
22578,WOODEN STAR CHRISTMAS SCANDINAVIAN,3876.5399999999995,10460,2010-12-01 15:40:00,2011-12-09 10:03:00,98,512,0.37060611854684505,1,98,2
22579,WOODEN TREE CHRISTMAS SCANDINAVIAN,1988.0199999999998,5167,2010-12-01 15:35:00,2011-11-28 15:54:00,83,338,0.3847532417263402,11,83,0
22580,ADVENT CALENDAR GINGHAM SACK,6848.1900000000005,1311,2010-12-01 11:57:00,2011-12-09 10:03:00,102,246,5.223638443935927,1,102,0
22581,WOOD STOCKING CHRISTMAS SCANDISPOT,1137.28,1569,2010-12-01 15:35:00,2011-12-09 10:03:00,79,177,0.7248438495857233,1,79,0
22582,PACK OF 6 SWEETIE GIFT BOXES,2649.35,1061,2010-12-01 12:23:00,2011-12-08 11:43:00,82,102,2.4970311027332706,2,82,0
22583,PACK OF 6 HANDBAG GIFT BOXES,1570.3999999999999,573,2010-12-01 12:43:00,2011-12-08 16:30:00,89,111,2.7406631762652705,1,89,0
22584,PACK OF 6 PANNETONE GIFT BOXES,5946.96,2330,2010-12-01 13:17:00,2011-12-08 16:22:00,139,196,2.552343347639485,1,139,0
22585,PACK OF 6 BIRDY GIFT TAGS,7547.89,6221,2010-12-01 12:08:00,2011-12-09 12:16:00,186,395,1.2132920752290628,1,186,2
22586,FELTCRAFT HAIRBAND PINK AND BLUE,774.55,856,2010-12-01 17:06:00,2011-12-09 10:03:00,111,161,0.9048481308411215,1,111,0
22587,FELTCRAFT HAIRBAND RED AND BLUE,830.52,918,2010-12-01 11:57:00,2011-12-08 16:30:00,105,161,0.9047058823529411,1,105,0
22588,CARD HOLDER GINGHAM HEART,2141.32,684,2010-12-01 12:43:00,2011-12-08 16:30:00,118,175,3.1305847953216377,1,118,0
22589,CARDHOLDER GINGHAM STAR,1212.82,379,2010-12-01 14:32:00,2011-12-09 10:03:00,52,79,3.200052770448549,1,52,0
22591,CARDHOLDER GINGHAM CHRISTMAS TREE,1509.41,413,2010-12-08 16:34:00,2011-12-09 10:03:00,57,86,3.6547457627118645,1,57,0
22592,CARDHOLDER HOLLY WREATH METAL,3021.12,658,2010-12-01 14:41:00,2011-12-09 10:03:00,77,135,4.591367781155015,1,77,0
22593,CHRISTMAS GINGHAM STAR,2085.64,2263,2010-12-01 11:57:00,2011-12-09 10:03:00,91,198,0.9216261599646487,1,91,0
22594,CHRISTMAS GINGHAM TREE,1905.7699999999998,2006,2010-12-01 11:57:00,2011-12-09 10:03:00,92,196,0.9500348953140577,1,92,0
22595,GINGHAM HEART DECORATION,5720.21,6788,2010-12-01 11:57:00,2011-12-08 13:59:00,200,467,0.8426944608131998,1,200,2
22596,CHRISTMAS STAR WISH LIST CHALKBOARD,4110.42,3476,2011-06-13 13:44:00,2011-12-09 10:51:00,96,262,1.1825143843498274,1,96,0
22597,MUSICAL ZINC HEART DECORATION ,1247.49,2821,2010-12-01 14:38:00,2011-12-09 10:03:00,98,186,0.4422155264090748,1,98,0
22598,CHRISTMAS MUSICAL ZINC TREE,446.2,990,2010-12-05 12:35:00,2011-12-09 10:03:00,58,95,0.4507070707070707,1,58,0
22599,CHRISTMAS MUSICAL ZINC STAR,967.7599999999999,1953,2010-12-01 14:38:00,2011-12-09 10:03:00,64,123,0.4955248335893497,1,64,0
22600,CHRISTMAS RETROSPOT STAR WOOD,1543.2299999999998,1698,2010-12-01 13:54:00,2011-12-09 10:03:00,98,193,0.9088515901060069,1,98,0
22601,CHRISTMAS RETROSPOT ANGEL WOOD,2219.83,2479,2010-12-01 13:54:00,2011-12-09 10:03:00,103,200,0.8954538120209762,1,103,0
22602,RETROSPOT WOODEN HEART DECORATION,2023.87,2215,2010-12-01 17:06:00,2011-12-09 10:03:00,155,273,0.9137110609480812,1,155,0
22603,CHRISTMAS RETROSPOT TREE WOOD,1235.3799999999999,1387,2010-12-01 12:23:00,2011-12-08 16:30:00,87,171,0.8906849315068492,1,87,0
22604,SET OF 4 NAPKIN CHARMS CUTLERY,3039.66,1251,2010-12-01 12:43:00,2011-12-08 11:43:00,99,125,2.4297841726618703,2,99,0
22605,WOODEN CROQUET GARDEN SET,11276.21,782,2010-12-01 14:32:00,2011-12-08 18:22:00,176,299,14.41970588235294,1,176,2
22606,WOODEN SKITTLES GARDEN SET,4638.46,313,2010-12-06 11:01:00,2011-12-08 18:42:00,106,142,14.819361022364218,1,106,0
22607,WOODEN ROUNDERS GARDEN SET ,12531.57,1327,2010-12-01 13:17:00,2011-12-08 18:22:00,198,358,9.44353428786737,1,198,2
22608,PENS ASSORTED FUNKY JEWELED ,1114.6399999999999,5211,2010-12-07 15:28:00,2011-12-09 10:03:00,100,144,0.21390136250239875,1,100,0
22609,PENS ASSORTED SPACEBALL,1368.1,5874,2010-12-03 11:36:00,2011-12-08 09:28:00,107,155,0.2329077289751447,2,107,0
22610,PENS ASSORTED FUNNY FACE,2571.4,9572,2010-12-01 11:41:00,2011-12-07 12:55:00,139,216,0.26863769327204345,2,139,2
22611,VINTAGE UNION JACK SHOPPING BAG,1077.03,225,2010-12-07 18:36:00,2011-11-25 11:58:00,36,46,4.7867999999999995,15,36,0
22613,PACK OF 20 SPACEBOY NAPKINS,1222.61,1538,2010-12-06 09:58:00,2011-12-09 12:50:00,121,145,0.7949349804941481,1,121,0
22614,PACK OF 12 SPACEBOY TISSUES,1024.2199999999998,3032,2010-12-01 13:24:00,2011-12-09 10:03:00,139,219,0.3378034300791556,1,139,0
22615,PACK OF 12 CIRCUS PARADE TISSUES ,660.15,2073,2010-12-01 13:24:00,2011-12-09 10:03:00,86,102,0.31845151953690304,1,86,0
22616,PACK OF 12 LONDON TISSUES ,7975.98,26119,2010-12-01 11:57:00,2011-12-09 10:03:00,239,512,0.30537080286381557,1,239,2
22617,BAKING SET SPACEBOY DESIGN,10745.050000000001,2209,2010-12-02 07:48:00,2011-12-09 09:38:00,220,464,4.864214576731554,1,220,2
22618,COOKING SET RETROSPOT,671.53,69,2010-12-01 12:15:00,2011-05-06 19:37:00,22,28,9.73231884057971,217,22,1
22619,SET OF 6 SOLDIER SKITTLES,9895.04,2480,2010-12-01 10:29:00,2011-12-09 10:26:00,202,443,3.989935483870968,1,202,2
22620,4 TRADITIONAL SPINNING TOPS,6782.21,4889,2010-12-01 11:41:00,2011-12-09 10:03:00,214,483,1.3872386991204746,1,214,2
22621,TRADITIONAL KNITTING NANCY,10053.65,6148,2010-12-03 10:26:00,2011-12-09 12:09:00,238,609,1.6352716330513988,1,238,2
22622,BOX OF VINTAGE ALPHABET BLOCKS,13931.31,1342,2010-12-01 08:34:00,2011-12-09 12:16:00,161,267,10.381005961251862,1,161,2
22623,BOX OF VINTAGE JIGSAW BLOCKS ,5236.31,937,2010-12-01 08:34:00,2011-12-07 13:35:00,147,235,5.588377801494131,2,147,0
22624,IVORY KITCHEN SCALES,16378.710000000001,1883,2010-12-01 12:58:00,2011-12-09 12:08:00,242,711,8.698199681359533,1,242,2
22625,RED KITCHEN SCALES,14082.2,1620,2010-12-01 12:58:00,2011-12-09 11:56:00,219,546,8.692716049382717,1,219,2
22626,BLACK KITCHEN SCALES,4401.86,517,2010-12-01 12:58:00,2011-12-08 17:24:00,141,199,8.514235976789168,1,141,0
22627,MINT KITCHEN SCALES,7521.89,852,2010-12-01 13:20:00,2011-12-09 12:08:00,176,357,8.828509389671362,1,176,0
22628,PICNIC BOXES SET OF 3 RETROSPOT ,4620.91,965,2010-12-03 11:28:00,2011-12-09 08:48:00,130,190,4.788507772020726,1,130,0
22629,SPACEBOY LUNCH BOX ,25719.02,14249,2010-12-01 08:45:00,2011-12-09 12:50:00,281,900,1.804970173345498,1,281,2
22630,DOLLY GIRL LUNCH BOX,21609.789999999997,11780,2010-12-01 11:49:00,2011-12-09 10:03:00,279,850,1.8344473684210525,1,279,2
22631,CIRCUS PARADE LUNCH BOX ,7199.57,3677,2010-12-01 08:45:00,2011-12-09 12:50:00,215,396,1.9580010878433505,1,215,2
22632,HAND WARMER RED RETROSPOT,8982.830000000002,4468,2010-12-01 08:28:00,2011-12-09 10:26:00,103,392,2.0104811996418985,1,103,0
22633,HAND WARMER UNION JACK,10023.720000000001,4851,2010-12-01 08:28:00,2011-12-09 10:20:00,106,479,2.066320346320347,1,106,0
22634,CHILDS BREAKFAST SET SPACEBOY ,7161.3,763,2010-12-01 13:17:00,2011-12-09 10:03:00,155,222,9.385714285714286,1,155,0
22635,CHILDS BREAKFAST SET DOLLY GIRL ,6412.33,681,2010-12-01 13:17:00,2011-12-07 14:43:00,133,194,9.41604992657856,2,133,0
22636,CHILDS BREAKFAST SET CIRCUS PARADE,5009.56,595,2010-12-02 15:46:00,2011-12-08 15:03:00,145,198,8.419428571428572,1,145,0
22637,PIGGY BANK RETROSPOT ,7111.18,2760,2010-12-01 09:41:00,2011-11-27 11:22:00,192,329,2.576514492753623,13,192,2
22638,SET OF 4 NAPKIN CHARMS CROWNS ,481.88,300,2010-12-01 15:35:00,2011-12-08 13:50:00,42,52,1.6062666666666667,1,42,0
22639,SET OF 4 NAPKIN CHARMS HEARTS,1935.1599999999999,805,2010-12-01 14:32:00,2011-12-08 09:20:00,112,148,2.403925465838509,2,112,0
22640,SET OF 4 NAPKIN CHARMS 3 KEYS ,446.84,237,2010-12-01 15:35:00,2011-12-08 09:20:00,49,57,1.8854008438818564,2,49,0
22641,SET OF 4 NAPKIN CHARMS INSTRUMENT,303.72999999999996,139,2010-12-01 15:35:00,2011-12-07 15:07:00,35,37,2.1851079136690643,2,35,0
22642,SET OF 4 NAPKIN CHARMS STARS   ,596.36,269,2010-12-01 12:43:00,2011-12-08 13:50:00,40,51,2.2169516728624536,1,40,0
22643,SET OF 4 NAPKIN CHARMS LEAVES   ,441.83,238,2010-12-01 12:43:00,2011-12-08 13:50:00,39,48,1.8564285714285713,1,39,0
22644,CERAMIC CHERRY CAKE MONEY BANK,2986.97,2214,2010-12-01 09:41:00,2011-12-09 11:20:00,169,276,1.3491282746160793,1,169,0
22645,CERAMIC HEART FAIRY CAKE MONEY BANK,4709.74,2354,2010-12-01 12:08:00,2011-12-09 11:20:00,188,351,2.0007391673746815,1,188,2
22646,CERAMIC STRAWBERRY CAKE MONEY BANK,5684.17,4160,2010-12-01 09:41:00,2011-12-09 11:20:00,211,390,1.3663870192307692,1,211,2
22647,CERAMIC LOVE HEART MONEY BANK,466.18,732,2010-12-08 14:25:00,2011-12-08 15:54:00,40,45,0.6368579234972678,1,40,0
22649,STRAWBERRY FAIRY CAKE TEAPOT,4132.88,795,2010-12-01 17:06:00,2011-12-05 11:58:00,136,200,5.198591194968554,5,136,0
22650,CERAMIC PIRATE CHEST MONEY BANK,1320.6999999999998,851,2010-12-01 12:08:00,2011-12-09 10:03:00,101,143,1.551938895417156,1,101,0
22651,GENTLEMAN SHIRT REPAIR KIT ,1837.4699999999998,2166,2010-12-01 12:31:00,2011-12-09 10:03:00,117,170,0.8483240997229916,1,117,0
22652,TRAVEL SEWING KIT,8612.07,5091,2010-12-01 10:39:00,2011-11-15 16:38:00,217,467,1.6916263995285798,24,217,2
22653,BUTTON BOX ,3378.5,1876,2010-12-01 12:43:00,2011-12-09 10:03:00,152,250,1.80090618336887,1,152,0
22654,DELUXE SEWING KIT ,9893.0,1411,2010-12-01 10:19:00,2011-12-09 10:26:00,181,328,7.0113394755492555,1,181,2
22655,VINTAGE RED KITCHEN CABINET,8125.0,60,2010-12-02 18:06:00,2011-11-01 15:06:00,32,38,135.41666666666666,38,32,0
22656,VINTAGE BLUE KITCHEN CABINET,3685.0,26,2010-12-13 15:44:00,2011-10-12 13:14:00,18,20,141.73076923076923,58,18,0
22659,LUNCH BOX I LOVE LONDON,20781.649999999998,11504,2010-12-01 08:45:00,2011-12-09 10:26:00,270,707,1.8064716620305978,1,270,2
22660,DOORMAT I LOVE LONDON,2678.96,364,2010-12-01 15:35:00,2011-12-07 12:48:00,84,102,7.35978021978022,3,84,0
22661,CHARLOTTE BAG DOLLY GIRL DESIGN,4214.95,5194,2010-12-01 08:45:00,2011-12-08 16:30:00,217,415,0.8115036580670003,1,217,2
22662,LUNCH BAG DOLLY GIRL DESIGN,11060.88,6706,2010-12-01 09:56:00,2011-12-09 10:03:00,264,682,1.649400536832687,1,264,2
22663,JUMBO BAG DOLLY GIRL DESIGN,7051.2,3419,2010-12-01 09:56:00,2011-12-09 10:26:00,220,450,2.062357414448669,1,220,2
22664,TOY TIDY DOLLY GIRL DESIGN,1472.85,713,2010-12-01 11:45:00,2011-12-09 10:20:00,117,162,2.0657082748948103,1,117,0
22665,RECIPE BOX BLUE SKETCHBOOK DESIGN,5192.08,1516,2010-12-01 13:24:00,2011-11-25 11:36:00,190,356,3.4248548812664907,15,190,0
22666,RECIPE BOX PANTRY YELLOW DESIGN,26219.95,8269,2010-12-01 13:24:00,2011-12-09 10:26:00,294,1111,3.1708731406457855,1,294,2
22667,RECIPE BOX RETROSPOT ,8045.1,2882,2010-12-01 13:24:00,2011-12-09 08:48:00,207,464,2.791498959056211,1,207,2
22668,PINK BABY BUNTING,6677.969999999999,2179,2010-12-01 17:06:00,2011-12-08 12:43:00,196,345,3.064694814134924,2,196,2
22669,RED BABY BUNTING ,3559.0,1128,2010-12-01 14:32:00,2011-12-08 12:43:00,151,234,3.155141843971631,2,151,0
22670,FRENCH WC SIGN BLUE METAL,2516.75,1882,2010-12-01 12:22:00,2011-12-09 08:48:00,182,301,1.3372741764080764,1,182,0
22671,FRENCH LAUNDRY SIGN BLUE METAL,1608.6999999999998,962,2010-12-03 17:28:00,2011-12-08 16:30:00,120,144,1.672245322245322,1,120,0
22672,FRENCH BATHROOM SIGN BLUE METAL,2511.22,1476,2010-12-02 10:45:00,2011-12-08 16:18:00,154,219,1.7013685636856368,1,154,0
22673,FRENCH GARDEN SIGN BLUE METAL,1016.08,791,2010-12-01 17:06:00,2011-12-08 12:26:00,103,131,1.284551201011378,2,103,0
22674,FRENCH TOILET SIGN BLUE METAL,1692.72,1346,2010-12-05 12:57:00,2011-12-08 17:37:00,140,187,1.257592867756315,1,140,0
22675,FRENCH KITCHEN SIGN BLUE METAL,1555.16,1240,2010-12-01 14:32:00,2011-12-08 16:30:00,117,164,1.2541612903225807,1,117,0
22676,FRENCH BLUE METAL DOOR SIGN 1,1578.39,1155,2010-12-02 10:45:00,2011-12-09 10:26:00,139,199,1.3665714285714285,1,139,0
22677,FRENCH BLUE METAL DOOR SIGN 2,1389.07,1001,2010-12-06 10:08:00,2011-12-02 17:12:00,130,188,1.3876823176823176,7,130,0
22678,FRENCH BLUE METAL DOOR SIGN 3,1151.56,843,2010-12-01 14:41:00,2011-12-08 16:30:00,121,160,1.3660260972716487,1,121,0
22679,FRENCH BLUE METAL DOOR SIGN 4,1023.03,740,2010-12-07 15:34:00,2011-12-08 16:30:00,116,152,1.382472972972973,1,116,0
22680,FRENCH BLUE METAL DOOR SIGN 5,1157.79,842,2010-12-01 13:31:00,2011-12-08 09:28:00,113,153,1.3750475059382423,2,113,0
22681,FRENCH BLUE METAL DOOR SIGN 6,973.15,710,2010-12-06 13:41:00,2011-12-05 17:24:00,105,126,1.3706338028169014,4,105,0
22682,FRENCH BLUE METAL DOOR SIGN 7,896.75,677,2010-12-06 10:08:00,2011-12-06 15:36:00,87,113,1.3245937961595273,3,87,0
22683,FRENCH BLUE METAL DOOR SIGN 8,871.49,644,2010-12-06 11:26:00,2011-12-02 11:53:00,100,119,1.3532453416149068,8,100,0
22684,FRENCH BLUE METAL DOOR SIGN 9,726.07,531,2010-12-05 13:17:00,2011-12-09 10:26:00,81,98,1.3673634651600755,1,81,0
22685,FRENCH BLUE METAL DOOR SIGN 0,780.8,594,2010-12-06 11:26:00,2011-12-08 16:30:00,81,99,1.3144781144781144,1,81,0
22686,FRENCH BLUE METAL DOOR SIGN No,1308.38,993,2010-12-01 14:41:00,2011-12-08 15:31:00,122,158,1.3176032225579055,1,122,0
22687,DOORMAT CHRISTMAS VILLAGE,3354.22,590,2011-03-17 18:18:00,2011-12-08 09:28:00,32,52,5.6851186440677965,2,32,0
22688,DOORMAT PEACE ON EARTH BLUE,3519.6600000000003,705,2010-12-01 13:23:00,2011-12-08 14:38:00,26,32,4.992425531914894,1,26,0
22689,DOORMAT MERRY CHRISTMAS RED ,5176.25,673,2010-12-09 12:32:00,2011-11-28 15:54:00,79,146,7.6913075780089155,11,79,0
22690,DOORMAT HOME SWEET HOME BLUE ,9943.7,1619,2010-12-05 16:24:00,2011-12-08 19:29:00,184,285,6.1418777022853615,1,184,2
22691,DOORMAT WELCOME SUNRISE,2678.77,371,2010-12-06 11:26:00,2011-12-08 13:36:00,97,120,7.220404312668464,1,97,0
22692,DOORMAT WELCOME TO OUR HOME,11539.06,1522,2010-12-01 17:06:00,2011-12-08 17:57:00,229,443,7.5815111695137976,1,229,2
22693,GROW A FLYTRAP OR SUNFLOWER IN TIN,17927.45,16244,2010-12-06 17:26:00,2011-12-09 10:03:00,176,305,1.103635188377247,1,176,2
22694,WICKER STAR ,4251.72,1842,2010-12-01 11:57:00,2011-12-09 11:34:00,178,405,2.3082084690553746,1,178,0
22695,WICKER WREATH SMALL,1001.49,741,2010-12-01 11:57:00,2011-12-09 12:20:00,81,123,1.3515384615384616,1,81,0
22696,WICKER WREATH LARGE,1452.55,729,2010-12-01 15:37:00,2011-12-07 12:19:00,97,151,1.9925240054869684,3,97,0
22697,GREEN REGENCY TEACUP AND SAUCER,22755.5,7278,2010-12-01 12:51:00,2011-12-09 10:26:00,289,1013,3.126614454520473,1,289,2
22698,PINK REGENCY TEACUP AND SAUCER,17445.56,5788,2010-12-09 11:28:00,2011-12-09 12:20:00,242,765,3.0140912232204564,1,242,2
22699,ROSES REGENCY TEACUP AND SAUCER ,29056.920000000002,9864,2010-12-01 12:50:00,2011-12-09 10:26:00,283,1065,2.945754257907543,1,283,2
22700,BLACK AND WHITE DOG BOWL,2602.18,1196,2010-12-06 13:13:00,2011-10-07 13:17:00,41,52,2.175735785953177,63,41,0
22701,PINK DOG BOWL,922.89,549,2010-12-03 15:19:00,2011-12-09 10:03:00,85,115,1.6810382513661202,1,85,0
22702,BLACK AND WHITE CAT BOWL,2684.6499999999996,1363,2010-12-03 11:35:00,2011-12-02 16:39:00,46,49,1.969662509170946,7,46,0
22703,PINK CAT BOWL,583.33,360,2010-12-08 17:20:00,2011-12-09 10:03:00,86,123,1.6203611111111111,1,86,0
22704,WRAP RED APPLES ,2158.26,5253,2010-12-01 13:23:00,2011-12-09 12:20:00,126,174,0.41086236436322104,1,126,0
22705,WRAP GREEN PEARS ,790.86,1883,2010-12-02 14:42:00,2011-12-06 12:18:00,66,77,0.42,4,66,0
22706,WRAP COWBOYS  ,847.94,2057,2010-12-01 11:41:00,2011-12-07 10:12:00,61,71,0.41222168206125426,3,61,0
22707,WRAP MONSTER FUN ,527.94,1257,2010-12-19 14:41:00,2011-12-02 10:22:00,45,49,0.42000000000000004,8,45,0
22708,WRAP DOLLY GIRL,1160.0,2800,2010-12-08 10:38:00,2011-12-08 10:24:00,79,100,0.4142857142857143,2,79,0
22709,WRAP WEDDING DAY,528.5,1325,2011-01-05 13:57:00,2011-12-08 11:25:00,36,39,0.3988679245283019,2,36,0
22710,WRAP I LOVE LONDON ,1774.42,4501,2010-12-08 10:45:00,2011-12-06 11:39:00,88,104,0.3942279493445901,4,88,0
22711,WRAP CIRCUS PARADE,1202.84,2902,2010-12-14 12:11:00,2011-12-09 12:16:00,85,103,0.414486560992419,1,85,0
22712,CARD DOLLY GIRL ,1822.2,4435,2010-12-01 12:35:00,2011-12-09 10:03:00,171,312,0.41086809470124014,1,171,2
22713,CARD I LOVE LONDON ,1437.36,3441,2010-12-01 12:31:00,2011-12-09 10:03:00,152,217,0.4177157802964254,1,152,0
22714,CARD BIRTHDAY COWBOY,1415.73,3487,2010-12-01 11:41:00,2011-12-09 10:03:00,153,225,0.40600229423573275,1,153,0
22715,CARD WEDDING DAY,645.64,1543,2010-12-06 10:08:00,2011-11-27 13:26:00,100,130,0.41843162670123135,12,100,0
22716,CARD CIRCUS PARADE,1360.91,3201,2010-12-01 11:41:00,2011-12-09 10:13:00,175,288,0.42515151515151517,1,175,0
22717,CARD DOG AND BALL ,535.78,1229,2010-12-02 10:39:00,2011-12-09 10:03:00,102,131,0.43594792514239217,1,102,0
22718,CARD CAT AND TREE ,717.23,1633,2010-12-02 10:39:00,2011-12-07 17:05:00,121,168,0.439210042865891,2,121,0
22719,GUMBALL MONOCHROME COAT RACK,895.72,620,2010-12-01 09:41:00,2011-05-10 15:03:00,60,109,1.4447096774193549,213,60,1
22720,SET OF 3 CAKE TINS PANTRY DESIGN ,38108.89,7483,2010-12-13 15:13:00,2011-12-09 10:03:00,262,1385,5.09272885206468,1,262,2
22721,SET OF 3 CAKE TINS SKETCHBOOK,4671.81,1020,2010-12-14 11:48:00,2011-12-09 12:20:00,174,297,4.580205882352941,1,174,0
22722,SET OF 6 SPICE TINS PANTRY DESIGN,24436.260000000002,5966,2010-12-13 15:13:00,2011-12-09 10:26:00,201,834,4.095920214549112,1,201,2
22723,SET OF 6 HERB TINS SKETCHBOOK,4262.820000000001,1164,2010-12-13 15:13:00,2011-12-09 08:39:00,177,295,3.6622164948453615,1,177,0
22725,ALARM CLOCK BAKELIKE CHOCOLATE,8153.6,1980,2010-12-01 16:25:00,2011-12-09 10:23:00,215,428,4.117979797979798,1,215,2
22726,ALARM CLOCK BAKELIKE GREEN,27155.28,6419,2010-12-01 08:45:00,2011-12-09 12:50:00,250,980,4.230453341642,1,250,2
22727,ALARM CLOCK BAKELIKE RED ,30644.87,7800,2010-12-01 08:45:00,2011-12-09 12:50:00,290,1051,3.928829487179487,1,290,2
22728,ALARM CLOCK BAKELIKE PINK,20672.15,5356,2010-12-01 08:45:00,2011-12-09 12:50:00,279,783,3.8596247199402542,1,279,2
22729,ALARM CLOCK BAKELIKE ORANGE,9068.95,2323,2010-12-01 10:47:00,2011-12-04 14:51:00,225,445,3.9039819199311236,5,225,2
22730,ALARM CLOCK BAKELIKE IVORY,11453.4,2885,2010-12-01 10:47:00,2011-12-09 12:50:00,240,570,3.9699826689774698,1,240,2
22731,3D CHRISTMAS STAMPS STICKERS ,1536.24,1172,2010-12-01 12:23:00,2011-12-07 12:48:00,80,143,1.3107849829351537,3,80,0
22732,3D VINTAGE CHRISTMAS STICKERS ,2162.75,1645,2010-12-03 12:11:00,2011-12-07 13:53:00,97,188,1.314741641337386,2,97,0
22733,3D TRADITIONAL CHRISTMAS STICKERS,2095.08,1583,2010-12-02 11:35:00,2011-12-09 10:26:00,89,197,1.3234870499052431,1,89,0
22734,SET OF 6 RIBBONS VINTAGE CHRISTMAS,10610.04,3261,2010-12-01 14:32:00,2011-12-09 10:51:00,119,422,3.253615455381785,1,119,0
22735,RIBBON REEL SOCKS AND MITTENS,1379.21,741,2010-12-01 12:23:00,2011-12-09 10:23:00,73,136,1.8612820512820514,1,73,0
22736,RIBBON REEL MAKING SNOWMEN ,2297.1,1222,2010-12-01 11:41:00,2011-12-09 12:16:00,106,223,1.8797872340425532,1,106,0
22737,RIBBON REEL CHRISTMAS PRESENT ,2694.15,1388,2010-12-01 12:23:00,2011-12-08 11:25:00,113,259,1.9410302593659943,2,113,0
22738,RIBBON REEL SNOWY VILLAGE,3829.67,2173,2010-12-01 11:57:00,2011-12-09 10:23:00,110,275,1.7623884031293144,1,110,0
22739,RIBBON REEL CHRISTMAS SOCK BAUBLE,3556.97,1818,2010-12-01 11:57:00,2011-12-08 16:30:00,125,318,1.9565291529152915,1,125,0
22740,POLKADOT PEN,5793.62,6842,2010-12-01 13:31:00,2011-09-26 13:57:00,102,170,0.846772873428822,74,102,0
22741,FUNKY DIVA PEN,7363.86,8547,2010-12-01 14:32:00,2011-12-09 10:03:00,155,233,0.8615724815724816,1,155,2
22742,MAKE YOUR OWN PLAYTIME CARD KIT,1323.5700000000002,639,2010-12-01 12:23:00,2011-12-08 15:54:00,83,101,2.0713145539906104,1,83,0
22743,MAKE YOUR OWN FLOWERPOWER CARD KIT,2408.54,930,2010-12-01 13:17:00,2011-12-08 16:30:00,125,206,2.589827956989247,1,125,0
22744,MAKE YOUR OWN MONSOON CARD KIT,2084.8500000000004,867,2010-12-01 12:23:00,2011-12-08 20:01:00,118,172,2.404671280276817,1,118,0
22745,POPPY'S PLAYHOUSE BEDROOM ,4661.79,2021,2010-12-01 08:34:00,2011-12-09 10:03:00,205,423,2.3066749134092035,1,205,2
22746,POPPY'S PLAYHOUSE LIVINGROOM ,3236.5400000000004,1447,2010-12-01 17:06:00,2011-12-08 16:30:00,191,328,2.2367242570836217,1,191,0
22747,POPPY'S PLAYHOUSE BATHROOM,2080.85,954,2010-12-01 17:06:00,2011-12-09 08:59:00,150,227,2.1811844863731653,1,150,0
22748,POPPY'S PLAYHOUSE KITCHEN,4880.83,2117,2010-12-01 08:34:00,2011-12-09 10:03:00,220,436,2.3055408597071327,1,220,2
22749,FELTCRAFT PRINCESS CHARLOTTE DOLL,9216.16,2362,2010-12-01 08:34:00,2011-12-09 10:03:00,215,449,3.9018458933107536,1,215,2
22750,FELTCRAFT PRINCESS LOLA DOLL,7491.83,2001,2010-12-01 11:57:00,2011-12-08 15:36:00,197,413,3.7440429785107447,1,197,2
22751,FELTCRAFT PRINCESS OLIVIA DOLL,5801.47,1563,2010-12-01 11:49:00,2011-12-09 10:03:00,166,290,3.7117530390275113,1,166,0
22752,SET 7 BABUSHKA NESTING BOXES,14427.970000000001,1787,2010-12-01 08:26:00,2011-12-08 18:22:00,200,380,8.073850027979855,1,200,2
22753,SMALL YELLOW BABUSHKA NOTEBOOK ,758.13,1010,2010-12-01 14:41:00,2011-12-09 11:20:00,135,217,0.7506237623762376,1,135,0
22754,SMALL RED BABUSHKA NOTEBOOK ,1350.4699999999998,1951,2010-12-01 12:43:00,2011-12-09 11:20:00,150,266,0.6921937467965145,1,150,0
22755,SMALL PURPLE BABUSHKA NOTEBOOK ,1187.96,1687,2010-12-01 14:32:00,2011-12-09 11:20:00,153,251,0.7041849436870184,1,153,0
22756,LARGE YELLOW BABUSHKA NOTEBOOK ,656.52,599,2010-12-01 17:06:00,2011-12-08 18:03:00,85,123,1.0960267111853088,1,85,0
22757,LARGE RED BABUSHKA NOTEBOOK ,1167.74,1096,2010-12-01 14:32:00,2011-12-09 10:03:00,103,163,1.0654562043795621,1,103,0
22758,LARGE PURPLE BABUSHKA NOTEBOOK  ,1110.25,1195,2010-12-01 14:32:00,2011-12-09 10:03:00,120,178,0.9290794979079497,1,120,0
22759,SET OF 3 NOTEBOOKS IN PARCEL,9027.439999999999,5435,2010-12-01 11:49:00,2011-11-30 11:08:00,221,422,1.6609825206991717,10,221,2
22760,"TRAY, BREAKFAST IN BED",3491.8599999999997,275,2010-12-01 12:43:00,2011-09-05 10:00:00,67,80,12.697672727272726,96,67,0
22761,CHEST 7 DRAWER MA CAMPAGNE,895.38,36,2010-12-02 11:45:00,2011-12-02 15:25:00,26,26,24.871666666666666,7,26,0
22762,CUPBOARD 3 DRAWER MA CAMPAGNE,2786.0299999999997,171,2010-12-03 11:36:00,2011-12-07 11:06:00,94,112,16.292573099415204,3,94,0
22763,KEY CABINET MA CAMPAGNE,2176.3199999999997,206,2010-12-02 17:41:00,2011-12-09 10:03:00,87,108,10.564660194174756,1,87,0
22764,"RUSTIC WOODEN CABINET, GLASS DOORS",174.76999999999998,5,2011-01-25 10:45:00,2011-03-25 12:10:00,3,3,34.95399999999999,260,3,1
22765,NEWSPAPER STAND,316.95000000000005,27,2010-12-01 15:35:00,2010-12-09 14:09:00,5,5,11.73888888888889,365,5,1
22766,PHOTO FRAME CORNICE,9755.09,3267,2010-12-01 11:21:00,2011-12-08 15:54:00,247,504,2.9859473523109887,1,247,2
22767,TRIPLE PHOTO FRAME CORNICE ,7173.549999999999,774,2010-12-01 11:21:00,2011-12-08 15:54:00,150,218,9.268152454780362,1,150,0
22768,FAMILY PHOTO FRAME CORNICE,8258.59,867,2010-12-01 11:21:00,2011-12-09 10:03:00,175,260,9.525478662053057,1,175,0
22769,CHALKBOARD KITCHEN ORGANISER,366.73,11,2010-12-01 14:32:00,2011-01-04 13:25:00,7,8,33.33909090909091,339,7,1
22770,MIRROR CORNICE,1515.68,94,2010-12-05 13:49:00,2011-12-04 14:55:00,56,62,16.124255319148936,5,56,0
22771,CLEAR DRAWER KNOB ACRYLIC EDWARDIAN,8930.44,6539,2010-12-01 09:41:00,2011-12-08 09:20:00,235,441,1.3657195289799664,2,235,2
22772,PINK DRAWER KNOB ACRYLIC EDWARDIAN,5116.7,3793,2010-12-01 11:29:00,2011-12-08 09:28:00,172,254,1.3489849723174268,2,172,2
22773,GREEN DRAWER KNOB ACRYLIC EDWARDIAN,2739.4,2075,2010-12-01 11:29:00,2011-12-07 12:49:00,140,191,1.3201927710843373,3,140,0
22774,RED DRAWER KNOB ACRYLIC EDWARDIAN,2871.75,2254,2010-12-01 09:41:00,2011-12-07 11:42:00,105,140,1.2740683229813665,3,105,0
22775,PURPLE DRAWERKNOB ACRYLIC EDWARDIAN,4469.37,3105,2010-12-01 11:57:00,2011-12-08 16:30:00,171,237,1.4394106280193237,1,171,0
22776,SWEETHEART CAKESTAND 3 TIER,13078.779999999999,1244,2010-12-01 12:49:00,2011-12-09 10:26:00,238,536,10.513488745980707,1,238,2
22777,GLASS CLOCHE LARGE,2951.53,352,2010-12-02 10:53:00,2011-07-21 18:21:00,39,58,8.385028409090909,141,39,1
22778,GLASS CLOCHE SMALL,3146.82,808,2010-12-01 09:41:00,2011-11-24 12:48:00,114,143,3.8945792079207924,16,114,0
22779,WOODEN OWLS LIGHT GARLAND ,5789.85,1537,2010-12-01 09:58:00,2011-12-08 12:57:00,116,149,3.766981132075472,1,116,0
22780,LIGHT GARLAND BUTTERFILES PINK,5044.34,1346,2010-12-01 09:58:00,2011-12-08 12:57:00,107,132,3.747652303120357,1,107,0
22781,GUMBALL MAGAZINE RACK,5191.01,621,2010-12-01 13:51:00,2011-12-08 16:30:00,162,232,8.359114331723028,1,162,0
22782,SET 3 WICKER STORAGE BASKETS ,3399.95,241,2010-12-13 15:46:00,2011-12-07 11:42:00,58,74,14.107676348547717,3,58,0
22783,SET 3 WICKER OVAL BASKETS W LIDS,5961.25,463,2010-12-01 09:45:00,2011-06-14 11:28:00,25,33,12.875269978401727,179,25,1
22784,LANTERN CREAM GAZEBO ,6360.99,1272,2010-12-01 12:36:00,2011-12-08 19:55:00,181,299,5.000778301886792,1,181,0
22785,SQUARECUSHION COVER PINK UNION JACK,1087.57,245,2010-12-01 11:45:00,2011-12-09 10:46:00,62,74,4.439061224489795,1,62,0
22786,CUSHION COVER PINK UNION JACK,764.63,123,2010-12-01 14:41:00,2011-12-07 14:12:00,42,47,6.216504065040651,2,42,0
22788,BROCANTE COAT RACK,2025.96,220,2010-12-01 17:06:00,2011-06-15 13:05:00,46,60,9.20890909090909,177,46,1
22789,T-LIGHT HOLDER SWEETHEART HANGING,1657.02,844,2010-12-07 15:28:00,2011-12-08 14:38:00,103,138,1.9632938388625591,1,103,0
22791,T-LIGHT GLASS FLUTED ANTIQUE,9873.880000000001,7955,2010-12-01 13:54:00,2011-12-09 08:59:00,172,345,1.2412168447517287,1,172,2
22792,FLUTED ANTIQUE CANDLE HOLDER,2622.93,2785,2010-12-01 14:32:00,2011-12-08 16:30:00,137,206,0.9418061041292639,1,137,0
22794,SWEETHEART WIRE MAGAZINE RACK,2784.9,326,2010-12-01 14:41:00,2011-12-09 12:00:00,142,182,8.542638036809816,1,142,0
22795,SWEETHEART RECIPE BOOK STAND,8571.25,1211,2010-12-01 14:41:00,2011-12-09 10:26:00,176,368,7.077828241123039,1,176,2
22796,PHOTO FRAME 3 CLASSIC HANGING,5787.45,582,2010-12-02 11:35:00,2011-12-08 15:54:00,159,232,9.944072164948453,1,159,0
22797,CHEST OF DRAWERS GINGHAM HEART ,2851.3599999999997,163,2010-12-01 13:31:00,2011-12-07 08:38:00,78,91,17.493006134969324,3,78,0
22798,ANTIQUE GLASS DRESSING TABLE POT,5561.3,1798,2010-12-01 09:45:00,2011-12-09 10:20:00,172,267,3.0930478309232483,1,172,0
22799,SWEETHEART WIRE FRUIT BOWL,1623.08,207,2010-12-05 11:12:00,2011-12-06 12:26:00,70,89,7.840966183574879,4,70,0
22800,ANTIQUE TALL SWIRLGLASS TRINKET POT,3560.74,870,2010-12-01 13:51:00,2011-12-09 10:03:00,146,203,4.092804597701149,1,146,0
22801,ANTIQUE GLASS PEDESTAL BOWL,4203.89,1027,2010-12-01 13:51:00,2011-12-08 16:30:00,150,220,4.093369036027264,1,150,0
22802,FAUX FUR CHOCOLATE THROW,1474.74,87,2010-12-01 14:48:00,2011-12-07 12:19:00,39,49,16.951034482758622,3,39,0
22803,IVORY EMBROIDERED QUILT ,2038.0900000000001,54,2010-12-01 10:51:00,2011-11-13 14:44:00,20,31,37.74240740740741,26,20,0
22804,CANDLEHOLDER PINK HANGING HEART,8102.950000000001,3131,2010-12-01 11:21:00,2011-12-08 10:59:00,242,474,2.587975087831364,2,242,2
22805,BLUE DRAWER KNOB ACRYLIC EDWARDIAN,2576.03,1890,2010-12-01 11:29:00,2011-12-09 10:23:00,144,195,1.3629788359788362,1,144,0
22806,SET OF 6 T-LIGHTS WEDDING CAKE ,677.0400000000001,260,2010-12-02 13:06:00,2011-12-08 12:07:00,35,38,2.604,2,35,0
22807,SET OF 6 T-LIGHTS TOADSTOOLS,2417.73,818,2010-12-01 11:57:00,2011-12-09 10:46:00,133,195,2.9556601466992665,1,133,0
22808,SET OF 6 T-LIGHTS EASTER CHICKS,1038.8700000000001,345,2010-12-05 13:42:00,2011-12-09 10:46:00,55,75,3.0112173913043483,1,55,0
22809,SET OF 6 T-LIGHTS SANTA,3781.2000000000003,1240,2010-12-01 11:21:00,2011-12-09 10:03:00,89,204,3.049354838709678,1,89,0
22810,SET OF 6 T-LIGHTS SNOWMEN,3022.0800000000004,944,2010-12-01 11:21:00,2011-12-05 17:36:00,83,165,3.2013559322033904,4,83,0
22811,SET OF 6 T-LIGHTS CACTI ,2419.29,881,2010-12-03 11:36:00,2011-12-09 10:46:00,78,108,2.746072644721907,1,78,0
22812,PACK 3 BOXES CHRISTMAS PANNETONE,3608.2999999999997,1725,2010-12-01 11:41:00,2011-12-05 16:04:00,84,185,2.091768115942029,4,84,0
22813,PACK 3 BOXES BIRD PANNETONE ,4640.78,2372,2010-12-01 11:41:00,2011-12-09 10:26:00,147,218,1.9564839797639122,1,147,0
22814,CARD PARTY GAMES ,888.47,2129,2010-12-01 13:24:00,2011-12-09 10:03:00,155,235,0.4173179896665101,1,155,0
22815,CARD PSYCHEDELIC APPLES,1118.84,2628,2010-12-01 13:17:00,2011-12-09 10:03:00,169,268,0.425738203957382,1,169,0
22816,CARD MOTORBIKE SANTA,1691.76,3987,2010-12-01 14:32:00,2011-12-09 12:20:00,103,266,0.4243190368698269,1,103,0
22817,CARD SUKI BIRTHDAY,1114.81,2639,2010-12-05 14:45:00,2011-12-09 10:03:00,173,290,0.4224365289882531,1,173,0
22818,CARD CHRISTMAS VILLAGE,1550.4,3633,2010-12-01 14:32:00,2011-12-09 10:03:00,104,244,0.4267547481420314,1,104,0
22819,"BIRTHDAY CARD, RETRO SPOT",1104.81,2608,2010-12-01 13:23:00,2011-12-09 10:03:00,167,270,0.42362346625766867,1,167,0
22820,GIFT BAG BIRTHDAY,575.4200000000001,940,2010-12-08 15:38:00,2011-12-02 16:39:00,61,77,0.6121489361702128,7,61,0
22821,GIFT BAG PSYCHEDELIC APPLES,722.6700000000001,1171,2010-12-02 14:40:00,2011-12-09 10:03:00,105,139,0.6171391972672929,1,105,0
22822,CREAM WALL PLANTER HEART SHAPED,2582.75,433,2010-12-01 14:32:00,2011-12-08 14:39:00,111,158,5.964780600461894,1,111,0
22823,CHEST NATURAL WOOD 20 DRAWERS,2745.0,24,2010-12-21 10:26:00,2011-11-15 12:09:00,13,13,114.375,25,13,0
22824,3 TIER SWEETHEART GARDEN SHELF,1938.2500000000002,55,2010-12-09 14:50:00,2011-11-23 08:17:00,39,43,35.24090909090909,17,39,0
22825,DECORATIVE PLANT POT WITH FRIEZE,584.37,73,2010-12-01 13:31:00,2011-11-27 14:30:00,27,28,8.005068493150684,12,27,0
22826,LOVE SEAT ANTIQUE WHITE METAL,6210.0,58,2010-12-10 15:45:00,2011-11-23 12:13:00,36,41,107.06896551724138,17,36,0
22827,RUSTIC  SEVENTEEN DRAWER SIDEBOARD,5415.0,35,2010-12-01 10:29:00,2011-11-17 19:58:00,24,26,154.71428571428572,22,24,0
22828,REGENCY MIRROR WITH SHUTTERS,1530.0,10,2010-12-08 16:11:00,2011-11-16 09:32:00,7,7,153.0,24,7,0
22829,SWEETHEART WIRE WALL TIDY,2295.43,227,2010-12-01 12:08:00,2011-11-11 14:50:00,85,109,10.11202643171806,28,85,0
22830,UTILTY CABINET WITH HOOKS,2610.29,131,2010-12-05 13:08:00,2011-01-16 13:25:00,5,6,19.92587786259542,327,5,1
22831,WHITE BROCANTE SOAP DISH,2070.9,706,2010-12-01 17:06:00,2011-12-01 15:11:00,94,121,2.93328611898017,8,94,0
22832,BROCANTE SHELF WITH HOOKS,1781.82,162,2010-12-02 11:20:00,2011-11-29 14:58:00,65,76,10.998888888888889,10,65,0
22833,HALL CABINET WITH 3 DRAWERS,2603.5299999999997,76,2010-12-05 16:24:00,2011-02-03 11:39:00,5,5,34.25697368421052,310,5,1
22834,HAND WARMER BABUSHKA DESIGN,7105.33,4941,2010-12-01 11:57:00,2011-12-09 11:59:00,126,368,1.438034810767051,1,126,0
22835,HOT WATER BOTTLE I AM SO POORLY,17892.96,3441,2010-12-01 10:52:00,2011-12-09 10:23:00,200,657,5.199930252833479,1,200,2
22837,HOT WATER BOTTLE BABUSHKA ,5657.93,1173,2010-12-01 11:22:00,2011-09-25 14:37:00,54,178,4.8234697357203755,75,54,0
22838,3 TIER CAKE TIN RED AND CREAM,9765.11,689,2010-12-01 09:45:00,2011-12-09 10:26:00,125,168,14.172873730043543,1,125,0
22839,3 TIER CAKE TIN GREEN AND CREAM,6981.67,445,2010-12-01 09:45:00,2011-12-08 09:28:00,154,201,15.68914606741573,2,154,0
22840,ROUND CAKE TIN VINTAGE RED,6903.79,913,2010-12-02 11:22:00,2011-12-08 16:18:00,170,271,7.561653888280394,1,170,0
22841,ROUND CAKE TIN VINTAGE GREEN,4101.77,529,2010-12-01 17:06:00,2011-12-08 12:07:00,149,213,7.75381852551985,2,149,0
22842,BISCUIT TIN VINTAGE RED,3823.21,589,2010-12-01 13:24:00,2011-12-05 17:28:00,117,162,6.491018675721562,4,117,0
22843,BISCUIT TIN VINTAGE GREEN,2904.52,450,2010-12-05 14:02:00,2011-12-05 11:58:00,101,126,6.454488888888889,5,101,0
22844,VINTAGE CREAM DOG FOOD CONTAINER,9661.32,1003,2010-12-01 14:32:00,2011-12-09 10:26:00,220,416,9.632422731804587,1,220,2
22845,VINTAGE CREAM CAT FOOD CONTAINER,5396.929999999999,802,2010-12-01 14:32:00,2011-12-09 10:26:00,190,316,6.7293391521197,1,190,0
22846,BREAD BIN DINER STYLE RED ,10676.619999999999,665,2010-12-01 15:00:00,2011-12-08 10:33:00,161,278,16.05506766917293,2,161,0
22847,BREAD BIN DINER STYLE IVORY,14389.34,905,2010-12-01 14:32:00,2011-12-08 14:38:00,178,376,15.89982320441989,1,178,2
22848,BREAD BIN DINER STYLE PINK,5208.45,323,2010-12-01 11:21:00,2011-10-30 13:51:00,98,128,16.125232198142413,40,98,0
22849,BREAD BIN DINER STYLE MINT,5027.73,323,2010-12-02 13:08:00,2011-10-20 10:41:00,88,129,15.565727554179565,51,88,0
22851,SET 20 NAPKINS FAIRY CAKES DESIGN ,2368.64,2741,2010-12-01 11:21:00,2011-12-07 17:05:00,209,350,0.8641517694272163,2,209,2
22852,DOG BOWL VINTAGE CREAM,1757.8799999999999,390,2010-12-10 15:45:00,2011-12-08 15:24:00,99,125,4.507384615384615,1,99,0
22853,CAT BOWL VINTAGE CREAM,1655.96,472,2010-12-05 10:45:00,2011-12-08 15:24:00,92,116,3.5083898305084746,1,92,0
22854,CREAM SWEETHEART EGG HOLDER,3708.52,767,2010-12-01 12:48:00,2011-09-22 12:23:00,110,161,4.83509778357236,79,110,0
22855,FINE WICKER HEART ,3301.73,2642,2010-12-01 15:40:00,2011-08-30 16:43:00,118,237,1.2497085541256623,101,118,0
22856,ASSORTED EASTER DECORATIONS  BELLS,729.57,569,2010-12-10 09:35:00,2011-11-20 11:50:00,24,27,1.2821968365553604,20,24,0
22857,ASSORTED EASTER GIFT TAGS,965.8599999999999,1145,2010-12-12 11:44:00,2011-10-24 14:10:00,45,61,0.8435458515283842,46,45,0
22858,EASTER TIN KEEPSAKE,1860.7799999999997,1126,2010-12-12 11:44:00,2011-10-06 18:08:00,73,136,1.652557726465364,64,73,0
22859,EASTER TIN BUNNY BOUQUET,2003.07,1203,2010-12-05 13:42:00,2011-11-15 16:34:00,87,158,1.6650623441396508,24,87,0
22860,EASTER TIN CHICKS PINK DAISY,1017.7699999999999,589,2010-12-05 13:42:00,2011-11-18 14:50:00,59,107,1.7279626485568758,21,59,0
22861,EASTER TIN CHICKS IN GARDEN,522.93,305,2010-12-12 11:44:00,2011-04-21 16:17:00,39,50,1.7145245901639343,232,39,1
22862,LOVE HEART NAPKIN BOX ,826.95,171,2010-12-01 14:32:00,2011-01-25 13:46:00,32,66,4.835964912280702,318,32,1
22863,SOAP DISH BROCANTE,2070.73,719,2010-12-01 17:06:00,2011-12-06 12:18:00,94,110,2.8800139082058416,4,94,0
22865,HAND WARMER OWL DESIGN,17786.13,8439,2010-12-01 10:39:00,2011-12-09 10:26:00,125,654,2.107611091361536,1,125,2
22866,HAND WARMER SCOTTY DOG DESIGN,14366.52,6611,2010-12-01 10:39:00,2011-12-09 10:26:00,107,548,2.1731235819089396,1,107,2
22867,HAND WARMER BIRD DESIGN,14061.890000000001,6433,2010-12-01 10:47:00,2011-12-09 10:03:00,113,554,2.1858992693921966,1,113,2
22868,NUMBER TILE COTTAGE GARDEN 0 ,144.65,63,2010-12-15 15:47:00,2011-11-21 15:18:00,19,20,2.2960317460317463,18,19,0
22869,NUMBER TILE COTTAGE GARDEN 1,246.14,96,2010-12-15 15:47:00,2011-11-29 15:39:00,42,44,2.5639583333333333,10,42,0
22870,NUMBER TILE COTTAGE GARDEN 2,240.29,93,2010-12-01 17:06:00,2011-11-29 15:08:00,37,39,2.583763440860215,10,37,0
22871,NUMBER TILE COTTAGE GARDEN 3 ,163.35,67,2010-12-15 15:47:00,2011-11-16 15:16:00,24,25,2.4380597014925374,23,24,0
22872,NUMBER TILE COTTAGE GARDEN 4,177.46,72,2010-12-15 15:47:00,2011-12-08 09:20:00,30,30,2.4647222222222225,2,30,0
22873,NUMBER TILE COTTAGE GARDEN 5,145.5,60,2010-12-07 18:36:00,2011-11-25 14:25:00,26,26,2.425,14,26,0
22874,NUMBER TILE COTTAGE GARDEN 6,150.81,65,2010-12-15 15:47:00,2011-11-09 16:14:00,20,21,2.320153846153846,30,20,0
22875,NUMBER TILE COTTAGE GARDEN 7,149.09,63,2010-12-07 15:34:00,2011-12-08 09:20:00,24,25,2.3665079365079364,2,24,0
22876,NUMBER TILE COTTAGE GARDEN 8,138.81,61,2010-12-01 14:32:00,2011-09-27 18:41:00,19,20,2.2755737704918033,73,19,0
22877,NUMBER TILE COTTAGE GARDEN 9,138.10999999999999,63,2010-12-15 15:47:00,2011-10-04 16:37:00,18,19,2.192222222222222,66,18,0
22878,NUMBER TILE COTTAGE GARDEN No,204.19,75,2010-12-15 15:47:00,2011-11-16 15:16:00,31,33,2.7225333333333332,23,31,0
22879,NUMBER TILE VINTAGE FONT 0,102.46,70,2010-12-14 12:59:00,2011-10-04 16:37:00,15,16,1.4637142857142855,66,15,0
22880,NUMBER TILE VINTAGE FONT 1,196.69,97,2010-12-07 15:28:00,2011-11-15 12:25:00,30,32,2.0277319587628866,25,30,0
22881,NUMBER TILE VINTAGE FONT 2,197.56,102,2010-12-14 12:59:00,2011-12-09 10:03:00,31,34,1.9368627450980391,1,31,0
22882,NUMBER TILE VINTAGE FONT 3,213.7,108,2010-12-03 11:36:00,2011-12-05 14:40:00,37,42,1.9787037037037036,4,37,0
22883,NUMBER TILE VINTAGE FONT 4,191.48,100,2010-12-07 15:28:00,2011-12-05 17:28:00,30,32,1.9147999999999998,4,30,0
22884,NUMBER TILE VINTAGE FONT 5,194.04999999999998,99,2010-12-03 11:36:00,2011-11-30 12:32:00,34,36,1.96010101010101,10,34,0
22885,NUMBER TILE VINTAGE FONT 6 ,172.78,96,2010-12-09 16:31:00,2011-12-09 10:03:00,25,28,1.7997916666666667,1,25,0
22886,NUMBER TILE VINTAGE FONT 7,146.43,87,2010-12-14 12:59:00,2011-12-01 19:42:00,24,25,1.6831034482758622,8,24,0
22887,NUMBER TILE VINTAGE FONT 8,126.78,78,2010-12-13 09:35:00,2011-12-05 14:40:00,21,23,1.6253846153846154,4,21,0
22888,NUMBER TILE VINTAGE FONT 9 ,124.97999999999999,76,2010-12-14 12:59:00,2011-12-09 10:03:00,19,21,1.644473684210526,1,19,0
22889,NUMBER TILE VINTAGE FONT No ,263.8,169,2010-12-07 15:28:00,2011-12-05 11:48:00,29,33,1.5609467455621302,5,29,0
22890,NOVELTY BISCUITS CAKE STAND 3 TIER,3939.87,385,2010-12-01 17:06:00,2011-12-09 10:03:00,126,165,10.233428571428572,1,126,0
22891,TEA FOR ONE POLKADOT,2108.18,420,2010-12-03 11:27:00,2011-12-09 10:26:00,114,168,5.01947619047619,1,114,0
22892,SET OF SALT AND PEPPER TOADSTOOLS,3021.6,2472,2010-12-03 13:59:00,2011-11-22 11:34:00,141,199,1.2223300970873785,18,141,0
22893,MINI CAKE STAND T-LIGHT HOLDER,931.02,1872,2010-12-02 13:06:00,2011-12-08 12:07:00,106,142,0.4973397435897436,2,106,0
22894,TABLECLOTH RED APPLES DESIGN ,3027.3799999999997,305,2010-12-05 12:42:00,2011-12-09 12:20:00,93,122,9.925836065573769,1,93,0
22895,SET OF 2 TEA TOWELS APPLE AND PEARS,6334.3,2058,2010-12-01 12:35:00,2011-12-09 10:23:00,185,284,3.0778911564625853,1,185,2
22896,PEG BAG APPLES DESIGN,4043.3599999999997,1584,2010-12-02 11:35:00,2011-12-09 10:23:00,193,288,2.5526262626262626,1,193,0
22897,OVEN MITT APPLES DESIGN,2013.1,1350,2010-12-01 17:06:00,2011-12-08 20:01:00,146,211,1.4911851851851852,1,146,0
22898,CHILDRENS APRON APPLES DESIGN,5150.92,2414,2010-12-01 17:06:00,2011-12-09 10:23:00,211,365,2.1337696768848384,1,211,2
22899,CHILDREN'S APRON DOLLY GIRL ,4326.43,2069,2010-12-01 11:57:00,2011-12-09 12:50:00,193,313,2.0910729821169647,1,193,2
22900, SET 2 TEA TOWELS I LOVE LONDON ,14938.43,4907,2010-12-01 08:45:00,2011-12-09 10:26:00,234,533,3.044310169146118,1,234,2
22902,TOTE BAG I LOVE LONDON,2633.28,1288,2010-12-01 11:49:00,2011-12-08 16:30:00,104,136,2.0444720496894413,1,104,0
22903,CALENDAR FAMILY FAVOURITES,550.6,193,2010-12-07 14:41:00,2011-12-08 16:30:00,49,59,2.8528497409326428,1,49,0
22904,CALENDAR PAPER CUT DESIGN,5467.26,1834,2010-12-01 12:43:00,2011-11-17 12:43:00,166,271,2.9810577971646675,23,166,0
22905,CALENDAR IN SEASON DESIGN,1502.2900000000002,581,2010-12-01 12:43:00,2011-12-09 10:03:00,83,110,2.5856970740103273,1,83,0
22906,12 MESSAGE CARDS WITH ENVELOPES,2947.87,1733,2010-12-01 12:43:00,2011-12-09 12:20:00,160,251,1.7010213502596652,1,160,0
22907,PACK OF 20 NAPKINS PANTRY DESIGN,5670.0,6573,2010-12-01 12:49:00,2011-12-09 12:16:00,268,670,0.8626198083067093,1,268,2
22908,PACK OF 20 NAPKINS RED APPLES,3569.58,4380,2010-12-03 11:36:00,2011-12-09 12:20:00,216,375,0.814972602739726,1,216,2
22909,SET OF 20 VINTAGE CHRISTMAS NAPKINS,8041.179999999999,8976,2010-12-01 11:57:00,2011-12-09 11:34:00,141,610,0.8958533868092691,1,141,2
22910,PAPER CHAIN KIT VINTAGE CHRISTMAS,32843.840000000004,10594,2010-12-01 10:19:00,2011-12-09 12:19:00,149,820,3.1002303190485185,1,149,2
22911,PAPER CHAIN KIT LONDON,1358.0900000000001,463,2010-12-01 13:17:00,2011-12-05 09:15:00,81,94,2.9332397408207345,5,81,0
22912,YELLOW COAT RACK PARIS FASHION,1342.39,287,2010-12-01 08:34:00,2011-11-28 14:06:00,83,100,4.677317073170732,11,83,0
22913,RED COAT RACK PARIS FASHION,1673.15,352,2010-12-01 08:34:00,2011-12-05 17:28:00,92,112,4.753267045454546,4,92,0
22914,BLUE COAT RACK PARIS FASHION,2261.21,467,2010-12-01 08:34:00,2011-12-09 10:03:00,125,154,4.841991434689508,1,125,0
22915,ASSORTED BOTTLE TOP  MAGNETS ,1406.42,3152,2010-12-01 09:59:00,2011-12-09 12:31:00,126,184,0.4461992385786802,1,126,0
22916,HERB MARKER THYME,1314.21,1905,2010-12-01 12:43:00,2011-12-08 16:30:00,154,237,0.6898740157480315,1,154,0
22917,HERB MARKER ROSEMARY,1340.22,1937,2010-12-01 12:43:00,2011-12-08 16:30:00,150,240,0.6919050077439339,1,150,0
22918,HERB MARKER PARSLEY,1275.3500000000001,1869,2010-12-01 12:43:00,2011-12-08 16:30:00,149,238,0.6823702514713751,1,149,0
22919,HERB MARKER MINT,1221.8600000000001,1753,2010-12-01 12:43:00,2011-12-08 16:30:00,146,240,0.6970108385624644,1,146,0
22920,HERB MARKER BASIL,2153.34,3423,2010-12-01 12:43:00,2011-12-08 16:30:00,146,242,0.629079754601227,1,146,0
22921,HERB MARKER CHIVES ,1180.8700000000001,1716,2010-12-01 12:43:00,2011-12-08 16:30:00,131,209,0.6881526806526808,1,131,0
22922,FRIDGE MAGNETS US DINER ASSORTED,1422.8999999999999,1587,2010-12-01 09:59:00,2011-12-09 10:03:00,81,102,0.8965973534971644,1,81,0
22923,FRIDGE MAGNETS LES ENFANTS ASSORTED,1130.77,1360,2010-12-01 09:59:00,2011-12-08 15:31:00,67,80,0.8314485294117647,1,67,0
22924,FRIDGE MAGNETS LA VIE EN ROSE,1154.6,1295,2010-12-02 11:02:00,2011-12-09 10:03:00,76,87,0.8915830115830116,1,76,0
22925,BLUE GIANT GARDEN THERMOMETER,2757.4700000000003,449,2010-12-01 12:22:00,2011-10-28 12:09:00,131,182,6.141358574610246,43,131,0
22926,IVORY GIANT GARDEN THERMOMETER,3656.8500000000004,594,2010-12-01 09:45:00,2011-05-10 10:00:00,94,195,6.156313131313132,214,94,1
22927,GREEN GIANT GARDEN THERMOMETER,2704.71,430,2010-12-01 12:22:00,2011-12-05 11:48:00,108,148,6.290023255813954,5,108,0
22928,YELLOW GIANT GARDEN THERMOMETER,1993.75,288,2010-12-01 14:32:00,2011-12-09 10:03:00,90,115,6.922743055555555,1,90,0
22929,SCHOOL DESK AND CHAIR ,1199.75,19,2010-12-17 14:21:00,2011-10-26 13:46:00,12,13,63.14473684210526,44,12,0
22930,BAKING MOULD HEART MILK CHOCOLATE,2846.8,1108,2010-12-08 10:40:00,2011-12-08 14:38:00,124,189,2.5693140794223828,1,124,0
22931,BAKING MOULD HEART WHITE CHOCOLATE,1963.3,813,2010-12-08 10:40:00,2011-12-08 13:47:00,91,129,2.414883148831488,1,91,0
22932,BAKING MOULD TOFFEE CUP CHOCOLATE,2000.88,884,2010-12-08 10:40:00,2011-12-08 13:47:00,59,72,2.2634389140271494,1,59,0
22933,BAKING MOULD EASTER EGG MILK CHOC,2585.92,940,2010-12-09 12:20:00,2011-12-05 17:28:00,76,122,2.7509787234042555,4,76,0
22934,BAKING MOULD EASTER EGG WHITE CHOC,1707.47,589,2010-12-10 09:35:00,2011-11-11 13:06:00,60,78,2.89893039049236,28,60,0
22935,BAKING MOULD ROSE MILK CHOCOLATE,2066.82,690,2010-12-08 10:46:00,2011-12-08 13:47:00,54,65,2.995391304347826,1,54,0
22936,BAKING MOULD ROSE WHITE CHOCOLATE,895.97,279,2010-12-08 10:46:00,2011-12-08 13:47:00,46,50,3.211362007168459,1,46,0
22937,BAKING MOULD CHOCOLATE CUPCAKES,2563.24,972,2010-12-08 10:40:00,2011-12-07 08:45:00,103,160,2.637078189300411,3,103,0
22938,CUPCAKE LACE PAPER SET 6,4488.63,2367,2010-12-01 11:58:00,2011-12-08 16:30:00,141,186,1.8963371356147023,1,141,0
22939,APRON APPLE DELIGHT,2392.67,469,2010-12-05 12:29:00,2011-12-06 09:31:00,103,125,5.101641791044776,4,103,0
22940,FELTCRAFT CHRISTMAS FAIRY,7890.25,1915,2010-12-01 11:49:00,2011-12-09 10:03:00,124,321,4.12023498694517,1,124,0
22941,CHRISTMAS LIGHTS 10 REINDEER,13795.92,1670,2010-12-01 10:03:00,2011-12-09 12:19:00,101,311,8.26102994011976,1,101,0
22942,CHRISTMAS LIGHTS 10 SANTAS ,4460.54,608,2010-12-01 11:57:00,2011-12-09 10:46:00,75,152,7.3364144736842105,1,75,0
22943,CHRISTMAS LIGHTS 10 VINTAGE BAUBLES,6755.47,1355,2010-12-01 12:50:00,2011-12-09 10:23:00,97,209,4.985586715867159,1,97,0
22944,CHRISTMAS METAL POSTCARD WITH BELLS,1843.64,3375,2010-12-01 17:06:00,2011-12-08 09:28:00,64,111,0.5462637037037037,2,64,0
22945,CHRISTMAS METAL TAGS ASSORTED ,3008.92,2991,2010-12-01 12:23:00,2011-12-08 09:28:00,95,172,1.0059913072550986,2,95,0
22946,WOODEN ADVENT CALENDAR CREAM,7030.22,453,2010-12-01 15:35:00,2011-12-08 14:39:00,88,137,15.51924944812362,1,88,0
22947,WOODEN ADVENT CALENDAR RED,8714.24,746,2010-12-01 13:20:00,2011-11-30 15:33:00,66,137,11.681286863270778,9,66,0
22948,METAL DECORATION NAUGHTY CHILDREN ,1603.29,1599,2010-12-01 14:32:00,2011-12-09 10:03:00,102,136,1.0026829268292683,1,102,0
22949,36 DOILIES DOLLY GIRL,1417.55,956,2010-12-01 14:32:00,2011-12-06 16:26:00,88,105,1.4827928870292886,3,88,0
22950,36 DOILIES VINTAGE CHRISTMAS,7131.549999999999,5209,2011-06-08 14:29:00,2011-11-07 11:33:00,76,185,1.3690823574582451,33,76,0
22951,60 CAKE CASES DOLLY GIRL DESIGN,3990.2000000000003,7481,2010-12-01 11:57:00,2011-12-09 10:03:00,222,437,0.5333778906563295,1,222,2
22952,60 CAKE CASES VINTAGE CHRISTMAS,9512.07,16056,2010-12-01 11:57:00,2011-12-09 10:51:00,151,619,0.5924308669656203,1,151,2
22953,BIRTHDAY PARTY CORDON BARRIER TAPE,647.11,502,2010-12-01 14:41:00,2011-12-08 12:07:00,82,98,1.2890637450199203,2,82,0
22954,HEN PARTY CORDON BARRIER TAPE,241.38,197,2010-12-13 13:25:00,2011-11-24 14:40:00,38,40,1.2252791878172589,15,38,0
22955,36 FOIL STAR CAKE CASES ,2053.3500000000004,1040,2010-12-01 12:43:00,2011-12-09 10:03:00,97,134,1.9743750000000004,1,97,0
22956,36 FOIL HEART CAKE CASES,3983.3900000000003,2050,2010-12-01 12:23:00,2011-12-09 11:34:00,134,198,1.943117073170732,1,134,0
22957,SET 3 PAPER VINTAGE CHICK PAPER EGG,5014.650000000001,1775,2011-01-14 14:11:00,2011-09-29 13:38:00,80,214,2.825154929577465,71,80,0
22959,WRAP CHRISTMAS VILLAGE,2014.42,4901,2010-12-03 11:41:00,2011-12-08 11:53:00,76,142,0.4110222403591104,2,76,0
22960,JAM MAKING SET WITH JARS,37082.13,8695,2010-12-01 08:34:00,2011-12-09 10:26:00,295,1132,4.264764807360551,1,295,2
22961,JAM MAKING SET PRINTED,25637.78,16396,2010-12-01 09:41:00,2011-12-09 10:26:00,286,1162,1.5636606489387654,1,286,2
22962,JAM JAR WITH PINK LID,3288.11,3896,2010-12-01 10:19:00,2011-12-09 10:03:00,192,342,0.8439707392197126,1,192,2
22963,JAM JAR WITH GREEN LID,2777.99,3290,2010-12-01 10:19:00,2011-12-09 10:03:00,180,307,0.8443738601823707,1,180,0
22964,3 PIECE SPACEBOY COOKIE CUTTER SET,5472.6900000000005,2624,2010-12-01 11:29:00,2011-12-09 10:03:00,203,378,2.08562881097561,1,203,2
22965,3 TRADITIONAl BISCUIT CUTTERS  SET,2910.61,1371,2010-12-01 16:17:00,2011-12-09 10:03:00,166,236,2.122983223924143,1,166,0
22966,GINGERBREAD MAN COOKIE CUTTER,9202.15,7440,2010-12-01 13:24:00,2011-12-09 10:26:00,228,670,1.2368481182795699,1,228,2
22967,SET 3 SONG BIRD PAPER EGGS ASSORTED,3271.4100000000003,1171,2011-01-14 14:11:00,2011-12-07 14:39:00,69,138,2.793689154568745,2,69,0
22968,ROSE COTTAGE KEEPSAKE BOX ,7851.98,794,2010-12-01 10:19:00,2011-12-08 16:30:00,116,189,9.889143576826196,1,116,0
22969,HOMEMADE JAM SCENTED CANDLES,18771.149999999998,12520,2010-12-01 09:59:00,2011-12-09 10:03:00,262,646,1.4992931309904152,1,262,2
22970,LONDON BUS COFFEE MUG,10140.6,4334,2010-12-15 17:28:00,2011-12-08 15:03:00,174,317,2.339778495616059,1,174,2
22971,QUEENS GUARD COFFEE MUG,5849.29,2431,2010-12-16 10:52:00,2011-12-08 12:30:00,169,272,2.406125051419169,2,169,0
22972,CHILDREN'S SPACEBOY MUG,3067.64,1795,2010-12-01 11:45:00,2011-12-08 13:36:00,149,229,1.7089916434540389,1,149,0
22973,CHILDREN'S CIRCUS PARADE MUG,2136.0099999999998,1255,2010-12-01 13:04:00,2011-12-07 15:16:00,114,144,1.7019999999999997,2,114,0
22974,CHILDRENS DOLLY GIRL MUG,2729.6899999999996,1598,2010-12-01 13:17:00,2011-12-08 09:28:00,144,204,1.7081914893617018,2,144,0
22975,SPACEBOY CHILDRENS EGG CUP,1624.63,1204,2010-12-01 11:45:00,2011-12-09 10:03:00,131,186,1.3493604651162792,1,131,0
22976,CIRCUS PARADE CHILDRENS EGG CUP ,1389.01,1066,2010-12-01 14:32:00,2011-12-09 12:16:00,115,143,1.3030112570356474,1,115,0
22977,DOLLY GIRL CHILDRENS EGG CUP,1252.61,950,2010-12-01 17:06:00,2011-12-09 10:03:00,105,135,1.318536842105263,1,105,0
22978,PANTRY ROLLING PIN,9564.98,2464,2011-02-17 13:28:00,2011-12-08 16:30:00,146,238,3.8818912337662335,1,146,0
22979,PANTRY WASHING UP BRUSH,6391.82,4090,2011-03-02 08:26:00,2011-12-09 10:03:00,189,381,1.5627921760391197,1,189,2
22980,PANTRY SCRUBBING BRUSH,3910.0099999999998,2363,2011-02-16 13:02:00,2011-12-09 10:03:00,157,291,1.6546804909013964,1,157,0
22981,PANTRY APPLE CORER,704.13,471,2011-03-03 15:02:00,2011-12-07 14:43:00,82,105,1.494968152866242,2,82,0
22982,PANTRY PASTRY BRUSH,1543.77,1154,2011-03-02 12:18:00,2011-12-09 10:03:00,129,212,1.3377556325823223,1,129,0
22983,CARD BILLBOARD FONT,2256.56,5290,2010-12-01 12:35:00,2011-12-09 10:03:00,230,443,0.4265708884688091,1,230,2
22984,CARD GINGHAM ROSE ,1096.09,2693,2010-12-05 15:46:00,2011-12-09 10:03:00,125,163,0.4070144819903453,1,125,0
22985,WRAP BILLBOARD FONTS DESIGN,1500.44,3782,2010-12-02 14:40:00,2011-12-09 11:34:00,85,99,0.3967318878900053,1,85,0
22986,WRAP GINGHAM ROSE ,1712.1,4105,2010-12-02 13:32:00,2011-12-08 12:29:00,116,155,0.4170767356881851,2,116,0
22987,WRAP SUMMER ROSE DESIGN,42.84,102,2011-05-03 10:30:00,2011-10-10 16:36:00,5,5,0.42000000000000004,60,5,0
22988,SOLDIERS EGG CUP ,10858.31,9073,2010-12-01 11:49:00,2011-12-09 10:03:00,180,418,1.196771740328447,1,180,2
22989,SET 2 PANTRY DESIGN TEA TOWELS,8999.27,2811,2011-02-03 17:01:00,2011-12-09 10:03:00,191,372,3.2014478833155464,1,191,2
22990,COTTON APRON PANTRY DESIGN,2917.4300000000003,633,2011-02-06 14:33:00,2011-12-08 19:57:00,120,164,4.6088941548183255,1,120,0
22991,GIRAFFE WOODEN RULER,7604.889999999999,3887,2011-02-17 12:01:00,2011-12-09 12:16:00,159,274,1.956493439670697,1,159,2
22992,REVOLVER WOODEN RULER ,10373.99,5233,2011-02-17 12:01:00,2011-12-09 12:16:00,162,348,1.9824173514236576,1,162,2
22993,SET OF 4 PANTRY JELLY MOULDS,16478.48,12649,2011-02-16 15:13:00,2011-12-09 12:19:00,244,1073,1.302749624476243,1,244,2
22994,TRAVEL CARD WALLET RETROSPOT,956.94,2194,2011-02-16 16:56:00,2011-12-09 08:48:00,135,218,0.4361622607110301,1,135,0
22995,TRAVEL CARD WALLET SUKI,1058.64,2381,2011-02-17 12:51:00,2011-12-09 10:03:00,149,266,0.444619907601848,1,149,0
22996,TRAVEL CARD WALLET VINTAGE TICKET,2094.93,4801,2011-02-17 12:51:00,2011-12-09 10:03:00,191,408,0.4363528431576755,1,191,2
22997,TRAVEL CARD WALLET UNION JACK,1094.93,2545,2011-02-17 13:47:00,2011-12-09 10:03:00,138,222,0.4302278978388998,1,138,0
22998,TRAVEL CARD WALLET KEEP CALM,5262.82,12366,2011-02-16 16:56:00,2011-12-09 10:03:00,215,534,0.42558790231279314,1,215,2
22999,TRAVEL CARD WALLET VINTAGE LEAF,1252.59,2894,2011-02-17 12:51:00,2011-12-09 10:03:00,146,222,0.43282308223911536,1,146,0
23000,TRAVEL CARD WALLET TRANSPORT,1368.28,3169,2011-02-16 16:56:00,2011-12-09 08:48:00,166,278,0.43177027453455347,1,166,0
23002,TRAVEL CARD WALLET SKULLS,914.37,2119,2011-02-16 16:56:00,2011-12-09 08:48:00,130,192,0.4315101462954224,1,130,0
23003,TRAVEL CARD WALLET VINTAGE ROSE ,226.2,542,2011-02-16 16:56:00,2011-06-12 12:34:00,43,53,0.41734317343173427,181,43,1
23004,TRAVEL CARD WALLET PANTRY,903.16,2002,2011-02-16 16:56:00,2011-12-09 08:48:00,141,221,0.4511288711288711,1,141,0
23005,TRAVEL CARD WALLET I LOVE LONDON,2126.55,4733,2011-02-17 13:47:00,2011-12-09 10:03:00,123,241,0.4493027678005494,1,123,0
23006,TRAVEL CARD WALLET FLOWER MEADOW,762.75,1758,2011-02-16 16:56:00,2011-12-08 16:30:00,119,173,0.43387372013651876,1,119,0
23007, SPACEBOY BABY GIFT SET,7741.749999999999,498,2011-03-09 12:37:00,2011-12-09 10:03:00,129,184,15.545682730923692,1,129,0
23008,DOLLY GIRL BABY GIFT SET,6719.61,433,2011-03-09 15:20:00,2011-12-08 16:30:00,99,133,15.518729792147806,1,99,0
23009,I LOVE LONDON BABY GIFT SET,4082.5199999999995,263,2011-03-09 15:17:00,2011-12-09 10:03:00,79,103,15.522889733840302,1,79,0
23010,CIRCUS PARADE BABY GIFT SET,4879.599999999999,315,2011-03-09 12:37:00,2011-12-04 12:02:00,85,111,15.490793650793648,6,85,0
23012,GLASS APOTHECARY BOTTLE PERFUME,4197.110000000001,1071,2011-06-14 13:04:00,2011-12-09 10:26:00,122,246,3.9188702147525682,1,122,0
23013,GLASS APOTHECARY BOTTLE TONIC,3674.1600000000003,924,2011-06-14 14:49:00,2011-12-09 10:26:00,118,223,3.9763636363636365,1,118,0
23014,GLASS APOTHECARY BOTTLE ELIXIR,3419.5800000000004,856,2011-06-14 13:04:00,2011-12-09 10:26:00,113,209,3.9948364485981314,1,113,0
23015,CORDIAL GLASS JUG,338.38,40,2011-06-17 11:04:00,2011-11-24 15:01:00,18,18,8.4595,15,18,0
23016,GLASS TWIST BON BON JAR,575.25,74,2011-06-16 16:57:00,2011-12-06 12:38:00,23,24,7.773648648648648,4,23,0
23017,APOTHECARY MEASURING JAR,826.28,67,2011-06-26 13:56:00,2011-12-08 09:20:00,21,22,12.332537313432836,2,21,0
23018,LARGE APOTHECARY MEASURING JAR ,612.1600000000001,51,2011-06-26 13:56:00,2011-11-16 15:26:00,16,21,12.003137254901963,23,16,0
23019,SMALL APOTHECARY MEASURING JAR ,629.0500000000001,81,2011-06-21 14:00:00,2011-12-08 12:26:00,25,28,7.766049382716051,2,25,0
23020,GLASS  SONGBIRD STORAGE JAR,2191.84,180,2011-06-14 13:40:00,2011-12-06 12:21:00,57,76,12.17688888888889,4,57,0
23021,GLASS BONNE JAM JAR,500.82000000000005,120,2011-06-20 09:41:00,2011-12-06 11:39:00,24,27,4.173500000000001,4,24,0
23022,SMALL BONNE JAM JAR  T-LIGHT HOLDER,808.16,422,2011-06-15 15:35:00,2011-12-05 14:40:00,21,22,1.9150710900473933,4,21,0
23023,RIDGED BONNE JAM JAR T-LIGHT HOLDER,437.81999999999994,274,2011-06-20 15:47:00,2011-12-05 13:14:00,24,25,1.597883211678832,4,24,0
23024,LARGE BONNE JAM JAR  T-LIGHT HOLDER,667.8500000000001,255,2011-06-22 15:41:00,2011-11-14 13:55:00,10,11,2.619019607843138,25,10,0
23025,DRAWER KNOB VINTAGE GLASS BALL,760.8000000000001,350,2011-06-27 08:50:00,2011-12-02 10:32:00,41,54,2.173714285714286,8,41,0
23026,DRAWER KNOB VINTAGE GLASS STAR,1198.96,556,2011-06-16 17:08:00,2011-12-07 11:42:00,52,62,2.156402877697842,3,52,0
23027,DRAWER KNOB VINTAGE GLASS HEXAGON,627.95,295,2011-06-22 14:38:00,2011-12-02 10:32:00,26,30,2.1286440677966105,8,26,0
23028,DRAWER KNOB CRACKLE GLAZE BLUE,2377.1299999999997,1369,2011-06-14 13:51:00,2011-11-02 13:46:00,69,137,1.736398831263696,37,69,0
23029,DRAWER KNOB CRACKLE GLAZE GREEN,2303.9199999999996,1352,2011-06-14 13:51:00,2011-12-08 15:54:00,93,156,1.704082840236686,1,93,0
23031,DRAWER KNOB CRACKLE GLAZE PINK,2152.2999999999997,1278,2011-06-14 13:51:00,2011-12-07 14:39:00,97,155,1.6841158059467916,2,97,0
23032,DRAWER KNOB CRACKLE GLAZE IVORY,3853.68,2328,2011-06-14 13:51:00,2011-11-27 11:05:00,104,199,1.655360824742268,13,104,0
23033,DRAWER KNOB CERAMIC RED,1058.8999999999999,714,2011-06-14 13:51:00,2011-12-09 11:34:00,63,74,1.4830532212885152,1,63,0
23034,DRAWER KNOB CERAMIC BLACK,1448.6699999999998,979,2011-06-14 13:51:00,2011-12-09 11:34:00,69,88,1.4797446373850867,1,69,0
23035,DRAWER KNOB CERAMIC IVORY,3199.99,2191,2011-06-14 13:15:00,2011-12-08 16:30:00,110,191,1.460515746234596,1,110,0
23036,T-LIGHT HOLDER SILVER PETIT FOUR ,232.42000000000002,184,2011-06-22 11:59:00,2011-12-06 11:39:00,16,16,1.2631521739130436,4,16,0
23037,CANDLE HOLDER SILVER MADELINE,325.15999999999997,196,2011-06-24 12:44:00,2011-12-09 12:16:00,19,20,1.6589795918367345,1,19,0
23038,T-LIGHT HOLDER SILVER SAUCER,42.919999999999995,44,2011-07-11 14:46:00,2011-12-05 17:17:00,8,8,0.9754545454545454,4,8,0
23039,T-LIGHT HOLDER SILVER HEART HANDLE,399.71,199,2011-06-19 10:35:00,2011-12-05 09:15:00,27,28,2.0085929648241203,5,27,0
23040,PAPER LANTERN 9 POINT SNOW STAR ,1394.03,253,2011-04-28 13:35:00,2011-12-09 11:34:00,38,41,5.51,1,38,0
23041,PAPER LANTERN 9 POINT SNOW STAR,1178.48,272,2011-04-28 13:35:00,2011-12-09 11:34:00,46,54,4.33264705882353,1,46,0
23042,PAPER LANTERN 7 POINT SNOW STAR,711.51,103,2011-04-28 13:35:00,2011-12-05 11:48:00,26,28,6.9078640776699025,5,26,0
23043,PAPER LANTERN 9 POINT HOLLY STAR L,543.51,81,2011-05-05 18:16:00,2011-12-05 17:28:00,20,23,6.71,4,20,0
23044,PAPER LANTERN 9 POINT HOLLY STAR S,423.29,101,2011-05-08 11:41:00,2011-12-01 13:28:00,23,25,4.190990099009901,8,23,0
23045,PAPER LANTERN 5 POINT STAR MOON ,497.9800000000001,118,2011-05-05 18:16:00,2011-12-07 10:35:00,23,25,4.220169491525424,3,23,0
23046,PAPER LANTERN 9 POINT DELUXE STAR,2111.4900000000002,349,2011-05-08 11:41:00,2011-12-05 16:05:00,30,36,6.050114613180517,4,30,0
23047,PAPER LANTERN 5 POINT SEQUIN STAR,333.5,58,2011-05-08 11:41:00,2011-11-24 12:30:00,23,25,5.75,16,23,0
23048,SET OF 10 LANTERNS FAIRY LIGHT STAR,2368.37,577,2011-04-28 13:35:00,2011-12-08 16:30:00,71,99,4.104627383015598,1,71,0
23049,RECYCLED ACAPULCO MAT RED,3896.84,456,2011-03-04 13:58:00,2011-12-01 14:38:00,113,186,8.545701754385965,8,113,0
23050,RECYCLED ACAPULCO MAT GREEN,4286.55,497,2011-03-04 13:58:00,2011-12-09 10:03:00,118,205,8.624849094567406,1,118,0
23051,RECYCLED ACAPULCO MAT BLUE,3223.49,365,2011-03-04 13:58:00,2011-12-09 10:03:00,104,162,8.831479452054793,1,104,0
23052,RECYCLED ACAPULCO MAT TURQUOISE,5949.34,654,2011-03-04 13:58:00,2011-12-09 10:03:00,136,278,9.0968501529052,1,136,0
23053,RECYCLED ACAPULCO MAT PINK,3254.32,364,2011-03-04 13:58:00,2011-12-09 10:03:00,98,164,8.940439560439561,1,98,0
23054,RECYCLED ACAPULCO MAT LAVENDER,2604.93,295,2011-03-04 13:58:00,2011-12-09 10:03:00,91,130,8.830271186440678,1,91,0
23055,IVORY CHANDELIER T-LIGHT HOLDER,1395.18,657,2011-04-19 14:56:00,2011-11-18 11:35:00,33,38,2.1235616438356164,22,33,0
23056,FLOWERS CHANDELIER T-LIGHT HOLDER,2898.12,963,2011-04-19 14:56:00,2011-11-23 13:39:00,34,39,3.0094704049844236,16,34,0
23057,BEADED CHANDELIER T-LIGHT HOLDER,1768.67,773,2011-04-18 11:10:00,2011-11-18 11:35:00,38,45,2.288059508408797,22,38,0
23058,CHRISTMAS HANGING SNOWFLAKE,430.86,490,2011-09-14 09:27:00,2011-12-07 11:42:00,31,48,0.8793061224489797,3,31,0
23060,HEART BEADED TRELLIS DECORATION,528.1700000000001,249,2011-04-18 10:41:00,2011-12-07 13:12:00,39,42,2.1211646586345383,2,39,0
23061,VINTAGE EMBOSSED HEART,1332.68,1015,2011-04-19 13:57:00,2011-12-08 09:20:00,88,117,1.312985221674877,2,88,0
23064,CINDERELLA CHANDELIER ,3717.56,221,2011-04-28 13:35:00,2011-11-03 14:32:00,19,23,16.821538461538463,36,19,0
23065,LARGE DECO JEWELLERY STAND,3427.44,273,2011-04-15 16:11:00,2011-10-20 12:23:00,68,99,12.554725274725275,51,68,0
23066,SMALL DECO JEWELLERY STAND,2137.81,259,2011-04-18 14:01:00,2011-10-13 14:33:00,63,85,8.254092664092664,57,63,0
23067,HANGING ENGRAVED METAL HEART,1236.66,294,2011-04-26 16:45:00,2011-12-07 13:12:00,64,78,4.2063265306122455,2,64,0
23068,ALUMINIUM STAMPED HEART,1966.93,809,2011-04-18 14:01:00,2011-12-06 11:58:00,96,136,2.4313102595797282,4,96,0
23069,EDWARDIAN PHOTO FRAME,556.21,88,2011-04-26 15:04:00,2011-12-04 13:00:00,30,32,6.3205681818181825,5,30,0
23070,EDWARDIAN HEART PHOTO FRAME,709.5400000000001,160,2011-05-04 14:11:00,2011-12-06 16:26:00,43,44,4.4346250000000005,3,43,0
23071,MARIE ANTOINETTE TRINKET BOX GOLD,1205.1,315,2011-04-20 11:11:00,2011-10-26 13:36:00,18,19,3.8257142857142856,44,18,0
23072,MARIE ANTOINETTE TRINKET BOX SILVER,1273.76,334,2011-05-08 11:37:00,2011-10-26 13:36:00,28,30,3.8136526946107785,44,28,0
23073,GEORGIAN TRINKET BOX,1706.5,143,2011-04-19 08:17:00,2011-12-01 19:42:00,51,61,11.933566433566433,8,51,0
23074,EMBOSSED HEART TRINKET BOX,547.27,246,2011-09-11 13:51:00,2011-12-09 10:03:00,40,48,2.2246747967479674,1,40,0
23075,PARLOUR CERAMIC WALL HOOK,1960.3000000000002,472,2011-04-18 14:21:00,2011-12-08 12:07:00,66,80,4.153177966101695,2,66,0
23076,ICE CREAM SUNDAE LIP GLOSS,9935.76,8076,2011-03-24 09:44:00,2011-12-09 10:03:00,150,277,1.2302823179791977,1,150,2
23077,DOUGHNUT LIP GLOSS ,13695.77,10395,2011-03-24 08:44:00,2011-12-09 11:59:00,157,344,1.3175343915343916,1,157,2
23078,ICE CREAM PEN LIP GLOSS ,8553.34,6831,2011-03-24 10:40:00,2011-12-07 12:11:00,146,257,1.2521358512662861,3,146,2
23079,TOADSTOOL BEDSIDE LIGHT ,2225.45,251,2011-05-11 13:20:00,2011-12-07 14:43:00,77,106,8.86633466135458,2,77,0
23080,RED METAL BOX TOP SECRET,9117.62,1074,2011-05-11 10:18:00,2011-12-09 10:26:00,130,257,8.489404096834265,1,130,0
23081,GREEN METAL BOX ARMY SUPPLIES,4038.25,483,2011-05-10 13:33:00,2011-12-08 16:30:00,93,139,8.360766045548655,1,93,0
23082,SET 6 PAPER TABLE LANTERN HEARTS ,8558.76,2328,2011-05-11 11:57:00,2011-12-09 10:03:00,135,297,3.676443298969072,1,135,0
23083,SET 6 PAPER TABLE LANTERN STARS ,7250.900000000001,1932,2011-05-15 11:17:00,2011-12-09 10:03:00,102,246,3.7530538302277434,1,102,0
23084,RABBIT NIGHT LIGHT,66870.03,30739,2011-05-10 14:20:00,2011-12-09 12:31:00,136,994,2.1754133185855102,1,136,2
23085,ANTIQUE SILVER BAUBLE LAMP  ,3583.23,376,2011-05-16 12:25:00,2011-12-08 19:28:00,58,78,9.529867021276596,1,58,0
23086,ZINC  STAR T-LIGHT HOLDER ,1451.43,1225,2011-05-16 15:47:00,2011-12-08 09:28:00,38,47,1.1848408163265307,2,38,0
23087,ZINC  HEART T-LIGHT HOLDER,1090.66,868,2011-05-13 12:13:00,2011-12-08 09:28:00,53,69,1.256520737327189,2,53,0
23088,ZINC HEART FLOWER T-LIGHT HOLDER,1033.28,795,2011-05-12 18:19:00,2011-12-09 10:03:00,58,79,1.2997232704402515,1,58,0
23089,GLASS BON BON JAR,4215.78,2354,2011-05-12 15:17:00,2011-12-09 10:03:00,127,225,1.7909005947323704,1,127,0
23090,VINTAGE GLASS T-LIGHT HOLDER,1870.0299999999997,2237,2011-05-16 08:13:00,2011-12-07 13:53:00,83,149,0.8359544032185963,2,83,0
23091,ZINC HERB GARDEN CONTAINER,3656.32,580,2011-05-11 09:28:00,2011-11-10 18:04:00,105,209,6.304,29,105,0
23092,LARGE ANTIQUE WHITE PHOTO FRAME,3757.78,523,2011-05-16 10:43:00,2011-12-08 16:30:00,84,135,7.185047801147228,1,84,0
23093,SMALL PARISIENNE HEART PHOTO FRAME ,2239.2400000000002,939,2011-05-11 12:32:00,2011-12-09 10:03:00,98,142,2.3847071352502667,1,98,0
23094,LE GRAND TRAY CHIC SET,1924.92,152,2011-05-11 09:55:00,2011-11-28 15:31:00,68,79,12.663947368421054,11,68,0
23096,PETIT TRAY CHIC,1736.6899999999998,1033,2011-05-10 16:00:00,2011-12-08 16:30:00,92,146,1.6812100677637947,1,92,0
23099,FRENCH CARRIAGE LANTERN,925.35,137,2011-05-16 14:30:00,2011-12-07 14:12:00,49,58,6.754379562043796,2,49,0
23100,SILVER BELLS TABLE DECORATION,2739.38,2166,2011-05-11 11:57:00,2011-12-08 16:30:00,107,257,1.2647183748845798,1,107,0
23101,SILVER STARS TABLE DECORATION,1739.6299999999999,2031,2011-05-12 12:01:00,2011-12-08 11:43:00,98,213,0.8565386509108813,2,98,0
23102,SILVER HEARTS TABLE DECORATION,1075.03,1274,2011-05-11 11:57:00,2011-12-04 13:00:00,91,157,0.8438226059654631,5,91,0
23103,JINGLE BELL HEART DECORATION,6846.159999999999,4072,2011-05-11 12:44:00,2011-12-09 10:51:00,133,365,1.6812770137524555,1,133,0
23104,IVORY CAFE HANGING LAMP ,1405.42,118,2011-05-11 14:29:00,2011-12-07 13:38:00,39,46,11.910338983050847,2,39,0
23106,ZINC HEARTS PLANT POT HOLDER,815.59,291,2011-05-13 10:44:00,2011-12-08 12:26:00,46,53,2.8027147766323024,2,46,0
23107,WHITE HEARTS WIRE PLANT POT HOLDER,1009.51,359,2011-05-12 15:21:00,2011-12-08 14:38:00,54,73,2.8120055710306406,1,54,0
23108,SET OF 10 LED DOLLY LIGHTS,13290.519999999999,2219,2011-05-11 10:18:00,2011-12-08 14:39:00,147,372,5.989418657052726,1,147,2
23109,PACK OF SIX LED TEA LIGHTS,6835.02,2386,2011-05-11 12:43:00,2011-12-08 16:30:00,121,268,2.8646353730092207,1,121,0
23110,PARISIENNE KEY CABINET ,4147.18,700,2011-05-11 10:32:00,2011-12-09 12:00:00,127,255,5.924542857142858,1,127,0
23111,PARISIENNE SEWING BOX,3839.2400000000002,312,2011-05-11 13:20:00,2011-12-09 12:09:00,91,138,12.30525641025641,1,91,0
23112,PARISIENNE CURIO CABINET,4507.08,546,2011-05-11 12:47:00,2011-12-09 10:03:00,129,241,8.254725274725274,1,129,0
23113,PANTRY CHOPPING BOARD,5868.5,1154,2011-09-16 10:02:00,2011-12-08 09:28:00,39,57,5.085355285961872,2,39,0
23114,VINTAGE LEAF CHOPPING BOARD  ,737.95,149,2011-09-30 13:54:00,2011-12-07 08:45:00,28,45,4.95268456375839,3,28,0
23115,RED APPLES CHOPPING BOARD   ,770.32,152,2011-09-30 13:54:00,2011-12-08 09:28:00,34,45,5.0678947368421055,2,34,0
23116,VEGETABLE GARDEN CHOPPING BOARD,382.44,76,2011-09-30 15:04:00,2011-12-05 14:39:00,21,22,5.032105263157895,4,21,0
23117,POPPY FIELDS CHOPPING BOARD,501.23,93,2011-09-30 13:54:00,2011-12-06 14:23:00,32,45,5.389569892473118,3,32,0
23118,PARISIENNE JEWELLERY DRAWER ,6102.18,813,2011-05-10 15:05:00,2011-12-09 10:03:00,124,258,7.505756457564576,1,124,0
23119,PACK OF 6 LARGE FRUIT STRAWS ,1401.7,2282,2011-06-17 08:57:00,2011-12-08 09:28:00,90,151,0.6142418930762489,2,90,0
23120,PACK OF 6 SMALL FRUIT STRAWS,682.39,1685,2011-06-17 12:22:00,2011-12-08 09:28:00,71,100,0.40497922848664686,2,71,0
23121,PACK OF 6 COCKTAIL PARASOL STRAWS,1000.4399999999999,2501,2011-06-17 12:22:00,2011-12-06 12:21:00,75,111,0.40001599360255896,4,75,0
23122,PARTY CHARMS 50 PIECES,1726.09,2251,2011-06-17 11:38:00,2011-12-09 11:34:00,84,133,0.7668103065304309,1,84,0
23123,COCKTAIL SWORDS 50 PIECES,759.5699999999999,935,2011-06-17 11:38:00,2011-12-08 13:50:00,65,95,0.8123743315508021,1,65,0
23124,18PC WOODEN CUTLERY SET DISPOSABLE,751.38,567,2011-06-17 13:17:00,2011-11-03 15:56:00,35,43,1.3251851851851852,36,35,0
23125,6PC WOOD PLATE SET DISPOSABLE,574.88,459,2011-06-17 14:46:00,2011-11-29 16:47:00,28,38,1.2524618736383442,10,28,0
23126,FELTCRAFT GIRL AMELIE KIT,5532.04,1109,2011-03-02 16:26:00,2011-12-09 12:20:00,150,291,4.988313796212804,1,150,0
23127,FELTCRAFT GIRL NICOLE KIT,3759.0,736,2011-03-02 16:26:00,2011-12-09 08:59:00,125,194,5.107336956521739,1,125,0
23128,FELTCRAFT BOY JEAN-PAUL KIT,2258.6600000000003,448,2011-03-03 13:45:00,2011-12-08 12:50:00,100,139,5.041651785714286,2,100,0
23129,HEART SHAPED HOLLY WREATH,3999.5000000000005,950,2011-05-18 15:39:00,2011-12-05 17:24:00,83,172,4.210000000000001,4,83,0
23130,MISTLETOE HEART WREATH GREEN,3988.98,962,2011-05-01 11:55:00,2011-12-04 14:45:00,95,184,4.146548856548857,5,95,0
23131,MISTLETOE HEART WREATH CREAM,3835.9800000000005,942,2011-04-26 16:45:00,2011-12-08 19:29:00,84,115,4.072165605095542,1,84,0
23132,SMALL IVORY HEART WALL ORGANISER,5138.6,1020,2011-04-19 16:52:00,2011-12-08 20:01:00,105,152,5.037843137254902,1,105,0
23133,LARGE IVORY HEART WALL ORGANISER,5525.4,782,2011-04-20 13:18:00,2011-12-08 18:25:00,107,155,7.065728900255754,1,107,0
23134,LARGE ZINC HEART WALL ORGANISER,6431.110000000001,1065,2011-04-20 13:18:00,2011-09-18 14:56:00,35,38,6.038600938967137,82,35,0
23135,SMALL ZINC HEART WALL ORGANISER,5416.18,1541,2011-04-19 16:52:00,2011-12-08 18:25:00,38,45,3.5147177157689815,1,38,0
23136,IVORY WIRE SWEETHEART LETTER TRAY,511.89,135,2011-04-21 10:19:00,2011-12-06 12:45:00,42,49,3.7917777777777775,4,42,0
23137,ZINC WIRE SWEETHEART LETTER TRAY,275.62,83,2011-04-21 16:53:00,2011-12-07 11:48:00,21,23,3.320722891566265,3,21,0
23138,SINGLE WIRE HOOK IVORY HEART,1231.51,879,2011-04-21 10:19:00,2011-12-05 17:28:00,61,82,1.4010352673492605,4,61,0
23139,SINGLE WIRE HOOK PINK HEART,528.6999999999999,414,2011-04-21 10:19:00,2011-12-07 14:34:00,26,27,1.2770531400966183,2,26,0
23140,TRIPLE WIRE HOOK IVORY HEART,766.1,182,2011-04-19 16:52:00,2011-11-13 14:09:00,44,52,4.2093406593406595,26,44,0
23141,TRIPLE WIRE HOOK PINK HEART,272.91,79,2011-04-19 16:52:00,2011-12-09 08:39:00,24,25,3.454556962025317,1,24,0
23142,IVORY WIRE KITCHEN ORGANISER,1220.8200000000002,121,2011-04-21 10:19:00,2011-11-27 13:29:00,30,40,10.089421487603307,12,30,0
23143,ZINC WIRE KITCHEN ORGANISER,239.97,30,2011-05-04 13:17:00,2011-12-09 10:46:00,14,16,7.999,1,14,0
23144,ZINC T-LIGHT HOLDER STARS SMALL,4197.83,5089,2011-04-21 09:36:00,2011-12-08 14:38:00,143,274,0.8248830811554333,1,143,0
23145,ZINC T-LIGHT HOLDER STAR LARGE,1979.4799999999998,2084,2011-04-21 10:52:00,2011-12-09 12:31:00,112,169,0.9498464491362762,1,112,0
23146,TRIPLE HOOK ANTIQUE IVORY ROSE,2645.26,798,2011-04-19 13:49:00,2011-12-05 13:10:00,124,227,3.3148621553884716,4,124,0
23147,SINGLE ANTIQUE ROSE HOOK IVORY,2752.2,1868,2011-04-21 08:43:00,2011-12-08 14:38:00,139,261,1.473340471092077,1,139,0
23148,MINIATURE ANTIQUE ROSE HOOK IVORY,1816.31,2139,2011-04-21 08:43:00,2011-12-08 14:39:00,130,247,0.8491397849462365,1,130,0
23149,ANTIQUE IVORY WIRE BOWL SMALL,251.45000000000002,99,2011-05-03 11:34:00,2011-11-29 13:06:00,19,21,2.53989898989899,10,19,0
23150,IVORY SWEETHEART SOAP DISH,390.75000000000006,148,2011-04-21 10:19:00,2011-12-05 17:28:00,43,49,2.640202702702703,4,43,0
23151,ZINC SWEETHEART SOAP DISH,114.33000000000001,61,2011-05-05 13:14:00,2011-12-09 10:46:00,19,21,1.8742622950819674,1,19,0
23152,IVORY SWEETHEART WIRE LETTER RACK ,2080.65,554,2011-04-20 11:19:00,2011-12-04 12:52:00,111,159,3.7556859205776174,5,111,0
23153,ZINC SWEETHEART WIRE LETTER RACK,1020.69,263,2011-04-18 14:32:00,2011-12-08 15:02:00,71,90,3.8809505703422054,1,71,0
23154,SET OF 4 JAM JAR MAGNETS,5842.88,2701,2011-03-25 11:01:00,2011-12-07 15:16:00,145,235,2.1632284339133654,2,145,0
23155,KNICKERBOCKERGLORY MAGNET ASSORTED ,1904.77,2221,2011-03-25 11:01:00,2011-12-08 15:31:00,91,135,0.8576181900045025,1,91,0
23156,SET OF 5 MINI GROCERY MAGNETS,3423.29,1665,2011-03-25 11:01:00,2011-12-08 15:31:00,128,205,2.05603003003003,1,128,0
23157,SET OF 6 NATIVITY MAGNETS ,5143.06,2557,2011-03-31 13:40:00,2011-12-05 11:48:00,83,163,2.0113648807195936,5,83,0
23158,SET OF 5 LUCKY CAT MAGNETS ,5513.83,2633,2011-03-25 14:50:00,2011-12-09 10:03:00,140,255,2.0941245727307254,1,140,0
23159,SET OF 5 PANCAKE DAY MAGNETS,4713.52,2293,2011-03-25 11:01:00,2011-11-28 15:34:00,137,223,2.0556127344090713,11,137,0
23160,REGENCY TEA SPOON,1794.48,1450,2011-05-03 10:43:00,2011-12-08 09:20:00,64,76,1.2375724137931035,2,64,0
23161,REGENCY CAKE FORK,2145.3,1715,2011-05-03 10:43:00,2011-12-08 09:28:00,76,98,1.2509037900874638,2,76,0
23162,REGENCY TEA STRAINER,5143.6900000000005,1412,2011-04-27 14:48:00,2011-12-08 09:28:00,107,176,3.6428399433427767,2,107,0
23163,REGENCY SUGAR TONGS,4515.22,1832,2011-04-27 12:49:00,2011-12-08 16:30:00,132,209,2.4646397379912663,1,132,0
23164,REGENCY CAKE SLICE,2718.65,578,2011-05-03 10:43:00,2011-12-08 09:20:00,72,92,4.703546712802768,2,72,0
23165,LARGE CERAMIC TOP STORAGE JAR,5141.0599999999995,3114,2011-05-12 10:10:00,2011-12-09 10:03:00,131,280,1.650950545921644,1,131,0
23166,MEDIUM CERAMIC TOP STORAGE JAR,81700.92000000001,78033,2011-01-18 10:01:00,2011-12-09 10:03:00,125,247,1.047004728768598,1,125,2
23167,SMALL CERAMIC TOP STORAGE JAR ,4476.009999999999,5847,2011-05-11 14:14:00,2011-12-09 12:00:00,127,231,0.7655224901658969,1,127,0
23168,CLASSIC CAFE SUGAR DISPENSER,4558.67,3291,2011-05-12 08:42:00,2011-12-09 12:00:00,146,337,1.3851929504709815,1,146,0
23169,CLASSIC GLASS COOKIE JAR,6662.84,1556,2011-05-12 10:10:00,2011-12-06 17:49:00,147,314,4.282030848329049,3,147,0
23170,REGENCY TEA PLATE ROSES ,11097.249999999998,6857,2011-05-10 10:34:00,2011-12-09 10:26:00,158,445,1.6183826746390546,1,158,2
23171,REGENCY TEA PLATE GREEN ,10051.99,6247,2011-05-10 10:34:00,2011-12-09 10:26:00,154,381,1.609090763566512,1,154,2
23172,REGENCY TEA PLATE PINK,6344.409999999999,3861,2011-05-10 10:34:00,2011-12-09 10:26:00,139,305,1.643203833203833,1,139,0
23173,REGENCY TEAPOT ROSES ,24879.13,2766,2011-05-10 10:34:00,2011-12-09 10:20:00,162,416,8.994624005784527,1,162,2
23174,REGENCY SUGAR BOWL GREEN,12342.43,3055,2011-05-10 10:34:00,2011-12-08 09:28:00,143,322,4.040075286415712,2,143,2
23175,REGENCY MILK JUG PINK ,9587.15,3160,2011-05-10 10:34:00,2011-12-09 10:03:00,135,329,3.033908227848101,1,135,0
23176,ABC TREASURE BOOK BOX ,4693.08,2165,2011-03-02 12:10:00,2011-12-08 16:30:00,142,226,2.1677043879907623,1,142,0
23177,TREASURE ISLAND BOOK BOX,5521.29,2532,2011-03-02 12:10:00,2011-12-09 10:03:00,154,267,2.1806042654028435,1,154,0
23178,JAM CLOCK MAGNET,936.89,327,2011-03-03 15:02:00,2011-12-09 09:07:00,59,68,2.8651070336391435,1,59,0
23179,CLOCK MAGNET MUM'S KITCHEN,930.48,324,2011-03-03 15:02:00,2011-12-08 15:31:00,45,53,2.871851851851852,1,45,0
23180,MUM'S KITCHEN CLOCK,621.09,122,2011-03-04 09:46:00,2011-12-08 19:24:00,45,49,5.0909016393442625,1,45,0
23181,BULL DOG BOTTLE TOP WALL CLOCK,1733.57,201,2011-03-08 09:23:00,2011-12-09 10:26:00,68,82,8.624726368159203,1,68,0
23182,TOILET SIGN OCCUPIED OR VACANT,3688.2099999999996,3741,2011-03-01 17:32:00,2011-12-09 12:00:00,189,433,0.9858887997861533,1,189,2
23183,MOTHER'S KITCHEN SPOON REST ,967.17,226,2011-03-03 15:02:00,2011-12-09 10:03:00,67,84,4.279513274336283,1,67,0
23184,BULL DOG BOTTLE OPENER,4764.5,874,2011-03-06 10:05:00,2011-12-09 10:03:00,153,264,5.451372997711671,1,153,0
23185,FRENCH STYLE STORAGE JAR JAM,114.85,317,2011-03-04 14:42:00,2011-12-06 13:42:00,28,30,0.36230283911671923,3,28,0
23186,FRENCH STYLE STORAGE JAR CAFE ,819.4599999999999,1982,2011-03-08 17:23:00,2011-12-07 08:45:00,55,70,0.41345105953582234,3,55,0
23187,FRENCH STYLE STORAGE JAR BONBONS,695.06,2338,2011-03-08 12:05:00,2011-11-03 16:56:00,54,74,0.2972882805816937,36,54,0
23188,VINTAGE  2 METER FOLDING RULER,6447.7699999999995,3471,2011-06-14 09:43:00,2011-12-09 10:03:00,127,333,1.8576116392970323,1,127,0
23189,SET OF 12 FORK CANDLES,3507.51,1249,2011-08-03 15:38:00,2011-12-08 16:30:00,79,141,2.8082546036829465,1,79,0
23190,BUNDLE OF 3 SCHOOL EXERCISE BOOKS  ,2761.8999999999996,1702,2011-05-09 16:35:00,2011-12-09 11:34:00,120,202,1.6227379553466508,1,120,0
23191,BUNDLE OF 3 RETRO NOTE BOOKS,3628.8899999999994,2201,2011-05-10 08:58:00,2011-12-09 10:03:00,143,281,1.6487460245343024,1,143,0
23192,BUNDLE OF 3 ALPHABET EXERCISE BOOKS,6114.24,3516,2011-05-10 09:58:00,2011-12-08 12:07:00,152,345,1.738976109215017,2,152,0
23193,BUFFALO BILL TREASURE BOOK BOX,4079.28,1922,2011-03-02 12:10:00,2011-12-09 11:34:00,121,175,2.1224141519250783,1,121,0
23194,GYMKHANA TREASURE BOOK BOX,4077.37,1835,2011-03-02 12:10:00,2011-12-09 11:34:00,131,214,2.222,1,131,0
23196,VINTAGE LEAF MAGNETIC NOTEPAD,2842.24,1872,2011-06-23 11:51:00,2011-12-09 10:26:00,118,298,1.518290598290598,1,118,0
23197,SKETCHBOOK MAGNETIC SHOPPING LIST,2303.5,1478,2011-06-23 11:51:00,2011-12-09 12:00:00,114,249,1.5585250338294994,1,114,0
23198,PANTRY MAGNETIC  SHOPPING LIST,5062.599999999999,3342,2011-06-22 14:24:00,2011-12-09 10:26:00,140,475,1.5148414123279472,1,140,0
23199,JUMBO BAG APPLES,30450.690000000002,14908,2011-04-11 16:47:00,2011-12-09 12:19:00,198,978,2.0425737858867725,1,198,2
23200,JUMBO BAG PEARS,14188.960000000001,7067,2011-05-06 15:40:00,2011-12-09 10:03:00,180,595,2.0077769916513373,1,180,2
23201,JUMBO BAG ALPHABET,27850.83,13366,2011-04-11 16:47:00,2011-12-09 12:19:00,198,906,2.0837071674397727,1,198,2
23202,JUMBO BAG VINTAGE LEAF,21810.43,10941,2011-05-06 15:40:00,2011-12-09 10:03:00,184,879,1.993458550406727,1,184,2
23203,JUMBO BAG VINTAGE DOILY ,42030.340000000004,20485,2011-05-06 15:54:00,2011-12-09 09:38:00,183,1231,2.051761776909934,1,183,2
23204,CHARLOTTE BAG APPLES DESIGN,7741.94,7976,2011-04-11 16:47:00,2011-12-09 10:23:00,186,583,0.9706544633901705,1,186,2
23205,CHARLOTTE BAG VINTAGE ALPHABET ,5726.38,5857,2011-04-11 16:47:00,2011-12-09 12:16:00,176,467,0.9776984804507427,1,176,2
23206,LUNCH BAG APPLE DESIGN,20852.579999999998,12147,2011-04-11 16:47:00,2011-12-09 10:23:00,198,1036,1.7166856013830574,1,198,2
23207,LUNCH BAG ALPHABET DESIGN,13325.55,7830,2011-04-11 16:47:00,2011-12-09 10:23:00,196,740,1.7018582375478926,1,196,2
23208,LUNCH BAG VINTAGE LEAF DESIGN,10441.91,6308,2011-04-12 09:49:00,2011-12-09 10:23:00,190,668,1.6553440076093848,1,190,2
23209,LUNCH BAG VINTAGE DOILY ,21418.82,13170,2011-05-08 11:08:00,2011-12-08 17:54:00,181,1098,1.626334092634776,1,181,2
23210,WHITE ROCKING HORSE HAND PAINTED,3551.53,2849,2011-06-02 09:04:00,2011-12-09 10:51:00,87,192,1.2465882765882768,1,87,0
23211,RED ROCKING HORSE HAND PAINTED,2930.57,2329,2011-06-02 09:37:00,2011-12-08 16:30:00,82,160,1.2582954057535423,1,82,0
23212,HEART WREATH DECORATION WITH BELL,2860.89,2296,2011-06-02 09:04:00,2011-12-09 10:03:00,89,186,1.2460322299651567,1,89,0
23213,STAR WREATH DECORATION WITH BELL,2138.42,1682,2011-06-02 09:04:00,2011-12-09 10:03:00,77,152,1.2713555291319858,1,77,0
23214,JINGLE BELL HEART ANTIQUE GOLD,1695.04,789,2011-06-01 12:19:00,2011-12-08 12:07:00,66,103,2.148339670468948,2,66,0
23215,JINGLE BELL HEART ANTIQUE SILVER,7038.400000000001,3564,2011-06-01 12:19:00,2011-12-09 12:16:00,93,210,1.9748597081930417,1,93,0
23216,LAUREL HEART ANTIQUE GOLD,630.73,525,2011-06-02 09:37:00,2011-12-08 09:20:00,39,44,1.2013904761904761,2,39,0
23217,LAUREL HEART ANTIQUE SILVER,1613.82,1309,2011-06-02 09:37:00,2011-12-06 15:10:00,66,97,1.2328647822765468,3,66,0
23218,LAUREL STAR ANTIQUE GOLD,483.03,379,2011-07-18 11:55:00,2011-12-08 09:20:00,33,40,1.274485488126649,2,33,0
23219,LAUREL STAR ANTIQUE SILVER ,568.6,430,2011-06-02 09:04:00,2011-12-08 09:20:00,44,61,1.322325581395349,2,44,0
23220,REINDEER HEART DECORATION GOLD,869.15,993,2011-06-09 13:09:00,2011-12-09 10:03:00,60,103,0.8752769385699899,1,60,0
23221,REINDEER HEART DECORATION SILVER,1363.04,1536,2011-05-31 15:53:00,2011-12-08 16:30:00,77,145,0.8873958333333333,1,77,0
23222,CHRISTMAS TREE HANGING GOLD,718.53,799,2011-06-23 09:38:00,2011-12-08 15:41:00,51,75,0.8992866082603254,1,51,0
23223,CHRISTMAS TREE HANGING SILVER ,750.1899999999999,801,2011-06-23 09:38:00,2011-12-08 16:30:00,57,88,0.9365667915106116,1,57,0
23224,CHERUB HEART DECORATION GOLD,649.02,738,2011-06-02 09:04:00,2011-12-09 10:03:00,48,71,0.8794308943089431,1,48,0
23225,CHERUB HEART DECORATION SILVER ,1176.1699999999998,1355,2011-06-02 09:37:00,2011-12-08 16:30:00,61,88,0.8680221402214021,1,61,0
23226,FILIGREE HEART DAISY WHITE,1596.67,1247,2011-05-31 12:11:00,2011-12-05 12:30:00,73,98,1.2804089815557338,5,73,0
23227,FILIGREE HEART BUTTERFLY WHITE ,2070.06,1642,2011-05-26 12:00:00,2011-12-08 17:54:00,88,117,1.260694275274056,1,88,0
23228,FILIGREE HEART BIRD WHITE ,1960.0,1492,2011-05-26 10:25:00,2011-12-08 16:30:00,83,125,1.3136729222520107,1,83,0
23229,VINTAGE DONKEY TAIL GAME ,6739.71,1869,2011-06-14 12:09:00,2011-12-09 12:16:00,115,256,3.606051364365971,1,115,0
23230,WRAP ALPHABET DESIGN,3217.92,7976,2011-01-13 11:48:00,2011-12-08 14:14:00,152,235,0.40345035105315946,1,152,2
23231,WRAP DOILEY DESIGN,3008.34,7277,2011-01-12 15:06:00,2011-12-08 14:14:00,166,260,0.41340387522330635,1,166,2
23232,WRAP VINTAGE LEAF DESIGN,3436.92,8526,2011-01-17 12:31:00,2011-12-08 12:54:00,154,238,0.4031104855735398,1,154,2
23233,WRAP POPPIES  DESIGN,2105.5,5175,2011-01-16 13:18:00,2011-12-08 11:25:00,111,158,0.4068599033816425,2,111,0
23234,BISCUIT TIN VINTAGE CHRISTMAS,5079.78,1722,2011-06-14 12:24:00,2011-12-09 10:03:00,109,277,2.94993031358885,1,109,0
23235,STORAGE TIN VINTAGE LEAF,1950.66,736,2011-06-08 12:44:00,2011-12-09 08:39:00,71,105,2.6503532608695655,1,71,0
23236,STORAGE TIN VINTAGE DOILY ,7059.97,2493,2011-06-08 12:44:00,2011-12-08 16:30:00,125,327,2.8319173686321704,1,125,0
23237,SET OF 4 KNICK KNACK TINS LEAF,4274.39,1053,2011-06-08 13:35:00,2011-12-09 12:09:00,103,177,4.0592497625830966,1,103,0
23238,SET OF 4 KNICK KNACK TINS LONDON ,7771.610000000001,1849,2011-06-07 14:03:00,2011-12-09 12:09:00,132,274,4.203142239048135,1,132,0
23239,SET OF 4 KNICK KNACK TINS POPPIES,3353.84,842,2011-06-08 12:44:00,2011-12-09 08:39:00,99,178,3.983182897862233,1,99,0
23240,SET OF 4 KNICK KNACK TINS DOILY ,17000.170000000002,4177,2011-06-07 13:10:00,2011-12-09 08:48:00,154,536,4.069947330620063,1,154,2
23241,TREASURE TIN GYMKHANA DESIGN,4669.55,2165,2011-06-08 12:49:00,2011-12-09 10:03:00,142,363,2.156836027713626,1,142,0
23242,TREASURE TIN BUFFALO BILL ,3024.63,1470,2011-06-08 12:49:00,2011-12-08 09:28:00,114,214,2.057571428571429,2,114,0
23243,SET OF TEA COFFEE SUGAR TINS PANTRY,23489.420000000002,4800,2011-06-08 08:12:00,2011-12-09 10:03:00,150,470,4.893629166666667,1,150,2
23244,ROUND STORAGE TIN VINTAGE LEAF,1733.9799999999998,936,2011-06-08 13:35:00,2011-12-08 16:30:00,81,112,1.8525427350427348,1,81,0
23245,SET OF 3 REGENCY CAKE TINS,31118.550000000003,6345,2011-06-08 12:02:00,2011-12-09 12:08:00,156,873,4.904420803782506,1,156,2
23247,BISCUIT TIN 50'S CHRISTMAS,6681.25,2194,2011-06-08 13:09:00,2011-12-09 10:03:00,105,309,3.045237010027347,1,105,0
23249,VINTAGE RED ENAMEL TRIM PLATE,1426.1,842,2011-06-14 10:00:00,2011-12-07 13:46:00,58,81,1.6937054631828978,2,58,0
23250,VINTAGE RED TRIM ENAMEL BOWL ,1531.03,1179,2011-06-14 10:00:00,2011-12-08 13:36:00,76,110,1.2985835453774386,1,76,0
23251,VINTAGE RED ENAMEL TRIM MUG ,2105.75,1712,2011-06-14 10:00:00,2011-12-09 09:08:00,84,120,1.2299941588785046,1,84,0
23252,VINTAGE RED ENAMEL TRIM JUG ,2261.61,603,2011-06-12 12:00:00,2011-12-08 13:50:00,90,138,3.7505970149253733,1,90,0
23253,16 PIECE CUTLERY SET PANTRY DESIGN,3848.8599999999997,258,2011-04-18 13:13:00,2011-12-08 12:50:00,56,70,14.918062015503875,2,56,0
23254,CHILDRENS CUTLERY DOLLY GIRL ,6903.110000000001,1703,2011-04-07 11:30:00,2011-12-09 12:50:00,150,299,4.05349970640047,1,150,0
23255,CHILDRENS CUTLERY CIRCUS PARADE,4097.22,1014,2011-04-10 12:53:00,2011-12-09 12:50:00,105,158,4.040650887573965,1,105,0
23256,CHILDRENS CUTLERY SPACEBOY ,8667.07,2113,2011-04-07 11:30:00,2011-12-09 12:50:00,172,368,4.101784193090393,1,172,2
23263,SET OF 3 WOODEN HEART DECORATIONS,5147.19,3863,2011-06-02 14:15:00,2011-12-08 16:30:00,136,445,1.3324333419622054,1,136,0
23264,SET OF 3 WOODEN SLEIGH DECORATIONS,2690.81,1963,2011-06-09 15:34:00,2011-12-09 10:03:00,104,299,1.370764136525726,1,104,0
23265,SET OF 3 WOODEN TREE DECORATIONS,2404.79,1769,2011-06-09 15:34:00,2011-12-09 10:03:00,103,293,1.359406444318824,1,103,0
23266,SET OF 3 WOODEN STOCKING DECORATION,2743.82,2053,2011-06-09 15:34:00,2011-12-09 10:03:00,108,319,1.3364929371651242,1,108,0
23267,SET OF 4 SANTA PLACE SETTINGS,1531.95,1202,2011-06-23 13:51:00,2011-12-08 15:49:00,71,108,1.2745008319467555,1,71,0
23268,SET OF 2 CERAMIC CHRISTMAS REINDEER,2018.1399999999999,1447,2011-06-12 11:47:00,2011-11-20 11:09:00,52,89,1.3947062888735313,20,52,0
23269,SET OF 2 CERAMIC CHRISTMAS TREES,1152.98,779,2011-06-12 11:47:00,2011-12-08 17:54:00,59,94,1.4800770218228498,1,59,0
23270,SET OF 2 CERAMIC PAINTED HEARTS ,1646.32,1174,2011-06-02 19:50:00,2011-12-09 10:51:00,82,125,1.4023168654173765,1,82,0
23271,CHRISTMAS TABLE SILVER CANDLE SPIKE,1496.8899999999999,1731,2011-06-13 15:44:00,2011-12-08 09:28:00,59,104,0.8647544771808202,2,59,0
23272,TREE T-LIGHT HOLDER WILLIE WINKIE,562.2199999999999,364,2011-06-22 11:30:00,2011-12-09 08:39:00,33,44,1.5445604395604393,1,33,0
23273,HEART T-LIGHT HOLDER WILLIE WINKIE,1649.0499999999997,969,2011-06-05 14:06:00,2011-12-08 16:30:00,74,112,1.7018059855521153,1,74,0
23274,STAR T-LIGHT HOLDER WILLIE WINKIE,2004.9999999999998,1180,2011-06-05 14:06:00,2011-12-09 10:51:00,70,119,1.6991525423728813,1,70,0
23275,SET OF 3 HANGING OWLS OLLIE BEAK,4521.72,3720,2011-06-02 12:37:00,2011-12-09 12:49:00,124,325,1.215516129032258,1,124,0
23280,FOLDING BUTTERFLY MIRROR HOT PINK ,1614.16,2023,2011-05-09 16:35:00,2011-12-09 10:03:00,108,157,0.7979041028175977,1,108,0
23281,FOLDING BUTTERFLY MIRROR RED  ,1000.82,1280,2011-05-10 14:20:00,2011-12-08 18:51:00,80,101,0.7818906250000001,1,80,0
23282,FOLDING BUTTERFLY MIRROR IVORY ,757.86,812,2011-05-09 16:35:00,2011-12-05 17:24:00,91,135,0.9333251231527093,4,91,0
23283,DOORMAT VINTAGE LEAF,7003.38,994,2011-04-27 13:06:00,2011-12-08 19:29:00,109,233,7.045653923541248,1,109,0
23284,DOORMAT KEEP CALM AND COME IN,38133.64,5487,2011-04-27 12:57:00,2011-12-09 10:03:00,144,728,6.949815928558411,1,144,2
23285,PINK VINTAGE SPOT BEAKER,4572.41,4807,2011-06-12 13:17:00,2011-12-09 10:03:00,106,191,0.951198252548367,1,106,0
23286,BLUE VINTAGE SPOT BEAKER,4747.62,5048,2011-06-12 13:12:00,2011-12-08 09:28:00,117,222,0.9404952456418383,2,117,0
23287,RED VINTAGE SPOT BEAKER,1603.3899999999999,1879,2011-06-13 16:33:00,2011-12-09 10:03:00,107,198,0.8533209153805215,1,107,0
23288,GREEN VINTAGE SPOT BEAKER,4444.2300000000005,4625,2011-06-12 13:17:00,2011-12-08 09:28:00,109,185,0.9609145945945947,2,109,0
23289,DOLLY GIRL CHILDRENS BOWL,2013.7,1622,2011-06-13 16:33:00,2011-12-08 09:20:00,107,191,1.2414919852034525,2,107,0
23290,SPACEBOY CHILDRENS BOWL,2890.3500000000004,2430,2011-06-13 16:33:00,2011-12-09 10:03:00,118,214,1.1894444444444445,1,118,0
23291,DOLLY GIRL CHILDRENS CUP,2059.03,1634,2011-06-13 16:33:00,2011-12-08 16:30:00,108,195,1.2601162790697675,1,108,0
23292,SPACEBOY CHILDRENS CUP,2703.33,2181,2011-06-13 16:33:00,2011-12-09 10:03:00,118,222,1.2394910591471802,1,118,0
23293,SET OF 12 FAIRY CAKE BAKING CASES,6989.54,8471,2011-07-12 15:56:00,2011-12-09 12:19:00,128,552,0.8251139180734269,1,128,2
23294,SET OF 6 SNACK LOAF BAKING CASES,3607.81,4392,2011-07-12 15:56:00,2011-12-09 10:03:00,118,354,0.821450364298725,1,118,0
23295,SET OF 12 MINI LOAF BAKING CASES,5073.45,6134,2011-07-12 15:56:00,2011-12-09 10:26:00,127,444,0.8271030322791001,1,127,2
23296,SET OF 6 TEA TIME BAKING CASES,5985.55,4979,2011-07-12 15:56:00,2011-12-08 19:57:00,121,378,1.202159068085961,1,121,0
23297,SET 40 HEART SHAPE PETIT FOUR CASES,6792.23,4303,2011-07-12 15:56:00,2011-11-22 16:47:00,58,161,1.5784871020218452,17,58,0
23298,SPOTTY BUNTING,43148.18,8466,2011-05-04 13:57:00,2011-12-09 12:16:00,185,1146,5.096643042759273,1,185,2
23299,FOOD COVER WITH BEADS SET 2 ,3772.88,1012,2011-05-04 13:57:00,2011-12-09 10:03:00,93,146,3.728142292490119,1,93,0
23300,GARDENERS KNEELING PAD CUP OF TEA ,11785.99,6809,2011-05-15 11:43:00,2011-12-09 10:26:00,174,758,1.7309428697312381,1,174,2
23301,GARDENERS KNEELING PAD KEEP CALM ,16327.349999999999,8807,2011-05-15 11:43:00,2011-12-09 11:26:00,174,913,1.8539059838764618,1,174,2
23302,KNEELING MAT HOUSEWORK  DESIGN,2181.4199999999996,1536,2011-05-15 15:31:00,2011-12-09 09:07:00,119,230,1.4201953124999998,1,119,0
23303,SET 4 PICNIC CUTLERY FONDANT,126.75,65,2011-10-26 13:22:00,2011-12-05 10:14:00,6,6,1.95,5,6,0
23304,SET 4 PICNIC CUTLERY CHERRY ,138.45,71,2011-10-30 11:25:00,2011-12-06 12:09:00,6,9,1.9499999999999997,4,6,0
23305,SET 4 PICNIC CUTLERY BLUEBERRY,159.9,82,2011-10-23 15:27:00,2011-12-06 12:09:00,8,9,1.9500000000000002,4,8,0
23306,SET OF 36 DOILIES PANTRY DESIGN,4123.38,2808,2011-06-05 11:29:00,2011-12-05 17:24:00,123,277,1.4684401709401709,4,123,0
23307,SET OF 60 PANTRY DESIGN CAKE CASES ,6371.89,12049,2011-06-03 12:07:00,2011-12-09 10:03:00,157,629,0.5288314382936343,1,157,2
23308,SET OF 60 VINTAGE LEAF CAKE CASES ,3272.61,6139,2011-06-05 14:06:00,2011-12-09 10:03:00,150,382,0.5330851930281805,1,150,2
23309,SET OF 60 I LOVE LONDON CAKE CASES ,4495.85,8275,2011-06-02 15:13:00,2011-12-09 10:03:00,152,407,0.5433051359516616,1,152,2
23310,BUBBLEGUM RING ASSORTED,4997.28,12050,2011-06-09 11:49:00,2011-12-09 10:03:00,123,245,0.4147120331950207,1,123,2
23311,VINTAGE CHRISTMAS STOCKING ,6488.2,2390,2011-07-14 13:28:00,2011-12-09 10:26:00,99,344,2.7147280334728032,1,99,0
23312,VINTAGE CHRISTMAS GIFT SACK,5964.150000000001,1423,2011-07-17 13:25:00,2011-12-09 10:26:00,92,214,4.191250878425861,1,92,0
23313,VINTAGE CHRISTMAS BUNTING,15798.66,2990,2011-07-12 15:15:00,2011-12-09 12:19:00,104,401,5.283832775919732,1,104,2
23314,VINTAGE CHRISTMAS TABLECLOTH,5012.96,407,2011-07-15 10:44:00,2011-12-09 10:03:00,73,117,12.316855036855037,1,73,0
23315,IVORY REFECTORY CLOCK,2094.24,213,2011-06-23 18:44:00,2011-12-08 16:30:00,64,86,9.832112676056337,1,64,0
23316,RED REFECTORY CLOCK ,2501.64,250,2011-06-23 18:44:00,2011-12-08 15:31:00,80,110,10.00656,1,80,0
23317,BLUE REFECTORY CLOCK ,1777.46,173,2011-06-26 13:46:00,2011-12-09 12:00:00,59,82,10.274335260115608,1,59,0
23318,BOX OF 6 MINI VINTAGE CRACKERS,9162.41,3809,2011-07-04 10:17:00,2011-12-09 12:19:00,98,376,2.4054633762142292,1,98,0
23319,BOX OF 6 MINI 50'S CRACKERS,9219.53,3720,2011-07-07 12:38:00,2011-12-09 12:19:00,104,403,2.4783682795698927,1,104,0
23320,GIANT 50'S CHRISTMAS CRACKER,7053.57,2661,2011-07-05 12:47:00,2011-12-09 11:34:00,98,333,2.6507215332581735,1,98,0
23321,SMALL WHITE HEART OF WICKER,8438.539999999999,4716,2011-06-09 12:21:00,2011-12-08 13:47:00,152,629,1.7893426632739609,1,152,2
23322,LARGE WHITE HEART OF WICKER,8878.210000000001,3069,2011-06-12 12:01:00,2011-12-09 10:03:00,148,562,2.892867383512545,1,148,2
23323,WHITE WICKER STAR ,3146.78,1469,2011-06-23 18:33:00,2011-12-09 10:03:00,115,294,2.14212389380531,1,115,0
23324,RUSTIC STRAWBERRY JAM POT LARGE ,816.0400000000001,399,2011-08-05 15:45:00,2011-12-05 17:28:00,37,44,2.045213032581454,4,37,0
23325,RUSTIC STRAWBERRY JAM POT SMALL,740.9399999999999,462,2011-08-11 16:30:00,2011-11-27 15:38:00,30,35,1.6037662337662337,12,30,0
23326,HANGING MINI COLOURED BOTTLES,2237.08,3442,2011-08-11 12:53:00,2011-12-09 12:00:00,50,76,0.6499360836722835,1,50,0
23327,HANGING CLEAR MINI BOTTLE,1051.14,1734,2011-08-10 16:01:00,2011-12-05 16:05:00,29,41,0.6061937716262976,4,29,0
23328,SET 6 SCHOOL MILK BOTTLES IN CRATE,13269.49,2841,2011-08-08 15:42:00,2011-12-09 12:31:00,105,405,4.670711017247448,1,105,0
23329,DECORATIVE WICKER HEART LARGE,3038.1899999999996,1767,2011-08-07 15:43:00,2011-12-08 18:42:00,93,233,1.7194057724957552,1,93,0
23330,DECORATIVE WICKER HEART MEDIUM,2286.97,1794,2011-08-08 13:53:00,2011-12-08 18:42:00,91,216,1.274788182831661,1,91,0
23331,DECORATIVE WICKER HEART SMALL,1062.28,1596,2011-08-10 16:01:00,2011-12-08 18:42:00,66,109,0.6655889724310777,1,66,0
23332,IVORY WICKER HEART LARGE,3542.7099999999996,2059,2011-08-07 15:43:00,2011-12-09 10:03:00,94,287,1.720597377367654,1,94,0
23333,IVORY WICKER HEART MEDIUM,2695.45,2089,2011-08-08 14:37:00,2011-12-07 14:12:00,91,233,1.290306366682623,2,91,0
23334,IVORY WICKER HEART SMALL,1491.75,2271,2011-08-08 14:37:00,2011-12-09 12:20:00,73,130,0.6568692206076618,1,73,0
23335,EGG FRYING PAN IVORY ,790.7800000000001,377,2011-06-13 16:33:00,2011-12-08 13:45:00,70,96,2.097559681697613,1,70,0
23336,EGG FRYING PAN PINK ,519.25,225,2011-06-13 16:33:00,2011-12-09 10:03:00,61,85,2.307777777777778,1,61,0
23337,EGG FRYING PAN MINT ,388.75,180,2011-06-13 16:33:00,2011-12-08 16:30:00,51,69,2.1597222222222223,1,51,0
23338,EGG FRYING PAN RED ,915.4000000000001,431,2011-06-12 13:17:00,2011-12-09 12:20:00,69,109,2.123897911832947,1,69,0
23339,EGG FRYING PAN BLUE ,400.84000000000003,173,2011-06-13 16:33:00,2011-12-08 16:30:00,51,76,2.3169942196531794,1,51,0
23340,VINTAGE CHRISTMAS CAKE FRILL,4034.08,2500,2011-07-31 15:31:00,2011-12-09 10:03:00,75,151,1.613632,1,75,0
23341,PINK DINER WALL CLOCK,2741.35,307,2011-06-24 09:22:00,2011-12-08 15:54:00,79,121,8.929478827361564,1,79,0
23342,MINT DINER WALL CLOCK,3176.41,373,2011-06-24 09:22:00,2011-12-07 12:19:00,100,163,8.515844504021448,3,100,0
23343,JUMBO BAG VINTAGE CHRISTMAS ,13972.710000000001,6078,2011-06-13 11:33:00,2011-12-09 12:19:00,120,476,2.298899308983218,1,120,2
23344,JUMBO BAG 50'S CHRISTMAS ,23772.07,10285,2011-06-15 13:25:00,2011-12-09 12:19:00,136,716,2.311333981526495,1,136,2
23345, DOLLY GIRL BEAKER,2886.25,2451,2011-07-24 16:13:00,2011-12-09 10:03:00,97,174,1.177580579355365,1,97,0
23346,SPACEBOY BEAKER,3112.34,2628,2011-07-24 16:13:00,2011-12-08 16:30:00,96,184,1.1842998477929985,1,96,0
23347,I LOVE LONDON BEAKER,1077.3,860,2011-07-24 16:15:00,2011-12-09 10:03:00,78,97,1.252674418604651,1,78,0
23348,CHILDRENS TOY COOKING UTENSIL SET,1633.81,746,2011-04-18 13:49:00,2011-11-23 12:20:00,80,168,2.190093833780161,17,80,0
23349,ROLL WRAP VINTAGE CHRISTMAS,4342.6,3221,2011-08-04 15:23:00,2011-12-09 11:34:00,91,337,1.3482148401117666,1,91,0
23350,ROLL WRAP VINTAGE SPOT ,3445.08,2712,2011-08-04 15:23:00,2011-12-09 12:19:00,95,305,1.2703097345132743,1,95,0
23351,ROLL WRAP 50'S CHRISTMAS,4875.65,3535,2011-08-04 16:17:00,2011-12-09 10:26:00,90,354,1.379250353606789,1,90,0
23352,ROLL WRAP 50'S RED CHRISTMAS ,2459.2,1800,2011-08-04 16:17:00,2011-12-09 10:26:00,77,212,1.3662222222222222,1,77,0
23353,6 GIFT TAGS VINTAGE CHRISTMAS ,3510.0499999999997,4007,2011-08-02 14:04:00,2011-12-09 12:19:00,94,327,0.8759795358123283,1,94,0
23354,6 GIFT TAGS 50'S CHRISTMAS ,3429.3999999999996,3740,2011-08-02 14:04:00,2011-12-09 10:26:00,95,322,0.9169518716577539,1,95,0
23355,HOT WATER BOTTLE KEEP CALM,28718.800000000003,5816,2011-08-22 13:32:00,2011-12-09 11:56:00,94,782,4.9378954607978,1,94,2
23356,LOVE HOT WATER BOTTLE,13334.320000000002,2359,2011-08-22 12:52:00,2011-12-09 12:31:00,92,476,5.652530733361594,1,92,0
23357,HOT WATER BOTTLE SEX BOMB,1982.0500000000002,450,2011-08-21 15:17:00,2011-12-09 10:23:00,60,102,4.404555555555556,1,60,0
23358,HOT STUFF HOT WATER BOTTLE,2008.38,594,2011-08-21 15:17:00,2011-12-09 10:23:00,56,89,3.381111111111111,1,56,0
23359,SET OF 12 T-LIGHTS VINTAGE DOILY,1866.4599999999998,990,2011-08-02 12:27:00,2011-12-08 13:18:00,60,79,1.885313131313131,1,60,0
23360,SET 8 CANDLES VINTAGE DOILY,2286.4,1182,2011-08-02 11:33:00,2011-12-08 12:26:00,71,114,1.9343485617597294,2,71,0
23365,SET 12 COLOUR PENCILS LOVE LONDON,1463.0800000000002,1857,2011-09-22 12:13:00,2011-12-09 10:03:00,56,169,0.7878729133010233,1,56,0
23366,SET 12 COLOURING PENCILS DOILY,1667.95,2249,2011-09-22 11:46:00,2011-12-09 10:03:00,64,195,0.7416407292129835,1,64,0
23367,SET 12 COLOUR PENCILS SPACEBOY ,2491.2000000000003,3278,2011-09-22 11:46:00,2011-12-09 10:13:00,68,282,0.7599755948749238,1,68,0
23368,SET 12 COLOUR PENCILS DOLLY GIRL ,1679.5500000000002,2379,2011-09-22 12:45:00,2011-12-09 10:26:00,66,232,0.7059899117276167,1,66,0
23369,SET 36 COLOUR PENCILS LOVE LONDON,1581.06,1105,2011-09-22 12:13:00,2011-12-09 10:26:00,58,126,1.4308235294117646,1,58,0
23370,SET 36 COLOURING PENCILS DOILY,2151.6,1550,2011-09-22 12:02:00,2011-12-09 10:26:00,62,151,1.3881290322580644,1,62,0
23371,SET 36 COLOUR PENCILS SPACEBOY ,2304.78,1705,2011-09-22 12:02:00,2011-12-09 11:34:00,65,185,1.351777126099707,1,65,0
23372,SET 36 COLOUR PENCILS DOLLY GIRL,1750.29,1389,2011-09-22 13:51:00,2011-12-09 10:03:00,61,147,1.2601079913606912,1,61,0
23373,VINTAGE CHRISTMAS PAPER GIFT BAG,1313.3899999999999,1608,2011-08-02 14:04:00,2011-12-06 16:26:00,59,100,0.8167848258706467,3,59,0
23374,RED SPOT PAPER GIFT BAG,1962.83,2456,2011-08-02 14:23:00,2011-12-08 13:45:00,69,131,0.7991978827361563,1,69,0
23375,50'S CHRISTMAS PAPER GIFT BAG,1100.6899999999998,1342,2011-08-22 10:39:00,2011-12-09 10:03:00,65,103,0.8201862891207152,1,65,0
23376,PACK OF 12 VINTAGE CHRISTMAS TISSUE,1384.9099999999999,3039,2011-09-01 11:30:00,2011-12-09 12:19:00,71,155,0.455712405396512,1,71,0
23377,PACK OF 12 DOLLY GIRL TISSUES,592.4499999999999,1351,2011-09-04 12:41:00,2011-12-09 10:03:00,65,133,0.4385270170244263,1,65,0
23378,PACK OF 12 50'S CHRISTMAS TISSUES,1840.08,3997,2011-09-01 11:30:00,2011-12-09 10:03:00,74,176,0.46036527395546656,1,74,0
23379,PACK OF 12 RED APPLE TISSUES,465.36,1220,2011-09-05 12:00:00,2011-12-09 10:03:00,53,76,0.3814426229508197,1,53,0
23380,PACK OF 12 VINTAGE DOILY TISSUES,983.5,2344,2011-09-05 12:00:00,2011-12-09 10:03:00,59,121,0.41958191126279865,1,59,0
23381,PACK OF 12 VINTAGE LEAF TISSUES ,562.88,1496,2011-09-05 12:00:00,2011-12-09 10:03:00,51,80,0.37625668449197863,1,51,0
23382,BOX OF 6 CHRISTMAS CAKE DECORATIONS,7356.18,1875,2011-10-13 13:42:00,2011-12-09 11:34:00,48,220,3.923296,1,48,0
23388,WOODLAND MINI BACKPACK,3432.09,821,2011-09-11 15:47:00,2011-12-09 10:26:00,63,154,4.180377588306943,1,63,0
23389,SPACEBOY MINI BACKPACK,4751.49,1115,2011-09-11 13:39:00,2011-12-09 12:16:00,74,237,4.26142600896861,1,74,0
23390,DOLLY GIRL MINI BACKPACK,3025.59,747,2011-09-11 13:39:00,2011-12-09 10:13:00,69,163,4.050321285140562,1,69,0
23391, I LOVE LONDON MINI BACKPACK,1628.17,389,2011-09-11 11:29:00,2011-12-09 10:03:00,53,87,4.185526992287918,1,53,0
23392,SPACEBOY ROCKET LOLLY MAKERS,1475.03,662,2011-09-06 10:42:00,2011-12-09 10:03:00,59,113,2.228141993957704,1,59,0
23393,HOME SWEET HOME CUSHION COVER ,3207.91,801,2011-09-04 12:07:00,2011-12-08 16:30:00,76,229,4.004881398252184,1,76,0
23394,POSTE FRANCE CUSHION COVER,1877.65,435,2011-09-04 12:07:00,2011-12-08 18:42:00,68,150,4.3164367816091955,1,68,0
23395,BELLE JARDINIERE CUSHION COVER,3257.08,748,2011-09-04 12:07:00,2011-12-08 18:42:00,76,210,4.354385026737968,1,76,0
23396,LE JARDIN BOTANIQUE CUSHION COVER,2750.5299999999997,654,2011-09-04 12:07:00,2011-12-08 18:42:00,75,196,4.205703363914373,1,75,0
23397,FOOT STOOL HOME SWEET HOME ,5097.65,489,2011-09-04 12:24:00,2011-12-08 16:30:00,73,217,10.424642126789365,1,73,0
23398,HANGING HEART BONHEUR,535.35,606,2011-09-04 14:08:00,2011-12-08 13:50:00,47,69,0.8834158415841584,1,47,0
23399,HOME SWEET HOME HANGING HEART,1745.55,1914,2011-09-04 12:54:00,2011-12-09 10:03:00,81,225,0.9119905956112853,1,81,0
23400,SHELF WITH 4 HOOKS HOME SWEET HOME,2409.34,461,2011-09-06 11:55:00,2011-12-08 10:59:00,56,107,5.226334056399133,2,56,0
23401,RUSTIC MIRROR WITH LACE HEART,2354.87,459,2011-09-07 16:27:00,2011-12-08 18:43:00,48,83,5.130435729847495,1,48,0
23402,HOME SWEET HOME 3 PEG HANGER ,1147.28,296,2011-09-05 12:00:00,2011-12-08 09:28:00,47,68,3.8759459459459458,2,47,0
23403,LETTER HOLDER HOME SWEET HOME,2204.11,625,2011-09-05 12:00:00,2011-12-08 16:30:00,69,134,3.5265760000000004,1,69,0
23404,HOME SWEET HOME BLACKBOARD,4561.76,1011,2011-09-05 10:15:00,2011-12-09 11:50:00,75,169,4.512126607319486,1,75,0
23405,HOME SWEET HOME 2 DRAWER CABINET,1311.48,252,2011-09-05 11:18:00,2011-12-09 10:03:00,47,70,5.204285714285715,1,47,0
23406,HOME SWEET HOME KEY HOLDER,2422.6600000000003,456,2011-09-05 10:15:00,2011-12-06 14:23:00,62,111,5.312850877192983,3,62,0
23407,SET OF 2 TRAYS HOME SWEET HOME,2709.43,265,2011-09-04 12:07:00,2011-12-08 17:37:00,66,133,10.224264150943396,1,66,0
23408,PHOTO FRAME LINEN AND LACE SMALL,644.8000000000001,310,2011-09-07 16:27:00,2011-12-07 12:33:00,45,59,2.08,3,45,0
23409,PHOTO FRAME LINEN AND LACE LARGE,801.6800000000001,215,2011-09-07 16:00:00,2011-12-05 12:03:00,28,43,3.728744186046512,5,28,0
23410,CURIO CABINET LINEN AND LACE ,290.1,36,2011-09-08 10:35:00,2011-11-25 13:09:00,16,18,8.058333333333334,14,16,0
23411, TRELLIS COAT RACK,1118.6100000000001,227,2011-09-04 14:08:00,2011-12-02 17:12:00,42,56,4.9277973568281945,7,42,0
23412,HEART MIRROR ANTIQUE WHITE,2354.8,358,2011-09-06 09:53:00,2011-10-10 17:26:00,28,76,6.5776536312849165,60,28,0
23413,VINTAGE COFFEE GRINDER BOX,909.3100000000001,173,2011-09-07 16:00:00,2011-12-08 16:30:00,35,58,5.2561271676300585,1,35,0
23414,ZINC BOX SIGN HOME,1378.75,141,2011-09-04 16:09:00,2011-11-30 17:37:00,41,64,9.77836879432624,9,41,0
23415,HOME SWEET HOME HOOK,412.17999999999995,328,2011-09-07 15:52:00,2011-12-08 15:54:00,33,47,1.2566463414634146,1,33,0
23416,CHAMBRE HOOK,184.67999999999998,132,2011-09-12 13:43:00,2011-12-08 14:39:00,18,25,1.399090909090909,1,18,0
23417,BATHROOM HOOK,157.5,146,2011-09-07 15:52:00,2011-12-08 14:39:00,21,27,1.0787671232876712,1,21,0
23418,LAVENDER TOILETTE BOTTLE,1166.0,557,2011-09-11 10:53:00,2011-12-09 10:03:00,48,79,2.0933572710951527,1,48,0
23419,HOME SWEET HOME BOTTLE ,1043.72,473,2011-09-11 10:53:00,2011-12-08 09:20:00,57,86,2.206596194503171,2,57,0
23420,PANTRY HOOK TEA STRAINER ,351.37,164,2011-09-15 12:46:00,2011-12-04 12:44:00,25,32,2.1425,6,25,0
23421,PANTRY HOOK SPATULA,349.2,160,2011-09-08 13:38:00,2011-12-04 12:44:00,27,33,2.1825,6,27,0
23422,PANTRY HOOK BALLOON WHISK ,477.89,213,2011-09-07 16:48:00,2011-12-08 09:20:00,34,47,2.2436150234741783,2,34,0
23423,PANTRY 3 HOOK ROLLING PIN HANGER,876.9,219,2011-09-08 13:38:00,2011-12-08 09:20:00,43,66,4.004109589041096,2,43,0
23424,GINGHAM RECIPE BOOK BOX,2509.62,462,2011-09-04 16:09:00,2011-12-09 08:59:00,69,135,5.432077922077922,1,69,0
23425,STORAGE TIN HOME SWEET HOME,621.44,275,2011-09-04 16:09:00,2011-12-09 10:46:00,39,56,2.2597818181818186,1,39,0
23426,METAL SIGN DROP YOUR PANTS,3444.4300000000003,1275,2011-09-05 16:22:00,2011-12-09 10:03:00,76,206,2.701513725490196,1,76,0
23427,STOOL HOME SWEET HOME ,2860.58,237,2011-09-04 12:07:00,2011-12-08 11:15:00,52,114,12.069957805907173,2,52,0
23428,IVORY RETRO KITCHEN WALL CLOCK,675.91,77,2011-11-17 10:01:00,2011-12-09 08:48:00,17,33,8.778051948051948,1,17,0
23429,RED RETRO KITCHEN WALL CLOCK,400.01,47,2011-11-21 10:35:00,2011-12-09 08:48:00,12,23,8.510851063829787,1,12,0
23430,BLUE RETRO KITCHEN WALL CLOCK,301.88,36,2011-11-20 15:35:00,2011-12-09 08:48:00,14,18,8.385555555555555,1,14,0
23431,NATURAL HANGING QUILTED HEARTS ,1171.23,1449,2011-08-26 09:55:00,2011-12-01 11:20:00,48,72,0.8083022774327122,9,48,0
23432,PRETTY HANGING QUILTED HEARTS,1088.36,1276,2011-08-31 10:06:00,2011-12-06 14:40:00,45,74,0.8529467084639497,3,45,0
23433,HANGING QUILTED PATCHWORK APPLES,1108.58,1258,2011-08-26 12:49:00,2011-12-04 13:32:00,58,89,0.8812241653418124,5,58,0
23434,3 RAFFIA RIBBONS 50'S CHRISTMAS ,1884.17,2095,2011-09-11 10:58:00,2011-12-09 10:03:00,71,199,0.8993651551312649,1,71,0
23435,3 RAFFIA RIBBONS VINTAGE CHRISTMAS,732.4200000000001,824,2011-09-09 16:13:00,2011-12-09 10:03:00,52,99,0.888859223300971,1,52,0
23436,VINTAGE CHRISTMAS GIFT BAG LARGE ,2367.39,1979,2011-08-02 14:04:00,2011-12-08 09:20:00,68,114,1.196255684689237,2,68,0
23437, 50'S CHRISTMAS GIFT BAG LARGE,2373.63,1939,2011-08-22 15:05:00,2011-12-09 10:26:00,66,131,1.2241516245487365,1,66,0
23438, RED SPOT GIFT BAG LARGE,2209.92,1809,2011-08-03 12:20:00,2011-12-09 10:20:00,65,109,1.2216252072968492,1,65,0
23439,HAND WARMER RED LOVE HEART,8855.51,3986,2011-08-24 14:23:00,2011-12-09 10:20:00,86,397,2.2216532865027596,1,86,0
23440,PAINT YOUR OWN EGGS IN CRATE,299.36,164,2011-11-24 15:01:00,2011-12-07 15:16:00,5,5,1.8253658536585367,2,5,0
23441,HAND PAINTED HANGING EASTER EGG,9.24,22,2011-11-23 10:39:00,2011-12-07 13:12:00,3,3,0.42,2,3,0
23442,12 HANGING EGGS HAND PAINTED,83.2,40,2011-11-15 17:14:00,2011-12-07 13:12:00,6,7,2.08,2,6,0
23444,Next Day Carriage,1200.0,79,2011-05-26 16:11:00,2011-12-08 12:10:00,57,79,15.189873417721518,2,57,0
23445,ICE CREAM BUBBLES,2161.24,2668,2011-08-24 11:31:00,2011-12-09 08:59:00,64,101,0.8100599700149924,1,64,0
23446,BLUE BUNNY EASTER EGG BASKET,230.24999999999997,157,2011-10-10 13:55:00,2011-12-07 15:16:00,3,3,1.4665605095541399,2,3,0
23447,PINK BUNNY EASTER EGG BASKET,231.89999999999998,158,2011-10-10 13:55:00,2011-12-07 15:16:00,4,4,1.4677215189873416,2,4,0
23448,CREAM BUNNY EASTER EGG BASKET,41.24999999999999,25,2011-10-10 13:55:00,2011-11-30 09:50:00,3,3,1.6499999999999997,10,3,0
23449,SET OF 6 EASTER RAINBOW CHICKS,15.0,12,2011-11-15 17:14:00,2011-11-15 17:14:00,1,1,1.25,24,1,0
23451,SQUARE MINI PORTRAIT FRAME,556.17,277,2011-10-14 14:04:00,2011-12-09 10:03:00,38,52,2.0078339350180503,1,38,0
23452,HEART MINI PORTRAIT FRAME,1021.76,518,2011-10-14 13:35:00,2011-12-08 14:39:00,40,87,1.9725096525096526,1,40,0
23453,OVAL  MINI PORTRAIT FRAME,615.98,316,2011-10-14 12:33:00,2011-12-08 13:59:00,29,47,1.9493037974683545,1,29,0
23454,THREE MINI HANGING FRAMES,733.2,174,2011-10-21 13:13:00,2011-12-08 14:39:00,33,52,4.2137931034482765,1,33,0
23455,SMALL PARLOUR PICTURE FRAME,569.4300000000001,207,2011-10-16 15:44:00,2011-12-08 12:26:00,23,35,2.750869565217392,2,23,0
23456,MEDIUM PARLOUR PICTURE FRAME ,634.1,158,2011-10-16 12:25:00,2011-12-04 12:44:00,23,36,4.013291139240507,6,23,0
23457,LARGE PARLOUR PICTURE FRAME,549.88,112,2011-10-16 15:44:00,2011-12-08 13:45:00,23,31,4.909642857142857,1,23,0
23458,DOLLY CABINET 3 DRAWERS ,762.4499999999999,51,2011-10-17 15:18:00,2011-12-08 14:58:00,22,30,14.95,1,22,0
23459,DOLLY CABINET 2 DRAWERS ,412.5,33,2011-10-16 12:19:00,2011-12-08 12:10:00,17,19,12.5,2,17,0
23460,SWEETHEART WALL TIDY ,1007.0799999999999,108,2011-10-20 12:57:00,2011-12-05 14:39:00,30,43,9.324814814814815,4,30,0
23461,SWEETHEART BIRD HOUSE,3041.21,847,2011-09-29 15:57:00,2011-12-07 17:25:00,48,94,3.5905667060212516,2,48,0
23462,ROCOCO WALL MIRROR WHITE,1607.04,80,2011-10-20 13:06:00,2011-12-08 17:37:00,26,46,20.088,1,26,0
23463,VINTAGE ZINC WATERING CAN,139.39999999999998,13,2011-10-16 12:28:00,2011-12-09 09:07:00,8,8,10.72307692307692,1,8,0
23464,VINTAGE ZINC WATERING CAN SMALL,99.2,18,2011-10-16 12:28:00,2011-12-09 09:07:00,8,8,5.511111111111111,1,8,0
23465,TUSCAN VILLA BIRD FEEDER,247.63,29,2011-10-04 16:39:00,2011-12-08 09:28:00,15,16,8.53896551724138,2,15,0
23466,TUSCAN VILLA DOVECOTE BIRD FEEDER,498.03,55,2011-09-30 08:18:00,2011-12-08 16:30:00,23,27,9.055090909090909,1,23,0
23467,VINTAGE ZINC PLANTER  ,120.08000000000001,32,2011-10-17 10:10:00,2011-12-09 10:03:00,9,11,3.7525000000000004,1,9,0
23468,TUSCAN VILLA BIRD TABLE ,156.75,19,2011-10-06 17:28:00,2011-11-23 15:53:00,9,11,8.25,16,9,0
23469,CARD HOLDER LOVE BIRD SMALL,1355.24,332,2011-09-30 09:39:00,2011-12-09 10:03:00,41,72,4.082048192771085,1,41,0
23470,CARD HOLDER LOVE BIRD LARGE ,1460.5,232,2011-10-02 13:26:00,2011-12-05 15:44:00,42,84,6.295258620689655,4,42,0
23471,SIX DRAWER OFFICE TIDY,616.79,65,2011-09-30 15:02:00,2011-12-02 17:12:00,22,27,9.489076923076922,7,22,0
23472, NINE DRAWER OFFICE TIDY,894.42,58,2011-10-02 12:11:00,2011-12-07 13:53:00,26,33,15.42103448275862,2,26,0
23473,WOODLAND SMALL RED FELT HEART,552.02,678,2011-10-20 12:24:00,2011-12-07 15:43:00,33,51,0.814188790560472,2,33,0
23474,WOODLAND SMALL BLUE FELT HEART,270.96,312,2011-10-24 13:37:00,2011-12-08 10:53:00,27,37,0.8684615384615384,2,27,0
23475,WOODLAND SMALL PINK FELT HEART,242.17999999999998,286,2011-10-27 16:23:00,2011-12-07 15:43:00,21,31,0.8467832167832167,2,21,0
23476,WOODLAND LARGE RED FELT HEART,264.72,205,2011-10-20 12:07:00,2011-11-30 15:43:00,15,22,1.2913170731707317,9,15,0
23477,WOODLAND LARGE BLUE FELT HEART,123.47,92,2011-10-20 12:07:00,2011-11-30 15:43:00,12,13,1.3420652173913044,9,12,0
23478,WOODLAND LARGE PINK FELT HEART,324.40000000000003,285,2011-10-20 12:07:00,2011-12-01 14:17:00,10,13,1.1382456140350878,8,10,0
23479,WIRE EGG BASKET ,872.38,113,2011-10-17 12:41:00,2011-12-08 14:38:00,30,44,7.720176991150442,1,30,0
23480,MINI LIGHTS WOODLAND MUSHROOMS,6719.14,1798,2011-10-19 15:09:00,2011-12-09 12:19:00,44,215,3.7370077864293663,1,44,0
23481,PEARLISED IVORY HEART SMALL ,281.17,228,2011-10-17 15:06:00,2011-12-06 11:58:00,20,29,1.233201754385965,4,20,0
23482,PEARLISED IVORY HEART LARGE ,661.02,418,2011-10-14 14:04:00,2011-12-06 15:10:00,23,39,1.5813875598086125,3,23,0
23483,HANGING  BUTTERFLY T-LIGHT HOLDER,1636.36,1328,2011-10-03 12:47:00,2011-12-08 17:12:00,42,73,1.2321987951807227,1,42,0
23484,HEART TRELLIS TRIPLE T-LIGHT HOLDER,547.35,185,2011-09-30 10:18:00,2011-12-08 16:30:00,28,35,2.9586486486486487,1,28,0
23485,BOTANICAL GARDENS WALL CLOCK ,5843.92,262,2011-10-20 14:51:00,2011-12-08 17:37:00,33,83,22.305038167938932,1,33,0
23486,ANTIQUE HEART SHELF UNIT,4145.47,275,2011-10-20 12:21:00,2011-12-08 14:39:00,37,74,15.074436363636364,1,37,0
23487,SWEET HEART CAKE CARRIER,795.5799999999999,80,2011-10-14 11:15:00,2011-12-08 14:58:00,28,44,9.944749999999999,1,28,0
23489,VINTAGE BELLS GARLAND,2709.23,913,2011-10-20 10:10:00,2011-12-09 12:19:00,42,159,2.9673932092004383,1,42,0
23490,T-LIGHT HOLDER HANGING LOVE BIRD,2032.77,542,2011-10-14 12:33:00,2011-12-08 14:39:00,44,101,3.7504981549815497,1,44,0
23491,VINTAGE JINGLE BELLS HEART,1897.76,228,2011-10-20 10:10:00,2011-12-07 12:55:00,38,78,8.323508771929825,2,38,0
23492,VINTAGE JINGLE BELLS WREATH,635.38,76,2011-10-20 10:10:00,2011-12-05 10:09:00,19,28,8.360263157894737,5,19,0
23493,VINTAGE DOILY TRAVEL SEWING KIT,8497.98,3964,2011-09-22 12:13:00,2011-12-09 10:26:00,68,415,2.143789101917255,1,68,0
23494,VINTAGE DOILY DELUXE SEWING KIT ,5354.01,809,2011-09-25 12:31:00,2011-12-09 10:26:00,59,205,6.618059332509271,1,59,0
23495,SET OF 3 PANTRY WOODEN SPOONS,306.66,225,2011-10-30 11:55:00,2011-12-09 10:03:00,27,41,1.3629333333333336,1,27,0
23496,PANTRY KITCHEN THERMOMETER ,154.52,112,2011-10-30 11:55:00,2011-12-08 10:59:00,18,31,1.3796428571428572,2,18,0
23497,CLASSIC CHROME BICYCLE BELL ,3656.02,2558,2011-10-28 13:04:00,2011-12-09 10:26:00,37,195,1.4292494136043785,1,37,0
23498,CLASSIC BICYCLE CLIPS ,2372.68,1640,2011-11-25 10:58:00,2011-12-09 12:21:00,13,99,1.4467560975609755,1,13,0
23499,SET 12 VINTAGE DOILY CHALK ,586.23,1312,2011-10-20 13:54:00,2011-12-08 16:30:00,40,110,0.44682164634146343,1,40,0
23500,KEY RING BASEBALL BOOT ASSORTED ,2038.33,1626,2011-10-04 13:58:00,2011-12-08 16:30:00,43,98,1.2535854858548585,1,43,0
23501,KEY RING BASEBALL BOOT UNION JACK,2217.87,1821,2011-10-05 10:11:00,2011-12-09 10:26:00,46,112,1.2179406919275122,1,46,0
23502,PLAYING CARDS VINTAGE DOILY ,896.41,714,2011-09-22 12:02:00,2011-12-07 13:53:00,49,94,1.2554761904761904,2,49,0
23503,PLAYING CARDS KEEP CALM & CARRY ON,4860.55,3643,2011-09-22 09:52:00,2011-12-09 08:59:00,68,335,1.3342163052429317,1,68,0
23504,PLAYING CARDS JUBILEE UNION JACK,2848.89,1927,2011-09-22 11:46:00,2011-12-08 13:50:00,63,208,1.478406850025947,1,63,0
23505,PLAYING CARDS I LOVE LONDON ,1651.29,1200,2011-09-22 12:55:00,2011-12-08 15:03:00,56,115,1.376075,1,56,0
23506,MINI PLAYING CARDS SPACEBOY ,1129.1200000000001,2723,2011-09-22 12:02:00,2011-12-09 10:03:00,58,146,0.41466030113845026,1,58,0
23507,MINI PLAYING CARDS BUFFALO BILL ,1155.67,2882,2011-09-22 14:11:00,2011-12-08 16:30:00,56,119,0.40099583622484386,1,56,0
23508,MINI PLAYING CARDS DOLLY GIRL ,1163.45,2627,2011-09-22 14:11:00,2011-12-09 10:03:00,60,120,0.4428816140083746,1,60,0
23509,MINI PLAYING CARDS FUN FAIR ,451.46000000000004,1062,2011-09-22 14:11:00,2011-12-08 10:40:00,45,65,0.4251035781544256,2,45,0
23510,MINI PLAYING CARDS GYMKHANA,1118.8,2521,2011-09-22 14:11:00,2011-12-09 10:03:00,59,120,0.4437921459738199,1,59,0
23511,EMBROIDERED RIBBON REEL EMILY ,1252.01,571,2011-09-22 12:23:00,2011-12-08 11:53:00,52,98,2.192661996497373,2,52,0
23512,EMBROIDERED RIBBON REEL ROSIE,975.24,500,2011-09-22 14:10:00,2011-12-08 11:53:00,41,57,1.95048,2,41,0
23513,EMBROIDERED RIBBON REEL SUSIE ,1114.26,566,2011-09-22 14:18:00,2011-12-05 17:28:00,42,70,1.9686572438162544,4,42,0
23514,EMBROIDERED RIBBON REEL SALLY ,977.39,478,2011-09-22 14:10:00,2011-12-04 12:44:00,49,74,2.0447489539748953,6,49,0
23515,EMBROIDERED RIBBON REEL DAISY ,1164.98,579,2011-09-22 14:10:00,2011-12-09 12:16:00,46,71,2.012055267702936,1,46,0
23516,EMBROIDERED RIBBON REEL SOPHIE  ,1058.6,296,2011-09-25 12:22:00,2011-12-05 16:05:00,29,42,3.576351351351351,4,29,0
23517,EMBROIDERED RIBBON REEL REBECCA ,996.38,334,2011-09-22 12:23:00,2011-12-06 16:26:00,40,63,2.9831736526946107,3,40,0
23518,EMBROIDERED RIBBON REEL RACHEL ,980.41,361,2011-09-22 14:10:00,2011-12-02 14:30:00,32,44,2.7158171745152355,7,32,0
23519,EMBROIDERED RIBBON REEL CLAIRE,792.31,224,2011-09-25 12:22:00,2011-11-24 09:21:00,20,24,3.537098214285714,16,20,0
23520,EMBROIDERED RIBBON REEL RUBY ,600.55,167,2011-09-22 12:23:00,2011-12-05 16:05:00,25,32,3.5961077844311373,4,25,0
23521,WALL ART CAT AND BIRD ,793.37,413,2011-10-03 11:37:00,2011-12-09 10:03:00,30,44,1.9209927360774819,1,30,0
23522,WALL ART DOG AND BALL ,727.4399999999999,354,2011-10-03 11:01:00,2011-12-08 15:54:00,27,32,2.054915254237288,1,27,0
23523,WALL ART TREASURE AHOY ,1173.8100000000002,360,2011-10-03 11:37:00,2011-12-08 16:38:00,28,41,3.260583333333334,1,28,0
23524,WALL ART HORSE & PONY ,1557.63,481,2011-10-02 13:46:00,2011-12-09 11:34:00,40,63,3.2383160083160085,1,40,0
23525,WALL ART BUFFALO BILL ,1863.8200000000002,582,2011-10-02 15:50:00,2011-12-09 11:34:00,35,53,3.2024398625429558,1,35,0
23526,WALL ART DOG LICENCE ,6021.4,1012,2011-10-03 11:01:00,2011-12-09 10:03:00,53,143,5.949999999999999,1,53,0
23527,WALL ART ANIMALS AND NATURE ,1428.56,420,2011-10-03 12:17:00,2011-12-09 11:34:00,30,48,3.401333333333333,1,30,0
23528,WALL ART SPACEBOY,1504.49,479,2011-10-03 11:01:00,2011-12-08 16:30:00,35,50,3.1408977035490606,1,35,0
23529,WALL ART DOLLY GIRL ,2011.9900000000002,637,2011-10-03 12:48:00,2011-12-08 09:20:00,28,37,3.1585400313971745,2,28,0
23530,WALL ART ONLY ONE PERSON ,4436.27,1056,2011-10-03 11:37:00,2011-12-09 10:03:00,45,87,4.201013257575758,1,45,0
23531,WALL ART BIG LOVE ,5538.26,976,2011-10-03 11:37:00,2011-12-08 18:43:00,49,112,5.674446721311476,1,49,0
23532,WALL ART WORK REST AND PLAY  ,901.58,210,2011-10-02 15:50:00,2011-12-08 12:05:00,22,31,4.293238095238095,2,22,0
23533,WALL ART GARDEN HAVEN ,998.64,215,2011-10-03 11:01:00,2011-12-09 09:07:00,28,36,4.644837209302326,1,28,0
23534,WALL ART STOP FOR TEA ,8608.9,1387,2011-10-02 14:37:00,2011-12-09 10:03:00,58,260,6.206849315068493,1,58,0
23535,WALL ART BICYCLE SAFETY,8440.24,1324,2011-10-02 14:37:00,2011-12-09 10:20:00,57,215,6.374803625377643,1,57,0
23536,WALL ART VILLAGE SHOW ,3442.13,626,2011-10-03 13:49:00,2011-12-09 10:03:00,42,85,5.498610223642173,1,42,0
23537,WALL ART I LOVE LONDON ,581.13,111,2011-10-03 14:52:00,2011-12-09 11:34:00,26,34,5.235405405405405,1,26,0
23538,WALL ART VINTAGE HEART,1329.54,331,2011-10-03 11:37:00,2011-12-09 10:03:00,25,32,4.0167371601208455,1,25,0
23539,WALL ART LOVES' SECRET ,1227.95,247,2011-10-02 15:50:00,2011-12-05 17:24:00,27,41,4.971457489878543,4,27,0
23540,WALL ART THE MAGIC FOREST ,947.0600000000001,150,2011-10-03 14:34:00,2011-12-06 12:27:00,12,14,6.313733333333333,4,12,0
23541,WALL ART CLASSIC PUDDINGS ,6823.91,872,2011-10-02 14:37:00,2011-12-06 16:26:00,50,152,7.825584862385321,3,50,0
23542,WALL ART 70'S ALPHABET ,3800.16,506,2011-10-03 11:01:00,2011-12-08 18:43:00,42,89,7.5101976284584975,1,42,0
23543,WALL ART KEEP CALM ,7010.76,1236,2011-10-03 11:26:00,2011-12-08 18:43:00,42,103,5.672135922330098,1,42,0
23544,WALL ART MID CENTURY MODERN ,1015.78,164,2011-10-03 13:49:00,2011-12-06 12:12:00,16,20,6.193780487804878,4,16,0
23545,WRAP RED VINTAGE DOILY,1025.6,2480,2011-07-20 13:30:00,2011-12-08 14:14:00,62,84,0.41354838709677416,1,62,0
23546,WRAP PAISLEY PARK ,1365.0,3250,2011-07-19 11:57:00,2011-12-08 14:14:00,81,120,0.42,1,81,0
23547,WRAP FLOWER SHOP  ,661.5,1575,2011-07-20 14:39:00,2011-12-06 15:43:00,48,62,0.42,3,48,0
23548,WRAP MAGIC FOREST ,451.5,1075,2011-07-20 14:39:00,2011-12-08 12:07:00,33,43,0.42,2,33,0
23549,WRAP BIRD GARDEN ,548.1,1305,2011-07-19 11:57:00,2011-12-01 10:31:00,41,52,0.42000000000000004,9,41,0
23550,WRAP ALPHABET POSTER  ,763.1,1855,2011-07-18 11:42:00,2011-12-09 12:16:00,48,64,0.4113746630727763,1,48,0
23551,PACK OF 12 PAISLEY PARK TISSUES ,839.8399999999999,1840,2011-09-01 15:56:00,2011-12-09 10:03:00,70,136,0.45643478260869563,1,70,0
23552,BICYCLE PUNCTURE REPAIR KIT ,3881.91,1863,2011-11-25 10:58:00,2011-12-09 12:21:00,13,116,2.0836876006441223,1,13,0
23553,LANDMARK FRAME CAMDEN TOWN ,6444.65,568,2011-10-20 10:04:00,2011-12-08 18:43:00,35,68,11.346214788732393,1,35,0
23554,LANDMARK FRAME OXFORD STREET,4805.53,422,2011-10-19 12:28:00,2011-12-08 12:36:00,34,57,11.387511848341232,2,34,0
23555,LANDMARK FRAME NOTTING HILL ,4780.57,421,2011-10-19 14:12:00,2011-12-09 10:03:00,28,50,11.355273159144893,1,28,0
23556,LANDMARK FRAME COVENT GARDEN ,4937.01,436,2011-10-19 12:28:00,2011-12-08 12:36:00,29,53,11.323417431192661,2,29,0
23557,LANDMARK FRAME BAKER STREET ,3930.27,350,2011-10-19 13:23:00,2011-12-08 13:45:00,23,32,11.229342857142857,1,23,0
23558,LANDMARK FRAME LONDON BRIDGE ,4703.87,415,2011-10-19 12:28:00,2011-12-08 12:36:00,31,52,11.334626506024096,2,31,0
23559,WOODLAND BUNNIES LOLLY MAKERS,1482.41,649,2011-09-08 13:07:00,2011-12-09 10:03:00,66,124,2.284144838212635,1,66,0
23560,SET OF 6 RIBBONS COUNTRY STYLE,499.18,172,2011-11-27 11:57:00,2011-12-08 11:25:00,9,26,2.9022093023255815,2,9,0
23561,SET OF 6 RIBBONS PARTY,476.0,170,2011-11-27 13:29:00,2011-12-09 12:20:00,8,16,2.8,1,8,0
23562,SET OF 6 RIBBONS PERFECTLY PRETTY  ,724.59,251,2011-11-27 12:29:00,2011-12-09 12:20:00,12,43,2.886812749003984,1,12,0
23564,EGG CUP MILKMAID INGRID,841.31,644,2011-10-13 13:50:00,2011-12-09 10:26:00,36,76,1.3063819875776397,1,36,0
23565,EGG CUP MILKMAID HELGA ,586.31,410,2011-10-16 12:19:00,2011-12-09 10:03:00,34,63,1.4300243902439023,1,34,0
23566,EGG CUP MILKMAID HEIDI,1156.93,881,2011-10-17 10:10:00,2011-12-08 16:30:00,39,83,1.313200908059024,1,39,0
23567,EGG CUP HENRIETTA HEN PINK,291.58,211,2011-10-14 09:35:00,2011-12-09 10:03:00,25,37,1.3818957345971563,1,25,0
23568,EGG CUP HENRIETTA HEN CREAM ,787.52,630,2011-10-16 16:13:00,2011-12-08 16:30:00,28,48,1.250031746031746,1,28,0
23569,TRADTIONAL ALPHABET STAMP SET,4717.66,954,2011-10-21 15:36:00,2011-12-09 10:03:00,41,192,4.945136268343815,1,41,0
23570,TRADITIONAL PICK UP STICKS GAME ,4931.87,2772,2011-10-21 13:13:00,2011-12-09 12:19:00,43,276,1.7791738816738816,1,43,0
23571,TRADITIONAL NAUGHTS & CROSSES,6406.91,2841,2011-10-21 14:23:00,2011-12-09 10:03:00,43,257,2.255160154875044,1,43,0
23574,PACKING CHARGE,105.0,14,2011-07-06 13:04:00,2011-12-07 10:25:00,12,14,7.5,3,12,0
23575,SNACK TRAY PAISLEY PARK,367.34999999999997,179,2011-11-27 11:57:00,2011-12-09 10:03:00,10,32,2.0522346368715083,1,10,0
23576,SNACK TRAY RED VINTAGE DOILY,400.03999999999996,198,2011-11-27 12:13:00,2011-12-08 18:03:00,10,37,2.02040404040404,1,10,0
23578,SNACK TRAY RED GINGHAM,125.72,60,2011-11-27 11:18:00,2011-12-08 12:26:00,9,14,2.0953333333333335,2,9,0
23579,SNACK TRAY I LOVE LONDON,358.75,169,2011-10-18 13:11:00,2011-12-09 10:03:00,16,35,2.1227810650887573,1,16,0
23580,SNACK TRAY HAPPY FOREST  ,234.92,116,2011-11-27 11:57:00,2011-12-07 15:43:00,10,25,2.0251724137931033,2,10,0
23581,JUMBO BAG PAISLEY PARK,11581.83,5020,2011-10-25 10:31:00,2011-12-09 12:19:00,40,338,2.3071374501992032,1,40,0
23582,VINTAGE DOILY JUMBO BAG RED ,10206.41,4802,2011-10-25 09:07:00,2011-12-08 14:38:00,39,259,2.1254498125780925,1,39,0
23583,LUNCH BAG PAISLEY PARK  ,5497.33,3385,2011-10-25 09:31:00,2011-12-09 10:03:00,40,325,1.62402658788774,1,40,0
23597,PAPER BUNTING PAISLEY PARK,679.07,249,2011-11-10 16:27:00,2011-12-08 18:42:00,20,31,2.7271887550200806,1,20,0
23598,PAPER BUNTING VINTAGE PARTY,1215.53,427,2011-11-10 16:20:00,2011-12-09 10:20:00,23,47,2.8466744730679157,1,23,0
23601,SET 10 CARDS SNOWY SNOWDROPS  17100,19.92,8,2011-09-23 17:04:00,2011-11-28 15:31:00,4,4,2.49,11,4,0
23602,SET 10 CARDS 3 WISE MEN 17107,2.91,1,2011-11-11 13:06:00,2011-11-11 13:06:00,1,1,2.91,28,1,0
23603,SET 10 CARD KRAFT REINDEER 17084,49.800000000000004,20,2011-10-14 17:17:00,2011-12-08 09:28:00,12,14,2.49,2,12,0
23604,SET 10 MINI SANTA & SNOWMAN  17087,6.64,4,2011-10-03 16:14:00,2011-10-17 15:27:00,2,2,1.66,53,2,0
23605,SET 10 CARDS 12 DAYS OF XMAS 17059,11.64,4,2011-10-05 15:56:00,2011-10-05 15:56:00,1,1,2.91,65,1,0
23607,SET 10 CARDS HATS & STOCKINGS 17081,13.28,8,2011-09-13 16:05:00,2011-11-24 09:21:00,7,7,1.66,16,7,0
23608,SET 10 CARDS RUDOLPHS NOSE 17097,11.64,4,2011-11-03 15:56:00,2011-12-08 16:30:00,3,3,2.91,1,3,0
23609,SET 10 CARDS SNOWY ROBIN 17099,2.91,1,2011-11-28 15:31:00,2011-11-28 15:31:00,1,1,2.91,11,1,0
23610,SET 10 CARDS CHRISTMAS ROBIN 17095,6.24,3,2011-09-23 17:02:00,2011-11-11 09:05:00,3,3,2.08,29,3,0
23611,SET 10 CARDS RED RIDING HOOD 17214,99.60000000000001,40,2011-09-12 15:40:00,2011-12-09 10:03:00,16,16,2.49,1,16,0
23612,SET 10 MINICARDS CUTE SNOWMAN 17071,8.299999999999999,5,2011-10-06 16:08:00,2011-11-17 15:17:00,2,2,1.6599999999999997,22,2,0
23613,SET 10 XMAS CARDS & BADGES 17070,27.39,11,2011-09-07 16:48:00,2011-11-28 15:31:00,5,6,2.49,11,5,0
23614,SET 10 CARDS 12 DAYS WRAP  17058,86.58000000000001,26,2011-09-07 12:02:00,2011-12-08 09:28:00,8,11,3.3300000000000005,2,8,0
23615,SET 10 CARDS PRINTED GRAPHIC 17219,9.96,4,2011-10-27 17:15:00,2011-12-06 16:26:00,4,4,2.49,3,4,0
23616,SET 10 CARDS JINGLE BELLS 17217,19.92,8,2011-11-09 16:14:00,2011-12-09 10:03:00,7,7,2.49,1,7,0
23617,SET 10 CARDS SWIRLY XMAS TREE 17104,5.82,2,2011-11-29 16:47:00,2011-11-29 16:47:00,1,1,2.91,10,1,0
23619,SET 10 CARDS POINSETTIA 17093,9.96,4,2011-10-05 15:56:00,2011-11-08 18:29:00,2,2,2.49,31,2,0
23620,SET 10 CARDS PERFECT POST 17090,24.900000000000002,10,2011-09-02 16:39:00,2011-11-18 15:59:00,7,7,2.49,21,7,0
23621,SET 10 CARDS DAVID'S MADONNA 17074,14.940000000000001,6,2011-11-11 09:05:00,2011-12-09 10:03:00,4,4,2.49,1,4,0
23623,SET 10 CARD CHRISTMAS WELCOME 17112,23.28,8,2011-09-02 16:39:00,2011-11-29 16:33:00,6,6,2.91,10,6,0
23624,SET 10 CARD PERFECT NATIVITY 17089,9.96,4,2011-09-22 16:28:00,2011-11-11 09:05:00,4,4,2.49,29,4,0
23625,SET 6 CARDS SPARKLY REINDEER 17262,44.910000000000004,9,2011-09-15 16:32:00,2011-12-02 16:39:00,4,4,4.99,7,4,0
23626,SET 10 CARDS DINKY TREE 17076,107.07000000000001,43,2011-10-03 16:14:00,2011-12-08 09:28:00,15,16,2.49,2,15,0
23627,SET 10 CARDS XMAS GRAPHIC  17218,17.43,7,2011-11-11 09:05:00,2011-11-25 14:25:00,2,2,2.4899999999999998,14,2,0
23628,SET 10 CARDS TRIANGLE ICONS  17220,2.91,1,2011-10-31 14:41:00,2011-10-31 14:41:00,1,1,2.91,39,1,0
23629,SET 10 CARDS DRESSING UP 17077,59.760000000000005,24,2011-09-21 15:43:00,2011-11-25 14:25:00,10,10,2.49,14,10,0
23630,SET 10 CARDS HANGING BAUBLES 17080,5.48,2,2011-09-22 09:38:00,2011-11-30 15:13:00,2,2,2.74,9,2,0
23632,SET 10 CARDS CHEERFUL ROBIN 17065,31.200000000000003,15,2011-09-23 17:04:00,2011-11-30 15:13:00,10,10,2.08,9,10,0
23633,SET 10 CARDS WORLD CHILDREN 17067,7.470000000000001,3,2011-10-31 14:41:00,2011-11-21 15:18:00,3,3,2.49,18,3,0
23634,SET 10 CARDS XMAS CHOIR 17068,14.55,5,2011-09-02 16:39:00,2011-12-06 16:26:00,5,5,2.91,3,5,0
23635,SET 10 CARDS CHRISTMAS HOLLY  17259,12.48,3,2011-10-05 15:56:00,2011-12-09 10:03:00,3,3,4.16,1,3,0
23636,SET 10 CARDS WISHING TREE 17116,26.19,9,2011-10-24 17:03:00,2011-12-08 16:30:00,6,7,2.91,1,6,0
23637,SET 10 CARDS OUT OF ORDER 17216,27.39,11,2011-09-07 12:02:00,2011-12-08 09:28:00,9,9,2.49,2,9,0
23638,SET 10 CARDS ROBIN WATERPUMP  17096,5.82,2,2011-09-27 18:41:00,2011-11-24 09:21:00,2,2,2.91,16,2,0
23639,SET 10 CARDS MAGICAL TREE 17086,13.32,4,2011-09-15 16:32:00,2011-11-17 15:17:00,4,4,3.33,22,4,0
23640,SET 10 CARDS SCOTTIE DOG 17211,22.410000000000004,9,2011-09-07 16:15:00,2011-12-08 09:28:00,8,8,2.49,2,8,0
23643,SET 10 CARDS CHRISTMAS BAUBLE 16954,3.33,1,2011-10-31 14:41:00,2011-10-31 14:41:00,1,1,3.33,39,1,0
23644,SET 10 CARDS CHRISTMAS TREE 16955,16.65,5,2011-09-30 17:22:00,2011-12-09 10:03:00,5,5,3.3299999999999996,1,5,0
23645,SET 10 CHRISTMAS CARDS HOHOHO 16956,22.410000000000004,9,2011-10-27 17:15:00,2011-12-08 09:20:00,4,4,2.49,2,4,0
23646,SET 10 CARDS JINGLE BELLS 16957,19.92,8,2011-09-07 16:48:00,2011-11-17 15:17:00,5,5,2.49,22,5,0
23649,SET 10 CARDS DECK THE HALLS 16960,4.98,2,2011-11-15 17:00:00,2011-11-25 14:25:00,2,2,2.49,14,2,0
23650,SET 10 CARDS FILIGREE BAUBLE 16961,9.96,4,2011-09-27 18:41:00,2011-12-08 09:28:00,4,4,2.49,2,4,0
23652,SET 10 CARD CHRISTMAS STAMPS 16963,5.82,2,2011-11-17 15:17:00,2011-11-17 15:17:00,1,1,2.91,22,1,0
23654,SET 10 CARD SNOWMAN 16965,12.450000000000001,5,2011-10-27 17:15:00,2011-12-08 16:30:00,4,4,2.49,1,4,0
23660,HENRIETTA HEN MUG ,534.66,306,2011-10-13 13:43:00,2011-12-09 10:03:00,22,42,1.7472549019607841,1,22,0
23661,MILK MAIDS MUG ,393.59,219,2011-10-13 13:43:00,2011-12-09 10:03:00,23,33,1.797214611872146,1,23,0
23664,FLOWER SHOP DESIGN MUG,1.65,1,2011-11-11 15:28:00,2011-11-11 15:28:00,1,1,1.65,28,1,0
23681,LUNCH BAG RED VINTAGE DOILY,2525.04,1576,2011-11-06 12:36:00,2011-12-09 12:20:00,30,132,1.6021827411167513,1,30,0
23691,WRAP KEEP CALM BIRTHDAY,481.5,1175,2011-11-02 11:52:00,2011-12-07 14:34:00,21,38,0.4097872340425532,2,21,0
23692,WRAP A PRETTY THANK YOU,21.0,50,2011-11-09 11:17:00,2011-11-30 10:54:00,2,2,0.42,10,2,0
23694,PAISLEY PARK CARD,165.07999999999998,376,2011-11-14 13:42:00,2011-12-08 17:12:00,20,41,0.4390425531914893,1,20,0
23695,DOILY THANK YOU CARD,313.24,741,2011-11-09 14:11:00,2011-12-08 17:12:00,22,57,0.42272604588394064,1,22,0
23697,A PRETTY THANK YOU CARD,194.58,456,2011-11-09 14:11:00,2011-12-08 17:57:00,20,35,0.4267105263157895,1,20,0
23702,High Resolution Image,27.0,4,2011-10-19 10:33:00,2011-11-16 11:09:00,3,3,6.75,24,3,0
23843,"PAPER CRAFT , LITTLE BIRDIE",168469.6,80995,2011-12-09 09:15:00,2011-12-09 09:15:00,1,1,2.08,1,1,2
35001G,HAND OPEN SHAPE GOLD,677.34,198,2010-12-02 15:19:00,2011-12-07 17:17:00,27,30,3.420909090909091,2,27,0
35001W,HAND OPEN SHAPE DECO.WHITE,270.02000000000004,92,2010-12-05 16:41:00,2010-12-16 10:08:00,5,5,2.9350000000000005,359,5,1
35004B,SET OF 3 BLACK FLYING DUCKS,2934.8100000000004,577,2010-12-01 10:51:00,2011-12-09 11:34:00,90,111,5.086325823223571,1,90,0
35004C,SET OF 3 COLOURED  FLYING DUCKS,1888.1000000000001,394,2010-12-01 10:03:00,2011-03-07 14:33:00,29,39,4.792131979695432,277,29,1
35004G,SET OF 3 GOLD FLYING DUCKS,454.65,127,2010-12-01 10:03:00,2011-12-07 17:17:00,21,21,3.5799212598425196,2,21,0
35004P,SET OF 3 PINK FLYING DUCKS,5.45,1,2010-12-10 13:27:00,2010-12-10 13:27:00,1,1,5.45,364,1,1
35095A,BLUE VICTORIAN FABRIC OVAL BOX,388.57,925,2010-12-01 14:32:00,2011-12-09 10:03:00,77,100,0.42007567567567566,1,77,0
35095B,RED VICTORIAN FABRIC OVAL BOX,352.25,862,2010-12-01 14:32:00,2011-12-09 10:03:00,79,98,0.40864269141531323,1,79,0
35241,ENAMEL BLUE RIM BISCUIT BIN,530.49,103,2010-12-05 10:36:00,2011-05-03 15:59:00,40,44,5.1503883495145635,220,40,1
35265,COLOURFUL FLOWER FRUIT BOWL,52.2,17,2011-01-11 14:15:00,2011-10-02 15:49:00,12,12,3.070588235294118,68,12,0
35271S,GOLD PRINT PAPER BAG,3.6100000000000003,19,2010-12-01 17:35:00,2010-12-02 13:49:00,2,2,0.19000000000000003,372,2,1
35400,WOODEN BOX ADVENT CALENDAR ,89.5,10,2010-12-17 16:53:00,2011-11-23 14:35:00,4,5,8.95,16,4,0
35443,RASTA IN BATH W SPLIFF ASHTRAY,6.8,8,2010-12-23 16:49:00,2011-11-24 15:01:00,6,6,0.85,15,6,0
35471D,SET OF 3 BIRD LIGHT PINK FEATHER ,979.11,1848,2010-12-01 14:32:00,2011-12-09 11:20:00,131,223,0.5298214285714286,1,131,0
35591T,TURQUOISE CHRISTMAS TREE ,6.25,5,2010-12-01 11:57:00,2011-11-20 12:36:00,4,4,1.25,20,4,0
35597A,DUSTY PINK CHRISTMAS TREE 30CM,1.25,1,2010-12-06 12:15:00,2010-12-06 12:15:00,1,1,1.25,369,1,1
35597B,BLACKCHRISTMAS TREE 30CM,1.25,1,2010-12-06 12:15:00,2010-12-06 12:15:00,1,1,1.25,369,1,1
35597D,PINK/WHITE CHRISTMAS TREE 30CM,17.48,46,2011-08-16 10:50:00,2011-09-01 16:45:00,2,2,0.38,99,2,0
35598A,DUSTY PINK CHRISTMAS TREE 60CM,26.550000000000004,9,2011-11-16 13:40:00,2011-11-20 15:00:00,2,2,2.9500000000000006,19,2,0
35598B,BLACK CHRISTMAS TREE 60CM,460.64,558,2010-12-01 15:37:00,2011-11-30 17:22:00,22,25,0.8255197132616487,9,22,0
35598C,WHITE CHRISTMAS TREE 60CM,5.9,2,2011-11-13 16:22:00,2011-11-24 12:25:00,2,2,2.95,16,2,0
35598D,PINK/WHITE CHRISTMAS TREE 60CM,493.01,684,2010-12-01 14:32:00,2011-12-04 12:14:00,36,42,0.7207748538011696,6,36,0
35599B,BLACK CHRISTMAS TREE 120CM,551.13,217,2010-12-03 11:36:00,2011-12-04 12:14:00,26,27,2.539769585253456,6,26,0
35599D,PINK AND WHITE CHRISTMAS TREE 120CM,553.07,201,2010-12-01 14:32:00,2011-12-04 12:14:00,25,34,2.7515920398009954,6,25,0
35607A,PINK FLUFFY CHRISTMAS DECORATION,7.82,26,2010-12-16 17:53:00,2011-01-18 17:34:00,2,2,0.3007692307692308,325,2,1
35607B,BLACK FEATHER CHRISTMAS DECORATION,18.240000000000002,96,2011-03-06 12:46:00,2011-09-15 12:16:00,7,7,0.19000000000000003,86,7,0
35609A,PINK FEATHER CHRISTMAS DECORATION,2.51,1,2010-12-10 14:59:00,2010-12-10 14:59:00,1,1,2.51,364,1,1
35610A,PINK CHRISTMAS FLOCK DROPLET ,15.02,10,2010-12-01 14:32:00,2010-12-15 12:01:00,3,3,1.502,360,3,1
35610B,BLACK CHRISTMAS FLOCK DROPLET ,30.0,24,2010-12-13 09:52:00,2010-12-13 09:52:00,1,1,1.25,362,1,1
35610C,WHITE CHRISTMAS FLOCK DROPLET ,32.51,25,2010-12-10 14:59:00,2010-12-13 09:52:00,2,2,1.3004,362,2,1
35637A,IVORY STRING CURTAIN WITH POLE ,440.62,170,2010-12-01 17:06:00,2011-11-27 13:49:00,27,28,2.5918823529411763,12,27,0
35637C,PINK STRING CURTAIN WITH POLE,100.86,30,2011-01-31 09:09:00,2011-11-27 13:49:00,9,9,3.362,12,9,0
35638A,PINK AND BLACK STRING CURTAIN,82.1,38,2011-02-20 15:06:00,2011-11-20 14:01:00,5,5,2.1605263157894736,19,5,0
35638B,PINK/BLUE STRING CURTAIN ,128.32999999999998,57,2011-07-13 16:07:00,2011-11-20 14:01:00,5,5,2.2514035087719297,19,5,0
35645,VINTAGE BEAD PINK JEWEL BOX,17.0,4,2011-07-11 13:35:00,2011-10-20 13:06:00,3,3,4.25,50,3,0
35646,VINTAGE BEAD PINK EVENING BAG,937.25,619,2010-12-07 09:13:00,2011-12-09 10:03:00,73,94,1.514135702746365,1,73,0
35647,VINTAGE BEAD PINK SHADE ,16.25,13,2011-01-23 15:16:00,2011-03-11 12:29:00,2,2,1.25,274,2,1
35648,VINTAGE BEAD PINK PURSE ,1066.6599999999999,979,2010-12-06 09:58:00,2011-12-09 10:03:00,107,128,1.0895403472931562,1,107,0
35649,VINTAGE BEAD COSMETIC BAG ,156.85,57,2011-04-01 14:58:00,2011-12-08 09:28:00,30,35,2.751754385964912,2,30,0
35650,VINTAGE BEAD PINK JEWEL STAND,4.95,1,2011-08-01 11:57:00,2011-08-01 11:57:00,1,1,4.95,131,1,1
35651,VINTAGE BEAD PINK SCARF ,985.8399999999999,451,2010-12-06 09:58:00,2011-11-10 14:28:00,43,58,2.1858980044345895,29,43,0
35653,VINTAGE BEAD NOTEBOOK,433.19,150,2010-12-05 12:43:00,2011-08-11 11:45:00,39,52,2.8879333333333332,121,39,0
35809A,ENAMEL PINK TEA CONTAINER,488.06,420,2010-12-07 15:28:00,2011-06-09 15:34:00,47,62,1.162047619047619,183,47,1
35809B,ENAMEL BLUE RIM TEA CONTAINER,9.18,8,2011-04-04 11:28:00,2011-04-11 14:11:00,3,3,1.1475,242,3,1
35809a,ENAMEL PINK TEA CONTAINER,37.33,9,2010-12-09 16:26:00,2011-05-10 15:07:00,9,9,4.147777777777778,213,9,1
35810A,ENAMEL PINK COFFEE CONTAINER,640.0899999999999,633,2010-12-16 17:29:00,2011-10-30 13:06:00,63,75,1.0112006319115323,40,63,0
35810B,ENAMEL BLUE RIM COFFEE CONTAINER,174.09,152,2010-12-05 10:36:00,2011-11-30 14:03:00,22,26,1.1453289473684212,9,22,0
35815P,"ACRYLIC JEWEL SNOWFLAKE, PINK",63.28000000000001,162,2011-02-07 14:53:00,2011-09-26 10:57:00,5,5,0.39061728395061734,75,5,0
35816P,"ACRYLIC JEWEL ANGEL,PINK",29.64,78,2011-08-12 12:37:00,2011-08-16 13:12:00,2,2,0.38,115,2,1
35817P,"ACRYLIC JEWEL SNOWFLAKE,PINK",19.86,18,2010-12-15 12:01:00,2011-08-12 12:37:00,2,2,1.1033333333333333,120,2,1
35818B,"ACRYLIC JEWEL ICICLE, BLUE",11.780000000000001,31,2011-08-16 13:12:00,2011-11-01 14:29:00,3,3,0.38000000000000006,38,3,0
35818P,"ACRYLIC JEWEL ICICLE, PINK",105.83,263,2010-12-01 14:32:00,2011-12-05 13:14:00,17,19,0.4023954372623574,4,17,0
35819B,"ACRYLIC HANGING JEWEL,BLUE",106.05,268,2010-12-20 15:03:00,2011-11-30 15:58:00,19,24,0.3957089552238806,9,19,0
35819P,"ACRYLIC HANGING JEWEL,PINK",66.55,95,2011-09-16 13:13:00,2011-11-13 16:13:00,7,7,0.7005263157894737,26,7,0
35833G,4 GOLD FLOCK CHRISTMAS BALLS,6.72,2,2010-12-06 10:08:00,2010-12-06 10:08:00,1,1,3.36,369,1,1
35833P,4 PINK FLOCK CHRISTMAS BALLS,88.47,49,2010-12-07 15:28:00,2011-11-24 15:02:00,20,22,1.8055102040816327,15,20,0
35909A,RABBIT EASTER DECORATION,23.6,8,2011-01-05 15:56:00,2011-04-26 13:05:00,3,3,2.95,227,3,1
35909B,PINK FLOWERS RABBIT EASTER,23.6,8,2011-02-14 14:13:00,2011-06-14 13:15:00,2,2,2.95,178,2,1
35910A,MULTICOLOUR EASTER RABBIT ,39.0,20,2011-01-05 15:56:00,2011-03-28 14:07:00,4,4,1.95,256,4,1
35910B,PINK FLOWERS RABBIT EASTER,25.349999999999998,13,2011-03-18 14:20:00,2011-11-06 12:25:00,3,3,1.9499999999999997,34,3,0
35911A,MULTICOLOUR RABBIT EGG WARMER,292.07,319,2010-12-16 11:53:00,2011-11-04 15:18:00,54,70,0.9155799373040752,35,54,0
35911B,PINK/FLOWER RABBIT EGG WARMER ,100.76,119,2011-01-05 12:15:00,2011-03-22 09:27:00,11,15,0.8467226890756303,263,11,1
35912B,WHITE/PINK CHICK DECORATION,301.26,252,2011-01-13 10:39:00,2011-10-30 11:09:00,19,20,1.1954761904761904,41,19,0
35913B,WHITE/PINK CHICK EASTER DECORATION,35.48,36,2011-01-25 13:15:00,2011-11-06 12:25:00,9,10,0.9855555555555555,34,9,0
35914,PINK CHICK EGG WARMER + EGG CUP,218.81,195,2010-12-06 16:57:00,2011-10-19 15:08:00,27,40,1.1221025641025641,51,27,0
35915B,BLUE KNITTED HEN ,257.21999999999997,220,2010-12-10 11:33:00,2011-09-23 17:04:00,29,50,1.169181818181818,77,29,0
35915C,PEACH KNITTED HEN ,316.46,315,2011-01-10 16:25:00,2011-04-18 15:16:00,36,60,1.0046349206349205,235,36,1
35916A,YELLOW FELT HANGING HEART W FLOWER,67.39,87,2010-12-06 10:08:00,2011-10-18 17:00:00,24,29,0.7745977011494253,52,24,0
35916B,BLUE FELT HANGING HEART WITH FLOWER,76.68,91,2010-12-01 17:06:00,2011-10-18 17:00:00,28,32,0.8426373626373627,52,28,0
35916C,PINK FELT HANGING HEART W FLOWER,107.72,106,2010-12-01 17:06:00,2011-10-18 17:00:00,19,20,1.0162264150943396,52,19,0
35920,FOUR RABBIT EASTER DECORATIONS,104.84,72,2011-01-19 16:18:00,2011-04-19 15:37:00,14,15,1.4561111111111111,234,14,1
35921,EASTER BUNNY HANGING GARLAND,133.23,68,2011-01-16 15:50:00,2011-04-19 16:52:00,18,23,1.9592647058823527,234,18,1
35922,EASTER BUNNY WREATH,138.6,28,2011-01-16 16:23:00,2011-04-08 11:28:00,9,10,4.95,246,9,1
35923,CANDY HEART HANGING DECORATION,690.52,1318,2011-01-10 09:43:00,2011-12-01 11:51:00,49,62,0.5239150227617603,9,49,0
35924,HANGING FAIRY CAKE DECORATION,1484.3,820,2010-12-05 13:55:00,2011-12-08 09:28:00,58,72,1.8101219512195121,2,58,0
35933,PINK STOCKING CHRISTMAS DECORATION,92.21000000000001,226,2010-12-17 14:54:00,2011-11-06 12:26:00,16,19,0.40800884955752215,34,16,0
35953,FOLKART STAR CHRISTMAS DECORATIONS,1633.6699999999998,3581,2010-12-05 13:00:00,2011-12-09 10:03:00,64,131,0.45620497067858135,1,64,0
35954,SMALL FOLKART STAR CHRISTMAS DEC,350.48,1245,2010-12-01 15:37:00,2011-11-09 16:10:00,36,54,0.28151004016064257,30,36,0
35957,SMALLFOLKART BAUBLE CHRISTMAS DEC,361.81,688,2010-12-01 14:32:00,2011-01-13 09:30:00,23,41,0.5258866279069767,331,23,1
35958,FOLKART ZINC STAR CHRISTMAS DEC,10.2,12,2010-12-05 13:05:00,2010-12-09 14:55:00,3,3,0.85,365,3,1
35961,FOLKART ZINC HEART CHRISTMAS DEC,2629.81,2986,2010-12-01 14:32:00,2011-12-08 17:54:00,166,244,0.8807133288680509,1,166,0
35964,FOLKART CLIP ON STARS,404.08,783,2010-12-01 17:06:00,2011-12-09 10:03:00,63,100,0.516066411238825,1,63,0
35965,FOLKART HEART NAPKIN RINGS,551.13,366,2010-12-01 17:06:00,2011-11-15 17:00:00,59,69,1.5058196721311474,24,59,0
35966,FOLKART CHRISTMAS TREE T-LIGHT HOLD,10.260000000000002,27,2011-06-09 09:44:00,2011-08-24 10:45:00,2,2,0.38000000000000006,108,2,0
35967,FOLK ART METAL STAR T-LIGHT HOLDER,252.33,485,2010-12-01 17:06:00,2011-12-08 13:04:00,54,67,0.5202680412371135,1,54,0
35968,FOLK ART METAL HEART T-LIGHT HOLDER,82.1,163,2010-12-08 13:08:00,2011-11-01 14:29:00,18,19,0.503680981595092,38,18,0
35970,ZINC FOLKART SLEIGH BELLS,9512.73,5050,2010-12-03 14:27:00,2011-12-09 10:26:00,136,456,1.883708910891089,1,136,2
35971,ROSE FOLKART HEART DECORATIONS,600.93,462,2010-12-01 14:32:00,2011-12-05 17:24:00,76,88,1.3007142857142857,4,76,0
35972,DAISY FOLKART HEART DECORATION,120.0,96,2011-01-05 15:56:00,2011-11-06 14:56:00,15,16,1.25,33,15,0
37327,ASSTD MULTICOLOUR CIRCLES MUG,840.0799999999999,1578,2010-12-05 16:41:00,2011-11-10 12:01:00,65,81,0.5323700887198985,30,65,0
37330,BIG POLKADOT MUG,2.34,6,2011-03-22 12:25:00,2011-03-22 12:25:00,1,1,0.38999999999999996,263,1,1
37333,"RETRO ""TEA FOR ONE"" ",120.99,21,2010-12-09 14:15:00,2011-05-03 12:13:00,16,17,5.761428571428572,221,16,1
37340,MULTICOLOUR SPRING FLOWER MUG,1695.86,2544,2010-12-07 14:41:00,2011-12-08 10:53:00,96,135,0.6666116352201258,2,96,0
37342,POLKADOT COFFEE CUP & SAUCER PINK,1489.01,1570,2010-12-16 13:15:00,2011-09-02 14:42:00,77,109,0.9484140127388535,98,77,0
37343,POLKADOT MUG PINK ,123.29999999999998,72,2010-12-01 13:54:00,2011-03-09 14:30:00,12,13,1.7124999999999997,275,12,1
37351,ORANGE FLOWER MUG ,9.06,10,2011-01-25 17:10:00,2011-03-20 13:28:00,2,2,0.906,264,2,1
37370,RETRO COFFEE MUGS ASSORTED,3839.01,2567,2010-12-01 09:02:00,2011-11-22 12:24:00,89,159,1.495523957927542,18,89,0
37379A,PINK CHERRY BLOSSOM CUP & SAUCER,7.5,6,2011-01-19 15:20:00,2011-01-19 15:20:00,1,1,1.25,324,1,1
37413,ICON MUG REVOLUTIONARY,284.49,703,2011-02-07 11:42:00,2011-12-05 17:09:00,59,81,0.40467994310099575,4,59,0
37423,WHITE WITH BLACK CATS PLATE,33.18,78,2011-03-04 09:46:00,2011-03-18 11:30:00,3,3,0.42538461538461536,267,3,1
37444A,YELLOW BREAKFAST CUP AND SAUCER,66.35000000000001,53,2010-12-01 09:41:00,2011-07-13 12:06:00,18,18,1.2518867924528303,150,18,1
37444B,BLUE BREAKFAST CUP AND SAUCER ,11.8,4,2010-12-09 14:15:00,2011-03-28 12:23:00,3,3,2.95,257,3,1
37444C,PINK BREAKFAST CUP AND SAUCER ,42.27,21,2010-12-01 09:41:00,2011-03-28 12:23:00,8,9,2.012857142857143,257,8,1
37446,MINI CAKE STAND WITH HANGING CAKES,1976.09,1354,2010-12-01 15:08:00,2011-12-06 17:49:00,138,183,1.4594460856720826,3,138,0
37447,CERAMIC CAKE DESIGN SPOTTED PLATE,1313.28,820,2010-12-06 09:58:00,2011-12-08 09:28:00,90,115,1.601560975609756,2,90,0
37448,CERAMIC CAKE DESIGN SPOTTED MUG,2206.63,1451,2010-12-01 16:33:00,2011-12-08 15:31:00,132,187,1.520764989662302,1,132,0
37449,CERAMIC CAKE STAND + HANGING CAKES,5117.29,563,2010-12-01 14:32:00,2011-12-07 14:34:00,118,154,9.089325044404973,2,118,0
37450,CERAMIC CAKE BOWL + HANGING CAKES,2117.54,714,2010-12-01 17:06:00,2011-12-08 15:31:00,98,134,2.9657422969187675,1,98,0
37461,FUNKY MONKEY MUG,1.25,1,2010-12-05 15:12:00,2010-12-05 15:12:00,1,1,1.25,369,1,1
37462E,"PET MUG, GOLDFISH",13.1,36,2010-12-06 16:57:00,2011-12-05 17:28:00,12,12,0.3638888888888889,4,12,0
37464,ROBOT MUG IN DISPLAY BOX,3.75,3,2010-12-03 12:24:00,2010-12-17 16:53:00,2,2,1.25,357,2,1
37467,PIG MUG IN TWO COLOUR DESIGNS,130.26999999999998,159,2010-12-07 18:36:00,2011-10-10 14:37:00,15,17,0.8193081761006288,60,15,0
37468,HARDMAN MUG 3 ASSORTED,32.03,64,2011-01-14 10:11:00,2011-10-19 16:16:00,12,13,0.50046875,51,12,0
37471,MULTICOLOUR POLKADOT PLATE,30.43,29,2011-04-28 16:21:00,2011-10-12 14:05:00,3,3,1.0493103448275862,58,3,0
37474,SET/4 2 TONE EGG SHAPE MIXING BOWLS,9.95,1,2010-12-06 16:57:00,2010-12-06 16:57:00,1,1,9.95,368,1,1
37475,SET/4 COLOURFUL MIXING BOWLS,661.9799999999999,70,2010-12-10 10:21:00,2011-12-02 13:49:00,38,43,9.45685714285714,7,38,0
37476,CONDIMENT TRAY 4 BOWLS AND 4 SPOONS,399.02,37,2010-12-01 14:32:00,2011-10-20 15:57:00,26,26,10.784324324324324,50,26,0
37479B,CUBIC MUG FLOCK BLUE ON BROWN,78.09,131,2010-12-06 11:01:00,2011-06-15 13:35:00,19,21,0.5961068702290077,177,19,1
37479P,CUBIC MUG FLOCK PINK ON BROWN,142.23,163,2010-12-07 12:29:00,2011-11-08 12:25:00,29,32,0.8725766871165643,32,29,0
37482P,CUBIC MUG PINK POLKADOT,349.35,494,2010-12-06 11:01:00,2011-04-13 11:48:00,36,47,0.7071862348178138,241,36,1
37487B,YELLOW/ORANGE FLOWER DESIGN PLATE,19.72,68,2011-04-11 11:51:00,2011-04-13 11:48:00,2,2,0.29,241,2,1
37488A,YELLOW PINK FLOWER DESIGN BIG BOWL,10.92,28,2011-03-20 13:28:00,2011-04-13 11:48:00,3,3,0.39,241,3,1
37489A,YELLOW/PINK FLOWER DESIGN BIG MUG,14.43,33,2010-12-03 12:24:00,2011-11-21 11:55:00,14,14,0.43727272727272726,19,14,0
37489B,BLUE/YELLOW FLOWER DESIGN BIG MUG,16.77,31,2010-12-03 12:24:00,2011-11-21 11:55:00,12,12,0.5409677419354838,19,12,0
37489C,GREEN/BLUE FLOWER DESIGN BIG MUG,13.65,23,2010-12-03 12:24:00,2011-09-14 16:36:00,8,8,0.5934782608695652,86,8,0
37489D,PINK/GREEN FLOWER DESIGN BIG MUG,17.16,40,2010-12-03 12:24:00,2011-12-05 12:46:00,16,16,0.429,5,16,0
37491A,YELLOW/PINK CERAMIC CANDLE HOLDER,19.81,6,2010-12-01 17:06:00,2011-10-31 14:41:00,4,4,3.3016666666666663,39,4,0
37491B,BLUE/YELLOW CERAMIC CANDLE HOLDER,6.6,4,2011-07-18 13:33:00,2011-07-18 13:33:00,1,1,1.65,144,1,1
37491C,GREEN/BLUE CERAMIC CANDLE HOLDER,13.2,8,2011-07-18 13:33:00,2011-07-18 13:33:00,1,1,1.65,144,1,1
37491D,PURPLE/BLUE CERAMIC CANDLE HOLDER,9.879999999999999,4,2011-02-18 16:12:00,2011-07-18 13:33:00,2,2,2.4699999999999998,144,2,1
37495,FAIRY CAKE BIRTHDAY CANDLE SET,1622.24,440,2010-12-01 14:03:00,2011-12-08 13:25:00,76,92,3.686909090909091,1,76,0
37500,TEA TIME TEAPOT IN GIFT BOX,2360.68,380,2010-12-07 15:28:00,2011-12-09 12:20:00,98,113,6.212315789473684,1,98,0
37501,TEA TIME TEA SET IN GIFT BOX,906.83,133,2010-12-07 15:28:00,2011-08-10 16:19:00,37,49,6.818270676691729,121,37,0
37509,NEW ENGLAND MUG W GIFT BOX,5.1,2,2010-12-05 14:06:00,2010-12-06 11:01:00,2,2,2.55,369,2,1
40001,WHITE BAMBOO RIBS LAMPSHADE,675.2299999999999,821,2010-12-01 17:35:00,2011-11-13 11:15:00,53,56,0.8224482338611449,27,53,0
40003,WHITE BAMBOO RIBS LAMPSHADE,179.23,155,2010-12-09 13:08:00,2011-06-06 14:12:00,15,15,1.1563225806451611,186,15,1
40005B,BLUE ORGANDY ROUND LAMPSHADE W BEA,10.2,12,2010-12-06 13:47:00,2011-11-22 13:11:00,4,4,0.85,17,4,0
40016,CHINESE DRAGON PAPER LANTERNS,2136.34,5556,2010-12-02 12:11:00,2011-09-21 14:40:00,78,97,0.3845104391648668,79,78,0
40046A,RED DAISY PAPER LAMPSHADE,62.5,50,2011-01-21 15:56:00,2011-10-17 12:33:00,6,6,1.25,54,6,0
44089A,PINK GAUZE BUTTERFLY LAMPSHADE,6.3,15,2011-02-02 14:37:00,2011-11-27 13:26:00,4,4,0.42,12,4,0
44089C,LILAC GAUZE BUTTERFLY LAMPSHADE,10.08,24,2011-02-13 13:52:00,2011-09-23 13:12:00,5,6,0.42,77,5,0
44091A,BLUE CRUSOE CHECK LAMPSHADE,3.78,9,2011-01-10 14:57:00,2011-07-20 11:38:00,3,3,0.42,143,3,1
44092B,BLUE WHITE PLASTIC RINGS LAMPSHADE,11.899999999999999,14,2011-02-20 14:08:00,2011-09-05 15:19:00,5,5,0.8499999999999999,95,5,0
44092C,PURPLE/COPPER HANGING LAMPSHADE,17.0,20,2011-02-18 17:24:00,2011-10-20 12:34:00,8,8,0.85,51,8,0
44228,CANNABIS LEAF BEAD CURTAIN,30.599999999999998,36,2010-12-20 13:08:00,2011-08-23 11:16:00,2,2,0.85,109,2,0
44234,ASSORTED CIRCULAR MOBILE,154.77,693,2010-12-03 11:36:00,2011-12-09 12:00:00,31,33,0.22333333333333336,1,31,0
44235,ASSORTED COLOURED CIRCLE MOBILE ,200.04,538,2010-12-09 13:03:00,2011-12-07 15:07:00,13,13,0.37182156133829,2,13,0
44236,PINK/PURPLE CIRCLE CURTAIN,56.52,52,2011-02-13 13:52:00,2011-08-21 16:24:00,6,6,1.0869230769230769,110,6,0
44242A,LILAC FEATHERS CURTAIN,9.48,12,2011-07-10 15:17:00,2011-07-10 15:17:00,1,1,0.79,152,1,1
44242B,PINK FEATHERS CURTAIN,50.28,52,2011-04-14 13:59:00,2011-09-26 16:59:00,3,3,0.966923076923077,74,3,0
44265,M/COLOUR POM-POM CURTAIN,8.5,2,2011-02-10 17:19:00,2011-02-10 17:19:00,1,1,4.25,302,1,1
45013,FOLDING SHOE TIDY,8.850000000000001,3,2011-02-09 16:57:00,2011-10-23 14:40:00,2,2,2.9500000000000006,47,2,0
46000M,POLYESTER FILLER PAD 45x45cm,1582.55,1021,2010-12-01 12:35:00,2011-12-07 14:12:00,105,137,1.55,2,105,0
46000P,POLYESTER FILLER PAD 65CMx65CM,76.5,18,2010-12-06 13:34:00,2011-09-04 14:36:00,5,6,4.25,96,5,0
46000R,POLYESTER FILLER PAD 45x30cm,149.35,103,2010-12-01 14:41:00,2011-12-07 14:12:00,36,38,1.45,2,36,0
46000S,POLYESTER FILLER PAD 40x40cm,2256.2,1556,2010-12-01 14:41:00,2011-12-08 15:29:00,123,185,1.45,1,123,0
46000U,POLYESTER FILLER PAD 30CMx30CM,133.75,107,2010-12-17 16:00:00,2011-12-04 12:17:00,24,26,1.25,6,24,0
46115B,GREEN POP ART MAO CUSHION COVER ,2.2800000000000002,12,2010-12-06 14:36:00,2011-03-04 14:28:00,2,2,0.19000000000000003,280,2,1
46118,FUNKY MONKEY CUSHION COVER,317.16999999999996,232,2010-12-06 09:58:00,2011-12-09 10:03:00,39,46,1.367112068965517,1,39,0
46126A,ELVIS WALLHANGING / CURTAIN,69.84,52,2011-03-21 11:49:00,2011-05-18 11:08:00,7,8,1.343076923076923,206,7,1
46138B,BLUE CHENILLE SHAGGY CUSHION COVER ,43.15,43,2010-12-23 16:06:00,2011-11-13 15:58:00,12,12,1.0034883720930232,26,12,0
46775D,SUNSET COLOUR CHUNKY KNITTED THROW,720.93,60,2010-12-01 17:06:00,2011-12-05 11:01:00,36,39,12.0155,5,36,0
46776A,WOVEN BUBBLE GUM CUSHION COVER,651.95,155,2010-12-06 10:08:00,2011-12-09 10:03:00,59,70,4.2061290322580644,1,59,0
46776B,WOVEN BERRIES CUSHION COVER ,679.67,161,2010-12-01 17:06:00,2011-12-09 10:03:00,69,88,4.221552795031056,1,69,0
46776C,WOVEN FROST CUSHION COVER,492.79,117,2010-12-06 09:58:00,2011-12-09 10:03:00,51,59,4.211880341880342,1,51,0
46776D,WOVEN SUNSET CUSHION COVER ,378.29,89,2010-12-10 14:59:00,2011-12-09 10:03:00,34,37,4.2504494382022475,1,34,0
46776E,WOVEN CANDY CUSHION COVER ,288.43,67,2010-12-06 09:58:00,2011-12-09 10:03:00,35,38,4.304925373134329,1,35,0
46776F,WOVEN ROSE GARDEN CUSHION COVER ,883.12,210,2010-12-10 09:51:00,2011-12-09 10:03:00,66,89,4.205333333333333,1,66,0
46776a,WOVEN BUBBLE GUM CUSHION COVER,20.65,5,2011-10-31 14:41:00,2011-10-31 14:41:00,1,1,4.13,39,1,0
46776b,WOVEN BERRIES CUSHION COVER ,4.13,1,2011-10-31 14:41:00,2011-10-31 14:41:00,1,1,4.13,39,1,0
46776e,WOVEN CANDY CUSHION COVER ,4.13,1,2011-10-31 14:41:00,2011-10-31 14:41:00,1,1,4.13,39,1,0
46776f,WOVEN ROSE GARDEN CUSHION COVER ,28.91,7,2011-10-31 14:41:00,2011-10-31 14:41:00,1,1,4.13,39,1,0
47013A,WINE BOTTLE DRESSING LT.BLUE,3.0399999999999996,14,2011-03-17 15:47:00,2011-04-19 14:23:00,4,4,0.2171428571428571,234,4,1
47013C,WINE BOTTLE DRESSING DARK BLUE,12.969999999999999,52,2011-03-24 13:04:00,2011-06-20 17:14:00,11,12,0.24942307692307691,172,11,1
47016,LIGHT DECORATION BATTERY OPERATED,4.2,2,2011-11-01 14:54:00,2011-11-01 14:54:00,1,1,2.1,38,1,0
47021G,SET/6 BEAD COASTERS GAUZE BAG GOLD,309.29999999999995,582,2010-12-02 19:59:00,2011-06-23 09:14:00,23,27,0.531443298969072,170,23,1
47310M,SMALL POP BOX FUNKY MONKEY,570.4499999999999,410,2010-12-05 11:49:00,2011-12-09 10:03:00,90,121,1.391341463414634,1,90,0
47341A,FUSCHIA TABLE RUN FLOWER ,38.75,27,2011-02-17 14:51:00,2011-06-08 10:45:00,5,5,1.4351851851851851,185,5,1
47341B,BLUE TABLE RUN FLOWER,56.25,45,2011-04-27 12:08:00,2011-11-30 17:37:00,11,11,1.25,9,11,0
47343A,FUSCHIA FLOWER PURSE WITH BEADS,145.17,159,2010-12-03 15:05:00,2011-08-07 15:52:00,13,14,0.9130188679245282,124,13,1
47344B,BLUE FLOWER DES PURSE,43.66,44,2011-03-20 15:21:00,2011-06-02 09:37:00,6,6,0.9922727272727272,191,6,1
47348A,FUSCHIA VOILE POINTY SHOE DEC,50.31,97,2010-12-08 12:06:00,2011-09-01 17:14:00,15,15,0.5186597938144331,99,15,0
47351B,BLUE  VOILE LAMPSHADE,234.5,86,2011-01-07 12:28:00,2011-11-06 13:00:00,9,9,2.7267441860465116,33,9,0
47367B,PAIR PADDED HANGERS PINK CHECK,376.27000000000004,112,2010-12-05 14:17:00,2011-10-26 12:14:00,41,43,3.3595535714285716,45,41,0
47369A,PINK GREEN EMBROIDERY COSMETIC BAG,93.19,33,2010-12-05 14:17:00,2011-12-01 16:22:00,18,20,2.8239393939393937,8,18,0
47369B,BLUE GREEN EMBROIDERY COSMETIC BAG,97.13,35,2010-12-05 14:17:00,2011-12-01 16:22:00,20,22,2.775142857142857,8,20,0
47420,ASSORTED COLOUR SUCTION CUP HOOK,37.24,196,2010-12-08 12:56:00,2011-12-04 15:00:00,13,13,0.19,5,13,0
47421,ASSORTED COLOUR LIZARD SUCTION HOOK,393.0,994,2010-12-01 13:04:00,2011-12-08 12:07:00,49,55,0.3953722334004024,2,49,0
47422,ASSORTED MONKEY SUCTION CUP HOOK,246.18,617,2010-12-03 14:54:00,2011-12-01 19:42:00,42,45,0.39899513776337114,8,42,0
47469,ASSORTED SHAPES PHOTO CLIP SILVER ,238.60999999999999,469,2011-01-17 11:57:00,2011-12-08 13:50:00,12,12,0.5087633262260127,1,12,0
47471,RAINBOW PEGS PHOTO CLIP STRING,189.88,290,2010-12-02 11:35:00,2011-12-08 09:28:00,36,39,0.6547586206896552,2,36,0
47480,HANGING PHOTO CLIP ROPE LADDER,1274.1699999999998,746,2010-12-06 12:15:00,2011-12-09 10:03:00,73,86,1.7080026809651472,1,73,0
47481,50CM METAL STRING WITH  7 CLIPS,171.79,225,2010-12-06 16:57:00,2011-11-29 17:52:00,23,23,0.763511111111111,10,23,0
47503A,ASS FLORAL PRINT MULTI SCREWDRIVER,1254.1200000000001,2734,2010-12-14 12:59:00,2011-11-28 12:14:00,113,163,0.4587125091441112,12,113,0
47503H,ASS FLORAL PRINT SPIRIT LEVEL ,110.86,100,2010-12-03 14:54:00,2011-12-07 12:41:00,35,37,1.1086,3,35,0
47503J,SET/3 FLORAL GARDEN TOOLS IN BAG,23.85,3,2010-12-03 12:24:00,2010-12-07 15:59:00,2,2,7.95,367,2,1
47504H,ENGLISH ROSE SPIRIT LEVEL ,964.38,978,2010-12-01 12:49:00,2011-12-09 10:03:00,89,118,0.9860736196319019,1,89,0
47504K,ENGLISH ROSE GARDEN SECATEURS,2048.66,2018,2010-12-03 12:24:00,2011-11-09 16:33:00,139,212,1.015193260654113,30,139,0
47518F,ICON PLACEMAT POP ART ELVIS,113.64,827,2011-01-06 15:29:00,2011-11-29 12:09:00,27,28,0.1374123337363966,11,27,0
47518f,ICON PLACEMAT POP ART ELVIS,20.73,5,2010-12-21 15:20:00,2011-10-26 14:42:00,5,5,4.146,44,5,0
47556B,TEA TIME TEA TOWELS ,6045.0,2600,2011-01-11 12:57:00,2011-04-18 13:20:00,2,2,2.325,235,2,1
47559B,TEA TIME OVEN GLOVE,2584.9,2077,2010-12-01 14:32:00,2011-12-09 10:03:00,183,287,1.244535387578238,1,183,0
47559b,TEA TIME OVEN GLOVE,342.65,103,2010-12-03 14:27:00,2011-12-08 10:53:00,27,28,3.3266990291262135,2,27,0
47563A,RETRO LONGBOARD IRONING BOARD COVER,551.51,285,2010-12-01 12:31:00,2011-12-09 10:03:00,83,105,1.935122807017544,1,83,0
47566,PARTY BUNTING,99445.23,18283,2010-12-03 11:27:00,2011-12-09 10:23:00,294,1685,5.439218399606191,1,294,2
47566B,TEA TIME PARTY BUNTING,11275.27,2379,2010-12-01 17:06:00,2011-12-04 13:20:00,188,365,4.739499789827659,5,188,2
47566b,TEA TIME PARTY BUNTING,1651.1499999999999,199,2010-12-03 11:13:00,2011-11-08 15:24:00,51,102,8.297236180904521,31,51,0
47567B,TEA TIME KITCHEN APRON,3414.5000000000005,602,2010-12-01 17:06:00,2011-12-05 17:28:00,100,133,5.671926910299004,4,100,0
47570B,TEA TIME TABLE CLOTH,1727.23,185,2010-12-01 11:21:00,2011-03-29 15:18:00,26,31,9.33637837837838,255,26,1
47570b,TEA TIME TABLE CLOTH,42.019999999999996,2,2010-12-07 15:34:00,2011-01-25 14:01:00,2,2,21.009999999999998,318,2,1
47574A,ENGLISH ROSE SCENTED HANGING FLOWER,665.2,548,2010-12-07 09:13:00,2011-10-07 15:45:00,82,114,1.2138686131386862,63,82,0
47574B,ENGLISH ROSE SCENTED HANGING HEART,17.0,4,2011-05-15 16:02:00,2011-05-18 12:37:00,2,2,4.25,206,2,1
47578A,ENGLISH ROSE SMALL SCENTED FLOWER,197.43,213,2010-12-09 16:57:00,2011-12-08 09:28:00,42,45,0.9269014084507042,2,42,0
47579,TEA TIME BREAKFAST BASKET,2.1,1,2010-12-05 13:00:00,2010-12-05 13:00:00,1,1,2.1,369,1,1
47580,TEA TIME DES TEA COSY,1116.72,388,2010-12-01 09:41:00,2011-12-08 19:28:00,93,110,2.8781443298969074,1,93,0
47585A,PINK FAIRY CAKE CUSHION COVER,1129.44,264,2010-12-17 17:08:00,2011-12-01 13:08:00,64,83,4.278181818181818,8,64,0
47586A,PINK FAIRY CAKE CUSHION COVER,53.55,21,2010-12-06 14:08:00,2011-11-23 10:09:00,8,8,2.55,17,8,0
47589,CONGRATULATIONS BUNTING,70.85000000000001,13,2011-01-06 12:45:00,2011-05-24 10:24:00,3,3,5.450000000000001,200,3,1
47590A,BLUE HAPPY BIRTHDAY BUNTING,10491.75,1990,2010-12-01 17:06:00,2011-12-06 16:26:00,209,390,5.272236180904523,3,209,2
47590B,PINK HAPPY BIRTHDAY BUNTING,12050.12,2323,2010-12-01 17:06:00,2011-12-09 10:03:00,207,393,5.187309513560052,1,207,2
47590b,PINK HAPPY BIRTHDAY BUNTING,129.48,12,2011-01-18 16:05:00,2011-11-13 11:50:00,8,9,10.79,27,8,0
47591B,SCOTTIES CHILDRENS APRON,344.78999999999996,209,2010-12-01 14:32:00,2011-02-02 13:35:00,33,56,1.6497129186602868,310,33,1
47591D,PINK FAIRY CAKE CHILDRENS APRON,6052.45,3207,2010-12-01 14:32:00,2011-12-08 16:30:00,208,439,1.88726223885251,1,208,2
47591b,SCOTTIES CHILDRENS APRON,4.13,1,2011-12-08 10:53:00,2011-12-08 10:53:00,1,1,4.13,2,1,0
47591d,PINK FAIRY CAKE CHILDRENS APRON,672.24,134,2010-12-03 14:27:00,2011-11-29 15:08:00,38,56,5.016716417910448,10,38,0
47593A,CAROUSEL PONIES BABY BIB,14.37,33,2010-12-12 12:08:00,2011-03-29 16:05:00,11,12,0.4354545454545454,255,11,1
47593B,SCOTTIE DOGS BABY BIB,946.13,1987,2010-12-01 14:32:00,2011-12-08 09:28:00,164,245,0.47616004026170106,2,164,0
47593b,SCOTTIE DOGS BABY BIB,4.9799999999999995,6,2011-10-31 14:41:00,2011-10-31 14:41:00,1,1,0.83,39,1,0
47594A,CAROUSEL DESIGN WASHBAG,199.84,108,2010-12-01 17:06:00,2011-11-24 13:06:00,39,50,1.8503703703703704,15,39,0
47594B,SCOTTIES DESIGN WASHBAG,314.54999999999995,170,2010-12-15 16:21:00,2011-11-08 10:44:00,42,56,1.8502941176470586,32,42,0
47599A,PINK PARTY BAGS,4649.5,2456,2010-12-01 12:49:00,2011-12-02 16:04:00,126,165,1.8931188925081432,7,126,0
47599B,BLUE PARTY BAGS ,2822.32,1480,2010-12-01 12:49:00,2011-12-02 16:04:00,99,118,1.9069729729729732,7,99,0
48111,DOORMAT 3 SMILEY CATS,7708.48,1172,2010-12-01 15:00:00,2011-12-09 08:59:00,157,233,6.577201365187713,1,157,0
48116,DOORMAT MULTICOLOUR STRIPE,9080.68,1491,2010-12-08 13:03:00,2011-12-08 13:26:00,134,201,6.0903286384976525,1,134,0
48129,DOORMAT TOPIARY,6009.84,904,2010-12-01 11:21:00,2011-12-08 17:57:00,149,205,6.648053097345133,1,149,0
48138,DOORMAT UNION FLAG,25534.15,3751,2010-12-01 14:03:00,2011-12-09 10:26:00,248,616,6.807291388962944,1,248,2
48173C,DOORMAT BLACK FLOCK ,10000.66,1799,2010-12-01 12:23:00,2011-12-08 09:20:00,130,188,5.559010561423013,2,130,0
48173c,DOORMAT BLACK FLOCK ,252.95000000000002,15,2010-12-03 14:27:00,2011-05-03 09:44:00,7,7,16.863333333333333,221,7,1
48184,DOORMAT ENGLISH ROSE ,14300.15,2035,2010-12-01 14:03:00,2011-12-08 19:29:00,225,407,7.027100737100737,1,225,2
48185,DOORMAT FAIRY CAKE,23872.91,3615,2010-12-01 10:52:00,2011-12-08 19:29:00,200,365,6.60384785615491,1,200,2
48187,DOORMAT NEW ENGLAND,24108.39,3807,2010-12-01 08:34:00,2011-12-09 12:00:00,254,600,6.332647754137116,1,254,2
48188,DOORMAT WELCOME PUPPIES,12107.02,2064,2010-12-01 14:32:00,2011-12-06 17:23:00,173,287,5.865804263565892,3,173,2
48189,DOORMAT FRIENDSHIP ,451.10999999999996,27,2010-12-07 15:31:00,2011-04-26 10:32:00,17,17,16.707777777777775,228,17,1
48194,DOORMAT HEARTS,22114.42,3416,2010-12-01 11:41:00,2011-12-08 19:29:00,247,592,6.473776346604215,1,247,2
51008,AFGHAN SLIPPER SOCK PAIR,1690.5500000000002,519,2010-12-05 16:41:00,2011-11-27 13:26:00,20,22,3.257321772639692,12,20,0
51014A,"FEATHER PEN,HOT PINK",2000.06,3842,2010-12-01 14:54:00,2011-12-09 10:03:00,142,239,0.520577824049974,1,142,0
51014C,"FEATHER PEN,COAL BLACK",1405.73,2687,2010-12-01 14:54:00,2011-12-08 19:28:00,125,174,0.5231596576107183,1,125,0
51014L,"FEATHER PEN,LIGHT PINK",1069.1399999999999,2059,2010-12-01 14:54:00,2011-12-09 10:03:00,112,149,0.5192520641087907,1,112,0
51014c,"FEATHER PEN,COAL BLACK",0.83,1,2011-10-31 14:41:00,2011-10-31 14:41:00,1,1,0.83,39,1,0
51020A,SUMMER FUN DESIGN SHOWER CAP,116.32999999999998,325,2010-12-05 15:12:00,2011-04-27 11:26:00,16,18,0.3579384615384615,227,16,1
51020B,STRIPY DESIGN SHOWER CAP,70.57,197,2010-12-05 15:12:00,2011-04-27 11:26:00,14,15,0.3582233502538071,227,14,1
62018,SOMBRERO ,5716.85,4415,2010-12-05 12:53:00,2011-12-06 16:33:00,53,61,1.2948697621744054,3,53,0
62043B,BLUE CHECK BAG W HANDLE 34X20CM,14.11,17,2011-04-27 12:08:00,2011-05-19 10:20:00,5,5,0.83,205,5,1
62074B,ELEPHANT CLIP W SUCTION CUP,6.72,16,2011-01-31 16:02:00,2011-07-12 15:29:00,4,4,0.42,150,4,1
62086A,PINK RETRO BIG FLOWER BAG,171.6,88,2011-01-13 09:23:00,2011-06-23 14:11:00,13,14,1.95,169,13,1
62094B,TURQ ICE CREAM BUM BAG ,63.209999999999994,19,2010-12-06 09:58:00,2011-02-04 10:40:00,8,8,3.3268421052631574,309,8,1
62096A,PINK/YELLOW FLOWERS HANDBAG,132.5,106,2010-12-02 09:43:00,2011-02-24 14:32:00,7,8,1.25,288,7,1
62096B,PURPLE/TURQ FLOWERS HANDBAG,2.5,2,2011-03-07 14:51:00,2011-03-07 14:51:00,1,1,1.25,277,1,1
62097B,BLUE STRIPES SHOULDER BAG,7.469999999999999,9,2011-04-27 12:08:00,2011-05-23 11:52:00,3,3,0.8299999999999998,201,3,1
70006,LOVE HEART POCKET WARMER,1863.98,2702,2010-12-01 17:06:00,2011-12-08 15:31:00,70,120,0.6898519615099926,1,70,0
70007,HI TEC ALPINE HAND WARMER,956.36,841,2010-12-01 12:31:00,2011-12-08 16:30:00,70,107,1.1371700356718193,1,70,0
71038,WHITE HANGING BEADS CANDLE HOLDER,1239.5,238,2010-12-08 12:17:00,2011-11-28 11:00:00,44,47,5.207983193277311,12,44,0
71050,SMALL SINGLE FLAME CANDLE HOLDER,11.549999999999999,33,2011-02-28 14:48:00,2011-12-02 12:52:00,6,6,0.35,7,6,0
71053,WHITE METAL LANTERN,8419.32,1944,2010-12-01 08:26:00,2011-12-09 10:26:00,183,333,4.330925925925926,1,183,2
71101E,STANDING FAIRY POLE SUPPORT ,278.5,346,2011-01-23 12:08:00,2011-11-21 12:40:00,22,22,0.8049132947976878,19,22,0
71143,SILVER BOOK MARK WITH BEADS,196.35999999999999,178,2010-12-03 11:36:00,2011-07-13 16:07:00,29,37,1.1031460674157303,149,29,1
71215,METAL BASE FOR CANDLES,4.62,11,2010-12-08 15:17:00,2011-05-26 16:30:00,2,2,0.42,197,2,1
71270,PHOTO CLIP LINE,334.98,236,2010-12-01 09:41:00,2011-12-09 10:03:00,48,49,1.419406779661017,1,48,0
71279,PINK GLASS CANDLEHOLDER,558.37,175,2010-12-07 09:13:00,2011-11-09 16:14:00,37,38,3.1906857142857143,30,37,0
71403,"PINK/WHITE ""KEEP CLEAN"" BULLET BIN",283.96000000000004,76,2010-12-06 11:16:00,2011-11-16 12:25:00,29,33,3.7363157894736845,24,29,0
71406C,BLACK ORANGE SQUEEZER,57.96,138,2010-12-01 12:43:00,2011-11-29 17:52:00,21,21,0.42,10,21,0
71459,HANGING JAM JAR T-LIGHT HOLDER,10858.89,13605,2010-12-01 14:32:00,2011-12-09 10:10:00,216,440,0.798154355016538,1,216,2
71477,COLOUR GLASS. STAR T-LIGHT HOLDER,20650.66,6748,2010-12-01 16:52:00,2011-12-08 16:30:00,154,316,3.060263781861292,1,154,2
71495A,CD WALL TIDY BLUE OFFICE,40.379999999999995,103,2010-12-13 11:21:00,2011-11-24 12:33:00,8,8,0.39203883495145625,16,8,0
71495B,CD WALL TIDY RED FLOWERS,61.05,163,2010-12-08 13:53:00,2011-11-24 12:33:00,8,8,0.3745398773006135,16,8,0
71496A,A4 WALL TIDY BLUE OFFICE,80.96000000000001,127,2010-12-01 17:06:00,2011-11-02 14:31:00,12,12,0.63748031496063,37,12,0
71496B,A4 WALL TIDY RED FLOWERS,7.37,13,2011-01-31 12:21:00,2011-11-02 14:31:00,4,4,0.566923076923077,37,4,0
71510,SQUARE METAL CANDLEHOLDER BASE,36.519999999999996,52,2011-02-10 14:30:00,2011-11-24 19:59:00,8,8,0.7023076923076922,15,8,0
72024U,LILAC VOTIVE CANDLE,15.120000000000001,72,2011-04-26 09:44:00,2011-06-27 12:49:00,3,3,0.21000000000000002,166,3,1
72051S,BAG OF SILVER STONES,89.52999999999999,130,2010-12-05 13:00:00,2011-04-13 12:57:00,12,13,0.6886923076923076,240,12,1
72122,COFFEE SCENT PILLAR CANDLE,335.78999999999996,324,2010-12-06 12:41:00,2011-12-08 16:30:00,51,61,1.0363888888888888,1,51,0
72127,COLUMBIAN CANDLE ROUND ,210.61,169,2010-12-02 13:11:00,2011-11-23 14:35:00,26,30,1.2462130177514794,16,26,0
72128,COLUMBIAN CANDLE ROUND,152.04999999999998,193,2010-12-03 14:54:00,2011-12-08 16:30:00,31,36,0.7878238341968911,1,31,0
72130,COLUMBIAN CANDLE ROUND,133.34,219,2010-12-03 14:54:00,2011-11-30 15:13:00,24,27,0.6088584474885845,9,24,0
72131,COLUMBIAN CANDLE RECTANGLE,236.39999999999998,136,2010-12-06 12:41:00,2011-11-25 11:02:00,16,18,1.7382352941176469,15,16,0
72132,COLUMBIAN CUBE CANDLE,54.599999999999994,28,2010-12-08 13:08:00,2011-11-27 14:30:00,11,12,1.9499999999999997,12,11,0
72133,COLUMBIAN CANDLE RECTANGLE,63.51,45,2010-12-02 13:11:00,2011-12-08 09:20:00,16,16,1.4113333333333333,2,16,0
72134,COLUMBIAN  CUBE CANDLE ,58.62,105,2010-12-01 17:06:00,2011-12-08 09:20:00,11,11,0.5582857142857143,2,11,0
72140E,BEST DAD CANDLE LETTERS,26.349999999999998,31,2011-02-27 10:13:00,2011-10-16 11:06:00,8,8,0.85,55,8,0
72225C,LAVENDER SCENT CAKE CANDLE,165.6,624,2010-12-17 14:54:00,2011-11-29 09:48:00,17,17,0.2653846153846154,11,17,0
72232,FENG SHUI PILLAR CANDLE,630.23,3317,2010-12-02 18:23:00,2011-12-09 08:48:00,57,65,0.19,1,57,0
72349B,SET/6 PURPLE BUTTERFLY T-LIGHTS,1486.69,729,2010-12-05 11:57:00,2011-12-09 10:03:00,88,114,2.039355281207133,1,88,0
72349b,SET/6 PURPLE BUTTERFLY T-LIGHTS,658.51,159,2010-12-03 11:13:00,2011-12-09 10:26:00,55,82,4.141572327044025,1,55,0
72351A,SET/6 TURQUOISE BUTTERFLY T-LIGHTS,2498.75,1264,2010-12-03 11:36:00,2011-12-08 16:14:00,121,153,1.9768591772151898,1,121,0
72351B,SET/6 PINK  BUTTERFLY T-LIGHTS,4007.85,2096,2010-12-06 10:08:00,2011-12-07 13:53:00,126,186,1.912142175572519,2,126,0
72351a,SET/6 TURQUOISE BUTTERFLY T-LIGHTS,62.269999999999996,15,2010-12-07 15:34:00,2011-10-26 14:42:00,10,12,4.151333333333333,44,10,0
72369A,PINK CLEAR GLASS CANDLE PLATE,39.92,30,2011-01-14 14:06:00,2011-11-28 13:37:00,5,5,1.3306666666666667,11,5,0
72586,SET OF 6 HALLOWEEN GHOST T-LIGHTS,317.83,691,2010-12-01 14:32:00,2011-12-01 16:22:00,64,83,0.4599565846599131,8,64,0
72598,SET/12 TAPER CANDLES,605.89,607,2010-12-01 13:20:00,2011-12-08 19:24:00,74,93,0.998171334431631,1,74,0
72709,IVORY SCULPTED RND CANDLE ,37.4,44,2010-12-08 13:08:00,2011-11-13 16:22:00,6,7,0.85,26,6,0
72741,GRAND CHOCOLATECANDLE,8196.0,5958,2010-12-01 14:03:00,2011-12-09 10:03:00,190,292,1.3756294058408862,1,190,2
72760B,VINTAGE CREAM 3 BASKET CAKE STAND,4145.389999999999,409,2010-12-02 09:29:00,2011-12-09 08:48:00,119,153,10.135427872860634,1,119,0
72780,BLACK SILOUETTE CANDLE PLATE,116.44999999999999,137,2010-12-13 12:57:00,2011-12-08 12:54:00,18,20,0.8499999999999999,1,18,0
72783,BLACK SIL'T SQU CANDLE PLATE ,33.6,16,2011-11-06 16:07:00,2011-12-08 12:54:00,2,2,2.1,1,2,0
72798C,SET/4 GARDEN ROSE DINNER CANDLE,11.549999999999999,7,2010-12-01 17:35:00,2011-02-03 12:37:00,3,3,1.65,310,3,1
72799C,PINK PILLAR CANDLE SILVER FLOCK,129.47,81,2011-01-23 10:15:00,2011-12-07 12:43:00,13,19,1.598395061728395,3,13,0
72799E,IVORY PILLAR CANDLE SILVER FLOCK,916.9900000000001,451,2010-12-01 14:32:00,2011-12-08 15:54:00,60,76,2.033237250554324,1,60,0
72799F,IVORY PILLAR CANDLE GOLD FLOCK,421.13000000000005,144,2010-12-01 14:32:00,2011-11-25 12:20:00,30,30,2.9245138888888893,15,30,0
72800B, 4 PURPLE FLOCK DINNER CANDLES,285.7,142,2010-12-01 12:49:00,2011-12-08 12:15:00,34,38,2.0119718309859156,2,34,0
72800C,4 PINK DINNER CANDLE SILVER FLOCK,259.71999999999997,130,2010-12-16 16:45:00,2011-12-08 12:15:00,33,35,1.9978461538461536,2,33,0
72800D,4 BLUE DINNER CANDLES SILVER FLOCK,226.67,87,2010-12-05 10:52:00,2011-11-28 13:37:00,30,31,2.6054022988505747,11,30,0
72800E,4 IVORY DINNER CANDLES SILVER FLOCK,1205.64,538,2010-12-01 12:15:00,2011-12-09 10:20:00,99,136,2.2409665427509298,1,99,0
72801C,4 ROSE PINK DINNER CANDLES,180.65,145,2010-12-02 14:47:00,2011-12-08 19:24:00,18,19,1.2458620689655173,1,18,0
72801D,4 SKY BLUE DINNER CANDLES,113.21,75,2010-12-02 14:47:00,2011-12-08 19:24:00,17,18,1.5094666666666665,1,17,0
72801G,4 BURGUNDY WINE DINNER CANDLES,57.46,45,2010-12-06 12:06:00,2011-11-15 15:23:00,13,13,1.276888888888889,24,13,0
72801c,4 ROSE PINK DINNER CANDLES,95.94,39,2011-01-25 09:37:00,2011-12-07 10:35:00,20,25,2.46,3,20,0
72801d,4 SKY BLUE DINNER CANDLES,184.7,75,2010-12-14 15:56:00,2011-12-08 10:53:00,36,44,2.4626666666666663,2,36,0
72802A,ROSE SCENT CANDLE IN JEWELLED BOX,1329.91,323,2010-12-03 15:05:00,2011-12-01 11:18:00,55,63,4.117368421052632,9,55,0
72802B,OCEAN SCENT CANDLE IN JEWELLED BOX,1993.48,1028,2010-12-03 15:10:00,2011-11-03 19:15:00,72,82,1.939182879377432,36,72,0
72802C,VANILLA SCENT CANDLE JEWELLED BOX,2688.19,1395,2010-12-01 11:45:00,2011-11-04 14:07:00,80,105,1.9270179211469534,35,80,0
72802a,ROSE SCENT CANDLE IN JEWELLED BOX,58.029999999999994,7,2011-07-04 11:10:00,2011-07-08 13:54:00,2,2,8.29,154,2,1
72802c,VANILLA SCENT CANDLE JEWELLED BOX,8.29,1,2011-11-23 11:11:00,2011-11-23 11:11:00,1,1,8.29,17,1,0
72803A,ROSE SCENT CANDLE JEWELLED DRAWER,722.47,529,2010-12-01 17:35:00,2011-11-06 11:55:00,39,41,1.3657277882797731,34,39,0
72803b,OCEAN SCENT CANDLE JEWELLED DRAWER,8.47,1,2010-12-03 11:28:00,2010-12-03 11:28:00,1,1,8.47,372,1,1
72807A,SET/3 ROSE CANDLE IN JEWELLED BOX,1845.57,393,2010-12-01 14:32:00,2011-11-24 09:26:00,82,107,4.696106870229007,16,82,0
72807B,SET/3 OCEAN SCENT CANDLE JEWEL BOX,1822.21,395,2010-12-01 14:32:00,2011-11-24 09:26:00,89,110,4.6131898734177215,16,89,0
72807C,SET/3 VANILLA SCENTED CANDLE IN BOX,3145.05,721,2010-12-01 14:32:00,2011-11-25 14:25:00,113,157,4.362066574202497,14,113,0
72807a,SET/3 ROSE CANDLE IN JEWELLED BOX,66.32,8,2011-01-18 16:05:00,2011-11-25 15:23:00,5,5,8.29,14,5,0
72807b,SET/3 OCEAN SCENT CANDLE JEWEL BOX,33.16,4,2011-02-02 12:16:00,2011-04-15 10:37:00,4,4,8.29,239,4,1
72807c,SET/3 VANILLA SCENTED CANDLE IN BOX,41.449999999999996,5,2011-07-08 13:54:00,2011-11-23 11:11:00,5,5,8.29,17,5,0
72811,SMALL ZINC/GLASS CANDLEHOLDER,78.92999999999999,53,2011-04-28 10:20:00,2011-12-08 12:26:00,8,8,1.4892452830188678,2,8,0
72812,LARGE ZINC GLASS CANDLEHOLDER,116.06,34,2011-02-09 12:46:00,2011-12-08 16:30:00,11,11,3.413529411764706,1,11,0
72815,3 WICK CHRISTMAS BRIAR CANDLE ,15.97,3,2010-12-09 16:27:00,2011-01-26 12:40:00,2,2,5.323333333333333,318,2,1
72816,SET/3 CHRISTMAS DECOUPAGE CANDLES,1005.3199999999999,892,2010-12-01 14:32:00,2011-10-17 13:31:00,45,69,1.1270403587443945,53,45,0
72817,SET OF 2 CHRISTMAS DECOUPAGE CANDLE,1232.27,1212,2010-12-01 13:45:00,2011-11-23 13:39:00,81,161,1.0167244224422443,16,81,0
72818,CHRISTMAS DECOUPAGE CANDLE,821.98,1845,2010-12-01 12:23:00,2011-10-31 14:09:00,41,76,0.4455176151761518,39,41,0
72819,CUPID DESIGN SCENTED CANDLES,509.07,225,2010-12-07 09:13:00,2011-12-08 20:01:00,36,43,2.2625333333333333,1,36,0
72821,CUPID SCENTED CANDLE IN GLASS,18.15,11,2011-01-27 11:55:00,2011-02-10 16:17:00,4,4,1.65,302,4,1
75011,BLUE DAISY MOBILE,138.76,172,2010-12-14 12:59:00,2011-11-28 13:56:00,12,12,0.8067441860465115,11,12,0
75013B,"STRING OF 8 BUTTERFLIES,PINK",41.24999999999999,25,2010-12-05 13:08:00,2011-01-16 13:41:00,6,6,1.6499999999999997,327,6,1
75049L,LARGE CIRCULAR MIRROR MOBILE,6812.98,7102,2010-12-03 11:36:00,2011-12-07 15:07:00,139,205,0.9593044212897774,2,139,2
75131,METAL TUBE CHIME ON BAMBOO,529.21,490,2010-12-03 11:36:00,2011-04-04 14:00:00,14,15,1.0800204081632654,249,14,1
75172,PAINTED SEA SHELL METAL WINDCHIME,85.31,93,2011-02-09 15:33:00,2011-07-04 16:35:00,7,8,0.9173118279569893,158,7,1
75178,ASSTD COL BUTTERFLY/CRYSTAL W/CHIME,218.87,459,2010-12-14 12:59:00,2011-12-06 14:23:00,13,13,0.4768409586056645,3,13,0
77079,DOLPHIN WINDMILL,2.12,1,2011-06-12 12:01:00,2011-06-12 12:01:00,1,1,2.12,181,1,1
77101A,UNION FLAG WINDSOCK,426.94,387,2010-12-05 12:15:00,2011-03-21 11:49:00,20,22,1.103204134366925,264,20,1
78033,FLAG OF ST GEORGE CHAIR,185.3,38,2011-03-20 10:33:00,2011-10-06 09:37:00,8,8,4.876315789473685,65,8,0
78034B,BLUE NETTING STORAGE HANGER,15.6,8,2010-12-05 12:42:00,2011-10-02 11:10:00,6,6,1.95,69,6,0
78124,MAGAZINE RACK GEBRA ASSORTED ,256.5,198,2010-12-08 13:53:00,2011-11-28 14:12:00,17,18,1.2954545454545454,11,17,0
79000,MOROCCAN TEA GLASS,3357.34,4162,2010-12-03 10:26:00,2011-09-12 16:14:00,87,125,0.8066650648726574,88,87,0
79026B,"S/4 ICON COASTER,ELVIS LIVES",10.61,25,2011-03-04 14:28:00,2011-05-18 14:50:00,9,9,0.4244,205,9,1
79030D,TUMBLER BAROQUE,350.22999999999996,581,2010-12-01 14:32:00,2011-11-10 19:40:00,42,47,0.6028055077452668,29,42,0
79030G,TUMBLER NEW ENGLAND,733.49,1403,2010-12-01 14:32:00,2011-06-03 17:09:00,43,67,0.5228011404133999,189,43,1
79051A,SMOKEY GREY COLOUR D.O.F. GLASS,289.54999999999995,823,2010-12-06 12:55:00,2011-12-07 10:11:00,38,41,0.3518226002430133,3,38,0
79062D,"RETRO TIN ASHTRAY,REVOLUTIONARY",19.4,52,2011-02-17 14:36:00,2011-08-16 17:25:00,4,4,0.37307692307692303,115,4,1
79063C,"RETRO PILL BOX KEY CHAIN,THE KING",43.65,235,2011-03-09 12:35:00,2011-12-08 13:50:00,14,14,0.18574468085106383,1,14,0
79063D,"RETRO PILL BOX , REVOLUTIONARY",35.14,189,2011-02-09 13:41:00,2011-11-27 16:05:00,10,11,0.18592592592592594,12,10,0
79066K,RETRO MOD TRAY,689.34,783,2010-12-01 14:41:00,2011-12-09 11:34:00,111,146,0.8803831417624521,1,111,0
79066k,RETRO MOD TRAY,27.77,17,2010-12-09 16:26:00,2011-11-20 13:58:00,10,10,1.633529411764706,19,10,0
79067,CORONA MEXICAN TRAY,719.69,172,2010-12-01 17:06:00,2010-12-21 15:20:00,16,38,4.184244186046512,353,16,1
79071B,ENGLISH ROSE METAL WASTE BIN,59.0,20,2011-01-05 12:54:00,2011-06-13 13:44:00,11,11,2.95,179,11,1
79144B,PAINTED LIGHTBULB STAR+ MOON,103.22999999999999,180,2010-12-01 14:34:00,2011-12-08 09:28:00,47,53,0.5734999999999999,2,47,0
79144C,PAINTED LIGHTBULB RAINBOW DESIGN,98.11999999999999,152,2010-12-07 15:28:00,2011-12-08 09:28:00,47,51,0.6455263157894736,2,47,0
79149B,SILICON STAR BULB  BLUE,7.56,18,2010-12-05 12:42:00,2011-12-06 12:12:00,8,8,0.42,4,8,0
79151B,"SILICON CUBE 25W, BLUE",4.62,11,2010-12-05 12:42:00,2011-11-28 14:12:00,2,2,0.42,11,2,0
79157B,UBO-LIGHT TRIOBASE BLUE,3.4,4,2011-10-25 10:32:00,2011-12-06 12:38:00,2,2,0.85,4,2,0
79157V,UBO-LIGHT TRIOBASE PURPLE,4.25,5,2011-10-09 15:24:00,2011-11-03 18:49:00,3,3,0.85,36,3,0
79160,HEART SHAPE WIRELESS DOORBELL,795.83,444,2010-12-06 12:34:00,2011-12-08 13:45:00,45,49,1.79240990990991,1,45,0
79161A,ST GEORGE SET OF 10 PARTY LIGHTS,5.9,2,2011-11-08 14:22:00,2011-11-22 14:43:00,2,2,2.95,17,2,0
79163,BLACK CHAMPAGNE GLASS,626.55,1529,2010-12-02 14:26:00,2011-09-18 12:21:00,29,35,0.40977763243950294,83,29,0
79164,BLACK WINE GLASS,697.62,1666,2010-12-02 14:26:00,2011-11-07 13:56:00,15,19,0.4187394957983193,32,15,0
79190A,RETRO PLASTIC 70'S TRAY,179.35999999999999,384,2010-12-05 13:55:00,2011-12-09 10:10:00,56,63,0.4670833333333333,1,56,0
79190B,RETRO PLASTIC POLKA TRAY,288.36,707,2010-12-09 13:34:00,2011-12-09 10:10:00,52,57,0.4078642149929279,1,52,0
79190D,RETRO PLASTIC DAISY TRAY,126.97999999999999,265,2010-12-05 16:24:00,2011-12-02 16:07:00,43,47,0.4791698113207547,7,43,0
79191B,RETRO PLASTIC POLKA TRAY,138.29999999999998,159,2010-12-03 11:36:00,2011-12-09 11:34:00,28,30,0.8698113207547169,1,28,0
79191C,RETRO PLASTIC ELEPHANT TRAY,812.53,1105,2010-12-02 11:35:00,2011-12-06 08:55:00,59,65,0.7353212669683258,4,59,0
79191D,RETRO PLASTIC DAISY TRAY,37.61,35,2010-12-20 13:43:00,2011-12-09 11:34:00,16,16,1.0745714285714285,1,16,0
79192A,RETRO PLASTIC 70'S TRAY,3.75,3,2011-01-20 12:04:00,2011-02-02 17:06:00,2,2,1.25,310,2,1
79302M,"ART LIGHTS,FUNK MONKEY",1037.54,370,2010-12-01 15:08:00,2011-12-08 15:54:00,53,62,2.804162162162162,1,53,0
79321,CHILLI LIGHTS,54096.36,10302,2010-12-01 09:58:00,2011-12-09 12:20:00,247,661,5.251054164239953,1,247,2
79323B,BLACK CHERRY LIGHTS,54.0,8,2011-02-11 13:53:00,2011-02-11 13:53:00,1,1,6.75,301,1,1
79323P,PINK CHERRY LIGHTS,27.0,4,2011-01-11 13:54:00,2011-01-11 13:54:00,1,1,6.75,332,1,1
79329,PINK FLOCK GLASS CANDLEHOLDER,12.18,12,2010-12-15 13:24:00,2011-04-10 15:07:00,2,2,1.015,243,2,1
79331,PINK FLOCK GLASS CANDLEHOLDER,17.5,26,2011-02-20 13:06:00,2011-04-07 12:04:00,3,3,0.6730769230769231,247,3,1
79336,LIGHT PINK FLOCK GLASS CANDLEHOLDER,13.680000000000003,36,2011-07-29 17:19:00,2011-09-02 15:48:00,3,3,0.3800000000000001,98,3,0
79337,BLUE FLOCK GLASS CANDLEHOLDER,259.96,644,2010-12-03 15:45:00,2011-07-08 15:22:00,10,10,0.4036645962732919,154,10,1
79403,FROSTED WHITE BASE ,85.52,95,2010-12-08 14:25:00,2011-12-02 12:52:00,15,15,0.9002105263157895,7,15,0
79406,FROSTED WHITE BASE ,34.12,144,2011-02-16 12:49:00,2011-12-08 09:28:00,8,8,0.23694444444444443,2,8,0
81950B,FLOWER BLUE CLOCK WITH SUCKER,33.64,116,2011-07-04 16:35:00,2011-08-17 13:21:00,7,8,0.29,114,7,0
81950V,FLOWER PURPLE CLOCK W/SUCKER,8.6,20,2010-12-10 12:14:00,2011-07-13 15:42:00,5,6,0.43,149,5,1
81952B,ROUND BLUE CLOCK WITH SUCKER,38.0,200,2011-07-04 16:35:00,2011-07-26 13:03:00,9,9,0.19,136,9,1
81952V,ROUND PURPLE CLOCK WITH SUCKER,69.35,365,2011-07-04 16:35:00,2011-11-27 16:02:00,24,24,0.18999999999999997,12,24,0
81953B,ROUND BLUE CLOCK WITH SUCKER,2.09,11,2011-07-13 12:06:00,2011-07-18 11:47:00,3,3,0.18999999999999997,145,3,1
81953P,ROUND ARTICULATED PINK CLOCK W/SUCK,5.32,28,2011-07-13 12:06:00,2011-07-21 11:55:00,3,3,0.19,142,3,1
82001S,VINYL RECORD FRAME SILVER,5750.21,1582,2010-12-03 11:36:00,2011-12-08 09:20:00,94,127,3.634772439949431,2,94,0
82001s,SILVER RECORD COVER FRAME,910.12,122,2011-02-09 12:59:00,2011-12-09 10:26:00,23,27,7.46,1,23,0
82011A,"BATHROOM SCALES, TROPICAL BEACH",67.5,18,2010-12-13 09:02:00,2011-11-13 16:16:00,12,12,3.75,26,12,0
82011B,BATHROOM SCALES RUBBER DUCKS,146.85,43,2010-12-05 13:17:00,2011-11-23 15:44:00,21,21,3.415116279069767,16,21,0
82011C,BATHROOM SCALES FOOTPRINTS IN SAND,172.05,51,2010-12-03 15:19:00,2011-11-23 15:44:00,20,20,3.373529411764706,16,20,0
82095,HEART BUTTONS JEWELLERY BOX,356.11,68,2011-02-14 09:41:00,2011-07-05 16:53:00,26,30,5.236911764705883,157,26,1
82482,WOODEN PICTURE FRAME WHITE FINISH,23057.06,8986,2010-12-01 09:02:00,2011-12-09 10:26:00,292,1100,2.565886935232584,1,292,2
82483,WOOD 2 DRAWER CABINET WHITE FINISH,15123.92,2386,2010-12-01 09:02:00,2011-12-08 12:10:00,228,543,6.338608549874267,2,228,2
82484,WOOD BLACK BOARD ANT WHITE FINISH,35966.92,6012,2010-12-01 09:53:00,2011-12-09 10:03:00,260,685,5.982521623419827,1,260,2
82486,WOOD S/3 CABINET ANT WHITE FINISH,18343.92,2136,2010-12-01 09:02:00,2011-12-09 10:45:00,252,605,8.587977528089887,1,252,2
82494L,WOODEN FRAME ANTIQUE WHITE ,19599.49,6735,2010-12-01 09:02:00,2011-12-08 19:55:00,255,910,2.9100950259836678,1,255,2
82494l,WOODEN FRAME ANTIQUE WHITE ,2211.6,264,2010-12-03 14:27:00,2011-12-08 10:53:00,46,61,8.377272727272727,2,46,0
82551,LAUNDRY 15C METAL SIGN,4542.889999999999,2918,2010-12-01 14:32:00,2011-12-08 16:30:00,204,351,1.5568505825908154,1,204,2
82552,WASHROOM METAL SIGN,4674.83,3012,2010-12-01 12:22:00,2011-12-09 10:26:00,211,364,1.5520683930942896,1,211,2
82567,"AIRLINE LOUNGE,METAL SIGN",1408.07,711,2010-12-01 09:41:00,2011-12-09 10:03:00,193,291,1.980407876230661,1,193,0
82578,KITCHEN METAL SIGN,1217.8500000000001,2058,2010-12-01 11:21:00,2011-12-08 09:28:00,188,305,0.5917638483965015,2,188,0
82580,BATHROOM METAL SIGN,3473.21,5881,2010-12-01 11:21:00,2011-12-09 10:26:00,264,631,0.5905815337527631,1,264,2
82581,TOILET METAL SIGN,2155.8900000000003,3883,2010-12-01 11:21:00,2011-12-09 10:26:00,228,405,0.5552124645892352,1,228,2
82582,AREA PATROLLED METAL SIGN,8858.79,4365,2010-12-01 17:06:00,2011-12-09 10:03:00,237,437,2.0295051546391756,1,237,2
82583,HOT BATHS METAL SIGN,16946.260000000002,7258,2010-12-01 14:32:00,2011-12-09 10:23:00,234,609,2.3348387985670986,1,234,2
82599,FANNY'S REST STOPMETAL SIGN,1217.73,508,2010-12-01 17:06:00,2011-05-08 12:36:00,76,141,2.3971062992125987,216,76,1
82600,NO SINGING METAL SIGN,12833.18,6013,2010-12-01 13:24:00,2011-12-09 10:26:00,219,545,2.134239148511558,1,219,2
82605,OLD DOC RUSSEL METAL SIGN,29.400000000000002,14,2010-12-12 12:35:00,2011-03-18 11:30:00,3,3,2.1,267,3,1
82613A,"METAL SIGN,CUPCAKE SINGLE HOOK",92.38,71,2010-12-20 16:50:00,2011-07-14 13:41:00,17,18,1.3011267605633803,148,17,1
82613B,"METAL SIGN,CUPCAKE SINGLE HOOK",500.24,583,2010-12-01 14:32:00,2011-12-06 14:23:00,87,111,0.8580445969125214,3,87,0
82613C,"METAL SIGN,CUPCAKE SINGLE HOOK",443.38,537,2010-12-01 14:32:00,2011-12-02 16:39:00,72,96,0.8256610800744879,7,72,0
82613D,METAL SIGN CUPCAKE SINGLE HOOK,534.24,696,2010-12-01 14:32:00,2011-12-06 14:23:00,75,111,0.7675862068965518,3,75,0
82613a,"METAL SIGN,CUPCAKE SINGLE HOOK",2.46,1,2011-06-08 15:26:00,2011-06-08 15:26:00,1,1,2.46,184,1,1
82613b,"METAL SIGN,CUPCAKE SINGLE HOOK",9.94,4,2010-12-21 15:19:00,2011-07-08 13:54:00,3,4,2.485,154,3,1
82613c,"METAL SIGN,CUPCAKE SINGLE HOOK",12.399999999999999,5,2010-12-21 15:19:00,2011-10-26 14:42:00,3,4,2.4799999999999995,44,3,0
82615,PINK MARSHMALLOW SCARF KNITTING KIT,91.8,36,2010-12-01 16:11:00,2010-12-01 16:11:00,1,1,2.55,373,1,1
82616B,FRAPPUCINO SCARF KNITTING KIT,502.74,343,2010-12-03 14:35:00,2011-12-08 09:20:00,62,73,1.4657142857142857,2,62,0
82616C,MIDNIGHT GLAMOUR SCARF KNITTING KIT,501.44,324,2010-12-01 17:06:00,2011-12-08 09:20:00,64,85,1.5476543209876543,2,64,0
84006,MAGIC TREE -PAPER FLOWERS,848.6999999999999,918,2010-12-03 11:19:00,2011-12-08 15:31:00,73,105,0.9245098039215686,1,73,0
84012,MAGIC SHEEP WOOL GROWING FROM PAPER,1283.99,1265,2010-12-09 14:09:00,2011-12-08 19:57:00,76,115,1.0150118577075098,1,76,0
84016,FLAG OF ST GEORGE CAR FLAG,12.16,27,2011-04-27 17:23:00,2011-09-14 16:36:00,2,2,0.45037037037037037,86,2,0
84029E,RED WOOLLY HOTTIE WHITE HEART.,22025.73,4734,2010-12-01 08:26:00,2011-12-09 10:26:00,140,429,4.652667934093789,1,140,2
84029G,KNITTED UNION FLAG HOT WATER BOTTLE,16148.04,3319,2010-12-01 08:26:00,2011-12-09 11:26:00,183,459,4.865332931605906,1,183,2
84030E,ENGLISH ROSE HOT WATER BOTTLE,6414.69,1497,2010-12-01 10:19:00,2011-12-08 19:24:00,158,334,4.28503006012024,1,158,0
84030e,ENGLISH ROSE HOT WATER BOTTLE,877.76,108,2010-12-03 14:27:00,2011-12-08 11:21:00,41,41,8.127407407407407,2,41,0
84031A,CHARLIE+LOLA RED HOT WATER BOTTLE ,1959.91,430,2010-12-01 14:32:00,2011-12-09 11:20:00,104,165,4.55793023255814,1,104,0
84031B,CHARLIE LOLA BLUE HOT WATER BOTTLE ,1435.72,303,2010-12-01 14:32:00,2011-12-09 11:20:00,97,143,4.738349834983499,1,97,0
84031a,CHARLIE+LOLA RED HOT WATER BOTTLE ,16.63,1,2011-10-31 14:41:00,2011-10-31 14:41:00,1,1,16.63,39,1,0
84031b,CHARLIE LOLA BLUE HOT WATER BOTTLE ,16.63,1,2011-10-31 14:41:00,2011-10-31 14:41:00,1,1,16.63,39,1,0
84032A,CHARLIE+LOLA PINK HOT WATER BOTTLE,3384.98,1003,2010-12-01 14:32:00,2011-12-09 11:20:00,155,313,3.374855433698903,1,155,0
84032B,CHARLIE + LOLA RED HOT WATER BOTTLE,2421.59,936,2010-12-01 11:57:00,2011-12-09 11:20:00,129,255,2.5871688034188036,1,129,0
84033,FLAG OF ST GEORGE ,37.95,23,2011-01-18 13:05:00,2011-09-14 16:36:00,7,7,1.6500000000000001,86,7,0
84050,PINK HEART SHAPE EGG FRYING PAN,4753.53,3229,2010-12-01 13:24:00,2011-11-01 10:30:00,147,256,1.4721368844843603,39,147,0
84051,ASS COLOUR GLOWING TIARAS,215.21,281,2010-12-05 13:00:00,2011-12-06 11:58:00,25,25,0.7658718861209964,4,25,0
84077,WORLD WAR 2 GLIDERS ASSTD DESIGNS,13814.009999999998,54951,2010-12-02 10:09:00,2011-12-09 10:03:00,235,535,0.25138778184200467,1,235,2
84078A,SET/4 WHITE RETRO STORAGE CUBES ,16363.300000000001,415,2010-12-06 09:58:00,2011-12-08 09:20:00,114,155,39.42963855421687,2,114,0
84086B,YELLOW/BLUE RETRO RADIO,47.2,16,2011-03-09 12:35:00,2011-12-06 13:20:00,7,7,2.95,3,7,0
84086C,PINK/PURPLE RETRO RADIO,622.27,218,2010-12-01 14:32:00,2011-11-30 13:08:00,41,53,2.8544495412844038,9,41,0
84192,ASSORTED COLOUR METAL CAT ,138.75,111,2010-12-09 11:30:00,2011-12-04 15:00:00,23,25,1.25,5,23,0
84199,GLOW IN DARK DOLPHINS,28.98,138,2010-12-20 15:35:00,2011-12-06 11:58:00,27,31,0.21,4,27,0
84201B,HAPPY BIRTHDAY CARD STRIPEY TEDDY,2.47,13,2011-08-22 13:30:00,2011-11-25 11:54:00,2,2,0.19,15,2,0
84201C,HAPPY BIRTHDAY CARD TEDDY/CAKE,0.95,5,2011-08-28 11:01:00,2011-08-28 11:01:00,1,1,0.19,104,1,0
84206A,3 BLACK CATS W HEARTS BLANK CARD,4.5600000000000005,24,2011-08-22 13:30:00,2011-11-25 11:54:00,3,3,0.19000000000000003,15,3,0
84206B,CAT WITH SUNGLASSES BLANK CARD,0.95,5,2011-11-20 12:34:00,2011-11-20 12:34:00,1,1,0.19,20,1,0
84206C,CHAMPAGNE TRAY BLANK CARD,1.52,8,2011-06-01 12:11:00,2011-11-25 11:54:00,2,2,0.19,15,2,0
84212,"ASSORTED FLOWER COLOUR ""LEIS""",4934.87,10315,2010-12-03 12:24:00,2011-12-06 15:43:00,92,111,0.47841686863790595,3,92,2
84218,BOX/12 CHICK & EGG IN BASKET,223.10999999999999,123,2011-01-05 09:51:00,2011-03-31 11:25:00,29,41,1.81390243902439,254,29,1
84226,HEN HOUSE W FAMILY IN BARN & NEST,36.21,51,2011-01-19 12:38:00,2011-06-08 10:45:00,9,10,0.71,185,9,1
84227,HEN HOUSE W CHICK IN NEST,0.42,1,2011-03-14 15:40:00,2011-03-14 15:40:00,1,1,0.42,270,1,1
84228,HEN HOUSE W CHICK STANDING,124.08999999999999,297,2010-12-06 09:58:00,2011-11-29 08:07:00,25,27,0.4178114478114478,11,25,0
84231,EASTER BUNNY WITH BASKET ON BACK,72.63,108,2011-01-16 16:23:00,2011-11-04 12:05:00,20,20,0.6725,36,20,0
84247E,PACK OF 12 CHRISTMAS FUN CARDS,384.09000000000003,140,2010-12-07 15:39:00,2011-12-01 16:22:00,34,48,2.7435,8,34,0
84247G,"DECOUPAGE,GREETING CARD,",158.63,357,2010-12-02 18:25:00,2011-07-14 13:41:00,30,32,0.44434173669467786,148,30,1
84247K,"FOLK ART GREETING CARD,pack/12",64.9,22,2010-12-03 12:24:00,2011-10-16 16:13:00,9,9,2.95,54,9,0
84247L,FAWN AND MUSHROOM GREETING CARD,62.06,128,2010-12-09 10:04:00,2011-04-19 11:33:00,16,19,0.48484375,235,16,1
84247N,PACK/12 BLUE FOLKART CARDS,64.9,22,2010-12-03 12:24:00,2011-11-27 16:19:00,18,18,2.95,12,18,0
84249A,"GREETING CARD,SQUARE, DOUGHNUTS",80.46,174,2010-12-19 14:58:00,2011-12-09 10:03:00,27,27,0.46241379310344827,1,27,0
84251B,"GREETING CARD, STICKY GORDON",70.78,245,2010-12-07 18:36:00,2011-09-25 16:05:00,41,53,0.28889795918367345,75,41,0
84251C,"GREETING CARD, TWO SISTERS.",53.88,127,2010-12-23 13:26:00,2011-08-04 16:32:00,27,40,0.42425196850393704,127,27,1
84251G,"GREETING CARD, OVERCROWDED POOL.",74.7,270,2010-12-08 14:25:00,2011-12-08 12:29:00,43,53,0.27666666666666667,2,43,0
84270,ASSTD DESIGN BUBBLE GUM RING,3.5700000000000003,17,2010-12-03 11:36:00,2010-12-06 16:57:00,2,4,0.21000000000000002,368,2,1
84279B,CHERRY BLOSSOM DECORATIVE FLASK,774.7,192,2011-02-01 09:36:00,2011-06-17 11:07:00,52,69,4.034895833333334,176,52,1
84279P,CHERRY BLOSSOM  DECORATIVE FLASK,1565.71,377,2010-12-01 14:32:00,2011-12-01 16:22:00,103,126,4.153076923076923,8,103,0
84306,S/3 PINK SQUARE PLANTERS ROSES,88.22,10,2011-02-20 13:21:00,2011-03-22 15:52:00,8,9,8.822,262,8,1
84313B,BLUE TV TRAY TABLE ,518.61,127,2010-12-06 16:57:00,2011-04-01 09:25:00,27,39,4.0835433070866145,253,27,1
84313C,ORANGE TV TRAY TABLE ,1165.9099999999999,504,2010-12-13 15:16:00,2011-06-02 09:38:00,35,43,2.3133134920634917,191,35,1
84341B,SMALL PINK MAGIC CHRISTMAS TREE,282.38,645,2010-12-02 12:16:00,2011-11-15 14:48:00,33,40,0.4377984496124031,24,33,0
84347,ROTATING SILVER ANGELS T-LIGHT HLDR,26425.579999999998,9461,2010-12-01 11:41:00,2011-12-09 12:19:00,141,449,2.793106436951696,1,141,2
84352,SILVER CHRISTMAS TREE BAUBLE STAND ,577.35,34,2010-12-01 14:41:00,2011-09-21 16:15:00,21,23,16.980882352941176,79,21,0
84356,POMPOM CURTAIN,2124.15,424,2010-12-09 16:53:00,2011-12-09 10:46:00,65,82,5.009787735849057,1,65,0
84358,FLOOR LAMP SHADE WOOD BASE,312.7,33,2010-12-05 12:15:00,2011-08-09 12:07:00,13,13,9.475757575757575,123,13,1
84360,TABLE LAMP WHITE SHADE WOOD BASE,434.12,78,2010-12-01 15:37:00,2011-12-05 13:43:00,20,20,5.565641025641026,4,20,0
84375,SET OF 20 KIDS COOKIE CUTTERS,9383.150000000001,4311,2010-12-01 11:41:00,2011-12-09 10:26:00,239,517,2.1765599628856416,1,239,2
84378,SET OF 3 HEART COOKIE CUTTERS,8518.4,6332,2010-12-01 11:29:00,2011-12-09 10:03:00,251,685,1.3452937460518004,1,251,2
84380,SET OF 3 BUTTERFLY COOKIE CUTTERS,8153.56,5799,2010-12-01 11:29:00,2011-12-09 11:34:00,255,688,1.4060286256251078,1,255,2
84387A,BIRD ON BRANCH CANVAS SCREEN,21.45,11,2011-07-21 11:55:00,2011-07-21 11:55:00,1,1,1.95,142,1,1
84388,WISE MAN STAR SHAPE EGG PAN,13.14,24,2010-12-07 14:30:00,2011-04-19 15:02:00,6,6,0.5475,234,6,1
84402B,PURPLE DRESS JEWELLERY STAND,48.19,61,2011-07-19 09:50:00,2011-07-21 16:10:00,2,3,0.7899999999999999,141,2,1
84406B,CREAM CUPID HEARTS COAT HANGER,7653.17,2015,2010-12-01 08:26:00,2011-12-05 14:30:00,166,284,3.7980992555831268,4,166,0
84415A,PINK FLOCK SUEDE CUSHION COVER ,15.0,12,2011-06-08 08:31:00,2011-06-24 12:14:00,2,2,1.25,169,2,1
84415B,BLUE FLOCK CUSHION COVER ,20.0,8,2010-12-08 13:23:00,2011-06-08 08:31:00,3,3,2.5,185,3,1
84422,PINK/BLUE DISC/MIRROR STRING,244.17,566,2010-12-06 16:57:00,2011-09-16 13:13:00,14,15,0.4313957597173145,84,14,0
84429A,MEDIUM PINK BUDDHA HEAD ,182.50000000000003,54,2010-12-06 16:57:00,2011-12-08 19:24:00,20,21,3.37962962962963,1,20,0
84452,METAL RABBIT LADDER EASTER ,62.9,74,2011-02-04 14:14:00,2011-10-20 09:28:00,15,16,0.85,51,15,0
84457,SET/3 RABBITS FLOWER SKIPPPING ROPE,112.55999999999999,126,2010-12-19 14:58:00,2011-11-09 15:09:00,24,26,0.8933333333333332,30,24,0
84459A,PINK METAL CHICKEN HEART ,1058.18,716,2010-12-06 10:08:00,2011-10-30 16:17:00,73,91,1.477905027932961,40,73,0
84459B,YELLOW METAL CHICKEN HEART ,1079.67,721,2010-12-01 17:06:00,2011-04-07 19:05:00,57,91,1.4974618585298198,246,57,1
84461,12 PINK HEN+CHICKS IN BASKET,104.55,41,2011-01-16 16:23:00,2011-04-20 13:59:00,14,14,2.55,233,14,1
84462,3 PINK HEN+CHICKS IN BASKET,15.0,12,2011-01-16 16:23:00,2011-04-14 15:26:00,6,6,1.25,239,6,1
84465,15 PINK FLUFFY CHICKS IN BOX,29.5,10,2011-01-30 10:19:00,2011-11-04 12:05:00,7,7,2.95,36,7,0
84466,TOP SECRET PEN SET,57.5,46,2011-02-23 13:21:00,2011-07-14 13:00:00,9,10,1.25,148,9,1
84497,BUTTONS AND STRIPES NOTEBOOK ,48.75,13,2010-12-07 15:54:00,2011-11-15 14:48:00,7,7,3.75,24,7,0
84499,BLACK FLOWER CANDLE PLATE,5.949999999999999,7,2010-12-21 16:08:00,2011-01-04 11:34:00,2,2,0.8499999999999999,340,2,1
84507B,STRIPES DESIGN MONKEY DOLL,118.72999999999999,39,2010-12-15 13:24:00,2011-09-07 12:41:00,21,22,3.0443589743589743,94,21,0
84507C,BLUE CIRCLES DESIGN MONKEY DOLL,175.73,66,2010-12-03 14:35:00,2011-10-23 11:10:00,26,28,2.6625757575757576,48,26,0
84508A,CAMOUFLAGE DESIGN TEDDY,3448.05,1631,2010-12-01 14:41:00,2011-09-21 09:54:00,34,36,2.1140711220110364,80,34,0
84508B,STRIPES DESIGN TEDDY,142.79999999999998,56,2010-12-05 11:54:00,2011-11-27 16:27:00,26,30,2.55,12,26,0
84508C,BLUE CIRCLES DESIGN TEDDY,154.95,56,2010-12-05 12:44:00,2011-11-17 12:59:00,25,25,2.7669642857142853,22,25,0
84509A,SET OF 4 ENGLISH ROSE PLACEMATS,3417.28,896,2010-12-01 11:21:00,2011-12-08 16:30:00,159,230,3.813928571428572,1,159,0
84509B,SET OF 4 FAIRY CAKE PLACEMATS,806.04,217,2010-12-01 15:08:00,2011-12-08 20:01:00,61,79,3.714470046082949,1,61,0
84509C,SET OF 4 POLKADOT PLACEMATS ,498.94,130,2010-12-06 16:57:00,2011-12-05 17:24:00,45,51,3.838,4,45,0
84509E,SET OF 4 CAROUSEL PLACEMATS ,183.45,91,2010-12-10 09:51:00,2011-12-07 12:55:00,22,23,2.015934065934066,2,22,0
84509G,SET OF 4 FAIRY CAKE PLACEMATS ,950.49,517,2010-12-02 12:16:00,2011-12-08 15:54:00,48,66,1.8384719535783365,1,48,0
84509a,SET OF 4 ENGLISH ROSE PLACEMATS,775.84,104,2011-02-04 13:03:00,2011-12-09 10:26:00,48,68,7.46,1,48,0
84509b,SET OF 4 FAIRY CAKE PLACEMATS,37.3,5,2011-02-02 12:17:00,2011-11-13 11:50:00,4,4,7.459999999999999,27,4,0
84509c,SET OF 4 POLKADOT PLACEMATS ,322.22,43,2010-12-03 11:28:00,2011-12-05 11:58:00,21,27,7.493488372093024,5,21,0
84509g,SET OF 4 FAIRY CAKE PLACEMATS ,14.92,2,2011-05-10 15:04:00,2011-05-10 15:07:00,1,2,7.46,213,1,1
84510A,SET OF 4 ENGLISH ROSE COASTERS,1630.32,1196,2010-12-01 11:21:00,2011-12-09 08:48:00,168,239,1.36314381270903,1,168,0
84510C,SET OF 4 POLKADOT COASTERS,211.32999999999998,132,2010-12-06 16:57:00,2011-12-05 17:24:00,50,54,1.6009848484848483,4,50,0
84510E,SET OF 4 GREEN CAROUSEL COASTERS,48.29,34,2010-12-10 09:51:00,2011-12-06 12:12:00,16,16,1.4202941176470587,4,16,0
84510a,SET OF 4 ENGLISH ROSE COASTERS,130.48,53,2010-12-09 16:27:00,2011-06-28 11:53:00,25,40,2.46188679245283,165,25,1
84510c,SET OF 4 POLKADOT COASTERS,98.7,40,2010-12-07 15:34:00,2011-12-05 11:48:00,19,23,2.4675000000000002,5,19,0
84510e,SET OF 4 GREEN CAROUSEL COASTERS,2.46,1,2011-04-15 10:41:00,2011-04-15 10:41:00,1,1,2.46,239,1,1
84519A,TOMATO CHARLIE+LOLA COASTER SET,905.55,512,2010-12-01 09:37:00,2011-12-09 11:34:00,70,88,1.76865234375,1,70,0
84519B,CARROT CHARLIE+LOLA COASTER SET,773.3,471,2010-12-02 13:14:00,2011-12-09 11:34:00,91,126,1.6418259023354564,1,91,0
84520B,PACK 20 ENGLISH ROSE PAPER NAPKINS,508.36999999999995,554,2010-12-01 17:06:00,2011-03-03 16:22:00,46,80,0.9176353790613717,281,46,1
84522,PINK PARTY SUNGLASSES,36.76,20,2010-12-06 12:15:00,2011-11-22 13:25:00,12,12,1.8379999999999999,17,12,0
84527,FLAMES SUNGLASSES PINK LENSES,95.1,52,2011-01-21 17:14:00,2011-11-25 11:20:00,8,8,1.8288461538461538,15,8,0
84531A,PINK KNITTED EGG COSY,76.69,147,2010-12-05 16:24:00,2011-04-18 13:49:00,18,29,0.5217006802721088,235,18,1
84531B,BLUE KNITTED EGG COSY,85.61,155,2010-12-05 16:24:00,2011-04-18 13:49:00,20,28,0.5523225806451613,235,20,1
84534B,FAIRY CAKE NOTEBOOK A5 SIZE,50.72,53,2010-12-01 14:32:00,2011-01-20 12:16:00,7,10,0.9569811320754716,324,7,1
84534b,FAIRY CAKE NOTEBOOK A5 SIZE,3.32,2,2010-12-03 11:28:00,2010-12-21 15:23:00,2,2,1.66,353,2,1
84535A,ENGLISH ROSE NOTEBOOK A6 SIZE,186.56,399,2011-03-10 15:52:00,2011-05-08 13:32:00,16,21,0.4675689223057644,215,16,1
84535B,FAIRY CAKES NOTEBOOK A6 SIZE,850.2,1332,2010-12-01 14:32:00,2011-12-08 09:28:00,117,155,0.6382882882882883,2,117,0
84536A,ENGLISH ROSE NOTEBOOK A7 SIZE,1409.8999999999999,3138,2010-12-01 14:32:00,2011-12-08 15:03:00,202,341,0.44929891650732945,1,202,2
84536B,FAIRY CAKES NOTEBOOK A7 SIZE,888.14,2102,2010-12-01 14:32:00,2011-12-06 16:26:00,127,178,0.42252140818268313,3,127,0
84536a,ENGLISH ROSE NOTEBOOK A7 SIZE,11.060000000000002,14,2011-02-08 12:13:00,2011-11-20 13:58:00,4,4,0.7900000000000001,19,4,0
84536b,FAIRY CAKES NOTEBOOK A7 SIZE,4.050000000000001,5,2010-12-09 16:26:00,2010-12-09 16:26:00,1,1,0.8100000000000002,365,1,1
84539,KNITTED RABBIT DOLL ,42.9,26,2010-12-03 12:01:00,2011-07-10 12:03:00,2,2,1.65,153,2,1
84548,CROCHET BEAR RED/BLUE  KEYRING,36.3,22,2011-03-24 13:16:00,2011-07-08 16:26:00,4,4,1.65,154,4,1
84549,CROCHET WHITE RABBIT KEYRING ,69.38,38,2011-03-31 16:43:00,2011-11-08 18:41:00,7,7,1.8257894736842104,31,7,0
84550,CROCHET LILAC/RED BEAR KEYRING,1.65,1,2011-11-25 14:02:00,2011-11-25 14:02:00,1,1,1.65,14,1,0
84551,CROCHET DOG KEYRING,21.449999999999996,13,2011-06-14 13:15:00,2011-10-06 15:58:00,2,2,1.6499999999999997,64,2,0
84558A,3D DOG PICTURE PLAYING CARDS,987.4100000000001,333,2010-12-01 12:31:00,2011-12-05 11:49:00,68,81,2.9651951951951956,5,68,0
84558a,3D DOG PICTURE PLAYING CARDS,29.310000000000002,5,2010-12-07 15:34:00,2011-12-09 10:26:00,5,5,5.862,1,5,0
84559A,3D SHEET OF DOG STICKERS,375.60999999999996,397,2010-12-01 17:06:00,2011-12-09 10:03:00,78,94,0.9461209068010075,1,78,0
84559B,3D SHEET OF CAT STICKERS,217.29,237,2010-12-01 17:06:00,2011-11-02 13:50:00,43,55,0.9168354430379746,37,43,0
84559a,3D SHEET OF DOG STICKERS,48.379999999999995,29,2010-12-03 11:28:00,2011-06-27 09:12:00,16,22,1.6682758620689653,166,16,1
84559b,3D SHEET OF CAT STICKERS,38.33,23,2010-12-07 15:33:00,2011-09-20 14:46:00,16,20,1.6665217391304348,80,16,0
84562A,PINK/WHITE RIBBED MELAMINE JUG,23.85,3,2010-12-03 15:19:00,2011-02-20 13:18:00,3,3,7.95,292,3,1
84563A,PINK & WHITE BREAKFAST TRAY,369.84000000000003,96,2010-12-01 12:49:00,2011-05-17 10:57:00,29,35,3.8525000000000005,207,29,1
84563B,BLUE & WHITE BREAKFAST TRAY,346.3,94,2010-12-05 13:55:00,2011-06-19 12:23:00,31,38,3.6840425531914893,174,31,1
84568,GIRLS ALPHABET IRON ON PATCHES ,2678.33,12442,2010-12-06 09:58:00,2011-12-09 10:03:00,106,147,0.21526523067031023,1,106,2
84569A,PACK 3 IRON ON DOG PATCHES,355.84,294,2010-12-06 12:44:00,2011-12-05 17:28:00,52,65,1.2103401360544217,4,52,0
84569B,PACK 3 FIRE ENGINE/CAR PATCHES,118.4,85,2010-12-01 13:04:00,2011-03-22 09:30:00,18,19,1.3929411764705883,263,18,1
84569C,PACK 4 FLOWER/BUTTERFLY PATCHES,1.25,1,2011-03-25 13:54:00,2011-03-25 13:54:00,1,1,1.25,259,1,1
84569D,PACK 6 HEART/ICE-CREAM PATCHES,560.62,467,2010-12-05 12:43:00,2011-12-09 10:03:00,73,98,1.2004710920770878,1,73,0
84575A,PINK DOG CANNISTER,39.3,14,2010-12-13 15:16:00,2011-04-19 14:49:00,4,4,2.807142857142857,234,4,1
84576,BLUE CAT BISCUIT BARREL PINK HEART,148.32,66,2011-04-04 16:01:00,2011-07-20 10:08:00,15,17,2.247272727272727,143,15,1
84580,MOUSE TOY WITH PINK T-SHIRT,1482.43,389,2010-12-01 14:32:00,2011-12-08 09:28:00,113,165,3.8108740359897175,2,113,0
84581,DOG TOY WITH PINK CROCHET SKIRT,709.71,187,2010-12-01 14:32:00,2011-12-04 15:35:00,75,90,3.79524064171123,5,75,0
84584,PINK GINGHAM CAT WITH SCARF,314.51,144,2010-12-13 11:21:00,2011-07-10 13:46:00,26,30,2.1840972222222224,152,26,1
84592,CROCHET ROSE PURSE WITH SUEDE BACK,241.24000000000004,76,2011-01-20 10:47:00,2011-11-30 14:41:00,22,22,3.17421052631579,9,22,0
84593,CROCHET ROSE DES CLOTHES HANGER,14.750000000000002,5,2011-03-07 17:30:00,2011-03-07 17:30:00,1,1,2.95,277,1,1
84595E,LARGE TORTILLA DESIGN RED BOWL,154.67999999999998,78,2010-12-10 11:33:00,2011-08-02 16:11:00,22,22,1.9830769230769227,129,22,1
84596B,SMALL DOLLY MIX DESIGN ORANGE BOWL,2547.42,5023,2010-12-06 12:23:00,2011-12-09 10:03:00,232,522,0.50715110491738,1,232,2
84596E,SMALL LICORICE DES PINK BOWL,411.68,564,2010-12-01 12:43:00,2011-04-01 11:46:00,46,79,0.7299290780141844,253,46,1
84596F,SMALL MARSHMALLOWS PINK BOWL,1943.62,3732,2010-12-05 15:15:00,2011-12-09 10:03:00,224,435,0.5207984994640943,1,224,2
84596G,SMALL CHOCOLATES PINK BOWL,949.0799999999999,1855,2010-12-05 12:13:00,2011-12-08 15:31:00,165,245,0.5116334231805929,1,165,0
84596J,MIXED NUTS LIGHT GREEN BOWL,296.45,568,2010-12-01 17:06:00,2011-05-23 09:43:00,55,68,0.521919014084507,201,55,1
84596L,BISCUITS SMALL BOWL LIGHT BLUE,629.38,1254,2010-12-05 15:15:00,2011-09-18 12:21:00,109,172,0.5018979266347687,83,109,0
84596b,SMALL DOLLY MIX DESIGN ORANGE BOWL,17.57,7,2010-12-07 15:34:00,2010-12-21 15:20:00,2,5,2.5100000000000002,353,2,1
84596e,SMALL LICORICE DES PINK BOWL,25.099999999999998,10,2010-12-03 11:28:00,2010-12-14 15:56:00,4,6,2.51,360,4,1
84596f,SMALL MARSHMALLOWS PINK BOWL,39.36,16,2011-02-17 10:31:00,2011-12-05 11:48:00,10,12,2.46,5,10,0
84596g,SMALL CHOCOLATES PINK BOWL,7.38,3,2011-02-17 10:34:00,2011-02-17 10:34:00,1,1,2.46,296,1,1
84596l,BISCUITS SMALL BOWL LIGHT BLUE,2.46,1,2011-05-26 10:44:00,2011-05-26 10:44:00,1,1,2.46,198,1,1
84597B,RETRO BROWN BALL ASHTRAY ,51.25,41,2010-12-14 13:35:00,2011-06-19 11:10:00,5,5,1.25,174,5,1
84597C,RETRO PINK BALL ASHTRAY ,57.5,46,2010-12-05 15:12:00,2011-06-02 19:50:00,13,13,1.25,190,13,1
84598,BOYS ALPHABET IRON ON PATCHES,546.04,1975,2010-12-01 14:32:00,2011-12-09 10:03:00,84,99,0.2764759493670886,1,84,0
84600,NEW BAROQUE JEWELLERY BOX ,446.89,53,2010-12-17 14:49:00,2011-12-08 19:24:00,24,25,8.43188679245283,1,24,0
84609,TALL ROCOCO CANDLE HOLDER,770.59,93,2010-12-01 17:06:00,2011-12-05 16:05:00,19,20,8.285913978494625,4,19,0
84613A,PINK NEW BAROQUE FLOCK CANDLESTICK,27.900000000000002,6,2010-12-16 12:42:00,2011-02-02 17:06:00,3,3,4.65,310,3,1
84613C,BLUE NEW BAROQUE FLOCK CANDLESTICK,4.65,1,2010-12-08 12:35:00,2010-12-08 12:35:00,1,1,4.65,367,1,1
84614A,PINK BAROQUE FLOCK CANDLE HOLDER,11.9,2,2010-12-03 15:45:00,2010-12-03 15:45:00,1,1,5.95,371,1,1
84616,SILVER ROCCOCO CHANDELIER,504.32,14,2010-12-14 14:54:00,2011-11-22 08:26:00,8,9,36.02285714285714,18,8,0
84617,NEW BAROQUE BLACK BOXES,38.25,3,2011-01-09 15:13:00,2011-11-14 15:41:00,3,3,12.75,25,3,0
84620,BLUE GINGHAM ROSE CUSHION COVER,11.9,2,2010-12-15 14:12:00,2010-12-15 14:12:00,1,1,5.95,359,1,1
84625A,PINK NEW BAROQUECANDLESTICK CANDLE,605.48,478,2010-12-01 11:21:00,2011-12-07 15:52:00,38,42,1.2666945606694562,2,38,0
84625C,BLUE NEW BAROQUE CANDLESTICK CANDLE,536.41,449,2010-12-01 11:21:00,2011-10-03 16:04:00,30,35,1.1946770601336303,67,30,0
84629,WHITE 3 FRAME BIRDS AND TREE ,150.0,20,2011-05-01 13:45:00,2011-07-26 12:00:00,9,10,7.5,137,9,1
84631,FRUIT TREE AND BIRDS WALL PLAQUE,340.58,40,2010-12-10 13:06:00,2011-06-30 15:56:00,20,24,8.5145,162,20,1
84632,DECORATIVE HANGING SHELVING UNIT,359.70000000000005,6,2011-01-25 09:01:00,2011-07-21 18:08:00,5,5,59.95000000000001,141,5,1
84637,KITCHEN FLOWER POTS WALL PLAQUE,619.59,116,2010-12-06 10:08:00,2011-09-23 14:49:00,67,83,5.341293103448276,77,67,0
84638,SMALL KITCHEN FLOWER POTS PLAQUE,331.5,50,2010-12-10 11:19:00,2011-10-20 12:43:00,30,37,6.63,51,30,0
84658,WHITE STITCHED CUSHION COVER,412.23,57,2010-12-01 17:06:00,2011-12-06 13:20:00,21,22,7.232105263157895,3,21,0
84659A,WHITE TRAVEL ALARM CLOCK,676.27,280,2010-12-01 17:06:00,2011-11-21 10:35:00,58,89,2.41525,19,58,0
84660A,WHITE STITCHED WALL CLOCK,783.45,843,2010-12-14 12:59:00,2011-10-03 16:46:00,39,42,0.9293594306049823,67,39,0
84660B,BLACK STITCHED WALL CLOCK,733.28,707,2010-12-12 13:56:00,2011-09-01 14:26:00,36,40,1.037171145685997,99,36,0
84660C,PINK STITCHED WALL CLOCK,693.32,661,2010-12-03 11:36:00,2011-09-08 11:56:00,39,45,1.0488956127080182,93,39,0
84660a,WHITE STITCHED WALL CLOCK,29.84,4,2011-06-02 11:02:00,2011-06-21 16:36:00,2,2,7.46,171,2,1
84660b,BLACK STITCHED WALL CLOCK,15.08,2,2010-12-09 16:31:00,2011-09-07 12:44:00,2,2,7.54,94,2,0
84660c,PINK STITCHED WALL CLOCK,134.92,18,2010-12-07 15:33:00,2011-08-11 10:14:00,15,16,7.495555555555555,121,15,1
84661A,WHITE SQUARE TABLE CLOCK,167.79,104,2011-01-06 14:27:00,2011-12-08 09:28:00,17,20,1.6133653846153846,2,17,0
84661B,BLACK SQUARE TABLE CLOCK,300.24,115,2010-12-03 11:36:00,2011-12-08 09:28:00,25,29,2.610782608695652,2,25,0
84661C,PINK SQUARE TABLE CLOCK,104.84,71,2011-01-10 09:43:00,2011-12-06 13:45:00,12,14,1.4766197183098593,3,12,0
84661a,WHITE SQUARE TABLE CLOCK,4.96,1,2011-05-17 15:37:00,2011-05-17 15:37:00,1,1,4.96,206,1,1
84661b,BLACK SQUARE TABLE CLOCK,4.96,1,2011-10-17 09:55:00,2011-10-17 09:55:00,1,1,4.96,54,1,0
84663A,GRASS HOPPER WOODEN WALL CLOCK ,374.12,272,2010-12-01 17:06:00,2011-11-20 14:04:00,32,34,1.3754411764705883,19,32,0
84665,SQUARE CHERRY BLOSSOM CABINET,624.75,105,2010-12-07 09:21:00,2011-11-08 13:22:00,17,17,5.95,31,17,0
84666,SQUARE CHERRY BLOSSOM CABINET,94.80000000000001,24,2010-12-14 15:13:00,2011-04-19 14:49:00,4,4,3.9500000000000006,234,4,1
84673A,PINK FLY SWAT,63.720000000000006,92,2010-12-14 16:23:00,2011-11-24 15:02:00,35,43,0.692608695652174,15,35,0
84673B,BLUE FLY SWAT,156.63,179,2010-12-03 11:36:00,2011-12-05 17:17:00,59,66,0.8750279329608939,4,59,0
84674,FLYING PIG WATERING CAN,466.95000000000005,193,2010-12-02 10:39:00,2011-12-05 17:36:00,44,47,2.419430051813472,4,44,0
84675,FROG KING WATERING CAN,26.55,9,2011-01-16 16:25:00,2011-01-17 13:23:00,2,2,2.95,326,2,1
84678,CLASSICAL ROSE SMALL VASE,247.04,142,2010-12-01 12:12:00,2011-03-23 10:15:00,13,13,1.7397183098591549,262,13,1
84679,CLASSICAL ROSE TABLE LAMP,55.7,6,2011-06-21 11:47:00,2011-12-06 11:28:00,2,2,9.283333333333333,4,2,0
84683,CLASSICAL ROSE CANDLESTAND,162.20000000000002,194,2010-12-02 14:26:00,2011-05-03 13:52:00,10,12,0.8360824742268043,220,10,1
84685,BEACH HUT KEY CABINET,177.33,34,2010-12-01 14:41:00,2011-05-22 11:34:00,20,21,5.215588235294118,202,20,1
84686,BEACH HUT MIRROR,66.39,49,2011-04-04 12:55:00,2011-07-10 16:18:00,8,8,1.3548979591836734,152,8,1
84687,BEACH HUT SHELF W 3 DRAWERS,504.43,81,2011-02-23 15:58:00,2011-11-13 16:24:00,26,31,6.227530864197531,26,26,0
84688,BEACH HUT DESIGN BLACKBOARD,203.07,41,2010-12-10 14:59:00,2011-05-12 16:52:00,12,15,4.952926829268293,211,12,1
84689,S/2 BEACH HUT TREASURE CHESTS,9.95,3,2011-04-12 12:16:00,2011-05-04 12:29:00,2,2,3.3166666666666664,220,2,1
84691,PACK 20 DOLLY PEGS,174.5,242,2011-02-21 10:41:00,2011-05-31 09:38:00,4,4,0.7210743801652892,193,4,1
84692,BOX OF 24 COCKTAIL PARASOLS,4327.38,7903,2010-12-01 13:24:00,2011-12-09 12:31:00,259,583,0.5475616854359104,1,259,2
84705C,PINK FLOCK PHOTO FRAME ,15.0,12,2011-05-03 13:52:00,2011-05-03 13:52:00,1,1,1.25,220,1,1
84706D,CHERRY BLOSSOM TABLE CLOCK ,29.599999999999998,8,2010-12-08 15:59:00,2011-05-22 11:29:00,4,4,3.6999999999999997,202,4,1
84706F,RED PEONY TABLE CLOCK,47.2,16,2011-07-10 11:19:00,2011-11-27 13:00:00,10,10,2.95,12,10,0
84707A,SILVER JEWELLED MIRROR TRINKET TRAY,695.23,95,2010-12-06 16:58:00,2011-12-08 15:31:00,38,45,7.31821052631579,1,38,0
84707B,PINK JEWELLED MIRROR TRINKET TRAY,210.54999999999998,34,2010-12-05 16:41:00,2011-12-08 15:54:00,17,18,6.192647058823529,1,17,0
84708B,PINK JEWELLED PHOTO FRAME ,326.35,62,2011-02-02 12:26:00,2011-12-07 13:12:00,19,19,5.263709677419355,2,19,0
84709B,PINK OVAL JEWELLED MIRROR,119.0,20,2010-12-01 11:21:00,2011-06-26 13:45:00,11,11,5.95,166,11,1
84711A,SILVER OVAL SHAPE TRINKET BOX,221.79999999999998,25,2010-12-06 12:06:00,2011-12-04 12:29:00,16,17,8.872,6,16,0
84711B,PINK OVAL SHAPE TRINKET BOX,186.64,20,2010-12-13 16:46:00,2011-12-07 13:12:00,13,13,9.331999999999999,2,13,0
84712B,PINK JEWELLED PHOTO FRAME,231.56,30,2010-12-06 09:58:00,2011-11-30 17:37:00,20,20,7.718666666666667,9,20,0
84715,SET OF 6 ICE CREAM SKITTLES,47.2,16,2011-01-30 14:05:00,2011-04-13 13:47:00,3,3,2.95,240,3,1
84723,CHERRY BLOSSOM CANVAS ART PICTURE,97.95,41,2011-02-02 14:37:00,2011-08-08 14:37:00,6,6,2.3890243902439026,123,6,1
84725,FREESTYLE CANVAS ART PICTURE,39.65,41,2010-12-07 12:29:00,2011-09-22 17:19:00,17,18,0.9670731707317073,78,17,0
84731,3 BIRDS CANVAS SCREEN,2.04,2,2011-04-15 16:11:00,2011-07-31 15:00:00,2,2,1.02,131,2,1
84732B,CUTE BIRD CEATURE SCREEN,8.58,22,2011-07-20 13:06:00,2011-08-18 20:05:00,2,2,0.39,113,2,1
84732D,CUTE RABBIT CEATURE SCREEN ,4.29,11,2011-07-20 13:06:00,2011-08-18 20:05:00,2,2,0.39,113,2,1
84741C,CITRUS GARLAND FELT FLOWERS ,117.0,60,2011-01-07 14:31:00,2011-04-27 14:01:00,13,14,1.95,226,13,1
84743C,ORANGE FELT VASE + FLOWERS,1.25,1,2011-03-31 13:14:00,2011-03-31 13:14:00,1,1,1.25,253,1,1
84744,S/6 SEW ON CROCHET FLOWERS,140.02,110,2010-12-01 11:21:00,2011-11-15 17:26:00,18,20,1.272909090909091,24,18,0
84745A,PINK HANGING GINGHAM EASTER HEN,13.44,32,2011-01-13 13:36:00,2011-04-27 12:08:00,5,5,0.42,227,5,1
84745B,BLUE HANGING GINGHAM EASTER HEN,13.44,32,2011-01-13 13:36:00,2011-04-27 12:08:00,5,5,0.42,227,5,1
84746,PINK EASTER HENS+FLOWER,38.31,14,2011-06-29 15:58:00,2011-07-20 16:12:00,9,9,2.7364285714285717,142,9,1
84748,FOLK FELT HANGING MULTICOL GARLAND,570.86,204,2010-12-10 09:51:00,2011-11-29 16:33:00,41,61,2.7983333333333333,10,41,0
84750A,PINK SMALL GLASS CAKE STAND,46.8,24,2011-03-20 10:13:00,2011-03-20 10:13:00,1,1,1.95,265,1,1
84750B,BLACK SMALL GLASS CAKE STAND,54.99,61,2010-12-16 13:21:00,2011-04-19 14:49:00,12,12,0.9014754098360656,234,12,1
84751B,BLACK MEDIUM GLASS CAKE STAND,37.11,17,2010-12-15 13:24:00,2011-04-08 10:20:00,7,8,2.1829411764705884,246,7,1
84754,S/15 SILVER GLASS BAUBLES IN BAG,725.52,558,2010-12-01 12:15:00,2011-09-23 13:11:00,42,62,1.300215053763441,77,42,0
84755,COLOUR GLASS T-LIGHT HOLDER HANGING,10487.050000000001,16401,2010-12-01 09:53:00,2011-12-09 10:03:00,248,621,0.6394152795561246,1,248,2
84760S,SMALL HANGING GLASS+ZINC LANTERN,62.349999999999994,43,2010-12-01 15:37:00,2011-05-12 20:13:00,8,8,1.45,211,8,1
84763,ZINC FINISH 15CM PLANTER POTS,748.34,601,2010-12-02 13:11:00,2011-05-27 14:01:00,48,57,1.2451580698835274,196,48,1
84766,SILVER ROCOCO CANDLE STICK,340.7,146,2010-12-13 15:46:00,2011-11-03 19:28:00,12,14,2.3335616438356164,36,12,0
84773,RED ROSE AND LACE C/COVER,8.850000000000001,3,2010-12-05 14:25:00,2010-12-05 14:25:00,1,1,2.9500000000000006,369,1,1
84789,ENCHANTED BIRD PLANT CAGE,640.72,186,2010-12-06 09:58:00,2011-07-21 14:52:00,40,48,3.444731182795699,141,40,1
84792,ENCHANTED BIRD COATHANGER 5 HOOK,3974.32,833,2010-12-02 10:09:00,2011-12-08 14:38:00,165,241,4.77109243697479,1,165,0
84795B,SUNSET CHECK HAMMOCK,1390.64,176,2010-12-05 16:41:00,2011-11-08 09:07:00,44,48,7.901363636363637,32,44,0
84795C,OCEAN STRIPE HAMMOCK ,15.9,2,2011-01-31 15:27:00,2011-01-31 15:27:00,1,1,7.95,312,1,1
84795b,SUNSET CHECK HAMMOCK,266.78,16,2010-12-21 15:19:00,2011-11-30 14:11:00,11,14,16.67375,9,11,0
84796A,PINK HAWAIIAN PICNIC HAMPER FOR 2,568.13,61,2011-02-21 18:10:00,2011-12-02 14:26:00,37,43,9.31360655737705,7,37,0
84796B,BLUE SAVANNAH PICNIC HAMPER FOR 2,2393.5899999999997,256,2011-01-17 17:48:00,2011-11-08 09:29:00,84,124,9.349960937499999,32,84,0
84796a,PINK HAWAIIAN PICNIC HAMPER FOR 2,141.10999999999999,17,2010-12-14 15:52:00,2011-08-24 09:36:00,12,12,8.300588235294116,108,12,0
84798A,PINK FOXGLOVE ARTIIFCIAL FLOWER,58.64999999999999,23,2011-03-01 12:46:00,2011-09-28 15:18:00,4,4,2.55,72,4,0
84798B,PURPLE FOXGLOVE ARTIIFCIAL FLOWER,28.049999999999997,11,2011-02-14 12:11:00,2011-03-22 13:54:00,3,3,2.55,262,3,1
84799,SPRIG LAVENDER ARTIFICIAL FLOWER,160.48,224,2010-12-10 13:06:00,2011-04-14 10:42:00,10,10,0.7164285714285714,240,10,1
84800L,LARGE WHITE/PINK ROSE ART FLOWER,639.36,360,2010-12-19 14:03:00,2011-06-03 17:07:00,22,22,1.776,189,22,1
84800M,MEDIUM WHITE/PINK ROSE ART FLOWER,174.31,127,2010-12-19 14:03:00,2011-08-28 12:06:00,11,11,1.3725196850393702,104,11,0
84800S,SMALL WHITE/PINK ROSE ART FLOWER,120.07000000000001,107,2011-01-20 12:04:00,2011-09-11 14:09:00,9,9,1.1221495327102804,89,9,0
84801A,PINK HYDRANGEA ART FLOWER,96.60000000000001,46,2011-01-20 09:25:00,2011-11-23 11:47:00,5,5,2.1,17,5,0
84801B,WHITE HYDRANGEA ART FLOWER,46.2,22,2011-02-01 12:25:00,2011-04-06 14:23:00,3,3,2.1,247,3,1
84802A,WHITE ANEMONE ARTIFICIAL FLOWER,3.38,2,2010-12-19 14:03:00,2010-12-19 14:03:00,1,1,1.69,355,1,1
84802B,PURPLE ANEMONE ARTIFICIAL FLOWER,6.76,4,2011-03-01 12:46:00,2011-03-01 12:46:00,1,1,1.69,284,1,1
84803A,PINK ALLIUM  ARTIFICIAL FLOWER,5.07,3,2011-02-14 12:11:00,2011-02-14 12:11:00,1,1,1.6900000000000002,299,1,1
84803B,WHITE ALLIUM  ARTIFICIAL FLOWER,28.73,17,2011-03-01 12:46:00,2011-08-10 13:41:00,3,4,1.69,121,3,1
84804A,CREAM DELPHINIUM ARTIFICIAL FLOWER,180.58,70,2010-12-19 14:03:00,2011-12-06 11:28:00,8,8,2.579714285714286,4,8,0
84804B,BLUE DELPHINIUM ARTIFICIAL FLOWER,188.37000000000003,99,2011-05-19 09:38:00,2011-12-07 15:16:00,6,6,1.902727272727273,2,6,0
84805A,CREAM CLIMBING HYDRANGA ART FLOWER,60.0,32,2011-02-01 12:25:00,2011-12-06 11:28:00,4,4,1.875,4,4,0
84805B,BLUE CLIMBING HYDRANGA ART FLOWER,52.5,38,2011-09-16 14:04:00,2011-12-07 15:16:00,3,3,1.381578947368421,2,3,0
84806A,PINK CANDYSTUFT ARTIFICIAL FLOWER,96.88999999999999,137,2010-12-19 14:03:00,2011-12-07 15:16:00,9,11,0.7072262773722626,2,9,0
84806B,WHITE CANDYSTUFT ARTIFICIAL FLOWER,411.55999999999995,308,2011-01-17 14:40:00,2011-12-06 11:28:00,20,20,1.336233766233766,4,20,0
84809A,WHITE CHRYSANTHEMUMS ART FLOWER,115.50000000000001,55,2010-12-05 16:24:00,2011-06-01 17:18:00,7,8,2.1,191,7,1
84809B,PINK CHRYSANTHEMUMS ART FLOWER,37.800000000000004,18,2011-02-25 10:53:00,2011-02-25 10:53:00,1,1,2.1,288,1,1
84813,SET OF 4 DIAMOND NAPKIN RINGS,1393.79,166,2010-12-06 09:58:00,2011-12-06 15:10:00,29,38,8.396325301204818,3,29,0
84816,DANISH ROSE BEDSIDE CABINET,519.35,13,2010-12-13 10:24:00,2011-08-19 15:18:00,10,10,39.95,112,10,0
84817,DANISH ROSE DECORATIVE PLATE,710.64,951,2010-12-14 10:43:00,2011-12-08 15:54:00,46,55,0.7472555205047319,1,46,0
84818,DANISH ROSE PHOTO FRAME,1460.81,1423,2010-12-09 14:55:00,2011-10-30 16:15:00,79,99,1.0265706254392128,40,79,0
84819,DANISH ROSE ROUND SEWING BOX,951.79,811,2010-12-05 10:52:00,2011-12-09 09:07:00,41,62,1.173600493218249,1,41,0
84820,DANISH ROSE TRINKET TRAYS,483.05,259,2010-12-10 11:19:00,2011-12-08 15:54:00,27,31,1.8650579150579152,1,27,0
84821,DANISH ROSE DELUXE COASTER,407.15,935,2010-12-10 11:19:00,2011-12-08 15:54:00,35,40,0.4354545454545454,1,35,0
84823,DANISH ROSE FOLDING CHAIR,890.4000000000001,112,2010-12-13 15:44:00,2011-02-07 13:15:00,12,25,7.950000000000001,305,12,1
84824,DANISH ROSE UMBRELLA STAND,31.9,2,2011-06-09 16:16:00,2011-11-20 15:35:00,2,2,15.95,19,2,0
84826,ASSTD DESIGN 3D PAPER STICKERS,389.38,1162,2010-12-02 10:27:00,2011-12-07 13:35:00,24,31,0.3350946643717728,2,24,0
84827,ASS DES PHONE SPONGE CRAFT STICKER,153.09,509,2010-12-05 11:10:00,2011-12-05 12:30:00,11,14,0.3007662082514735,5,11,0
84828,JUNGLE POPSICLES ICE LOLLY MOULDS,1536.3600000000001,1099,2010-12-01 17:06:00,2011-12-09 10:03:00,124,182,1.3979617834394906,1,124,0
84832,ZINC WILLIE WINKIE  CANDLE STICK,2712.7,2933,2010-12-01 09:41:00,2011-12-09 12:31:00,164,268,0.9248891919536311,1,164,0
84836,ZINC METAL HEART DECORATION,7418.07,5937,2010-12-01 12:15:00,2011-12-08 14:38:00,251,535,1.2494643759474482,1,251,2
84840,SWEETHEART CARRY-ALL BASKET,76.44,6,2010-12-06 16:57:00,2011-03-25 12:21:00,6,6,12.74,260,6,1
84842,HELLO SAILOR BATHROOM SET,52.5,14,2011-03-14 11:44:00,2011-11-27 11:57:00,9,9,3.75,13,9,0
84843,WHITE SOAP RACK WITH 2 BOTTLES,969.8000000000001,172,2010-12-09 16:08:00,2011-12-07 17:05:00,45,48,5.638372093023256,2,45,0
84846A,SCENTED CANDLE IN DIGITALIS TIN,126.04000000000002,56,2010-12-02 12:18:00,2011-10-10 14:37:00,13,13,2.250714285714286,60,13,0
84847,FLORAL BATHROOM SET,75.0,20,2011-01-27 15:36:00,2011-08-01 17:37:00,11,11,3.75,130,11,1
84849A,HELLO SAILOR BLUE SOAP HOLDER,344.34000000000003,180,2010-12-03 14:04:00,2011-11-24 15:05:00,48,53,1.9130000000000003,15,48,0
84849B,FAIRY SOAP SOAP HOLDER,478.83,266,2010-12-01 12:22:00,2011-07-20 12:58:00,55,76,1.8001127819548872,142,55,1
84849D,HOT BATHS SOAP HOLDER,859.0,494,2010-12-03 14:30:00,2011-12-01 19:42:00,93,114,1.7388663967611335,8,93,0
84854,GIRLY PINK TOOL SET,24.75,5,2010-12-01 09:41:00,2010-12-01 09:41:00,1,1,4.95,374,1,1
84856L,LARGE TAHITI BEACH BAG,17.82,2,2010-12-01 17:06:00,2011-03-18 11:22:00,2,2,8.91,267,2,1
84856S,SMALL TAHITI BEACH BAG,18.6,4,2011-03-30 12:04:00,2011-03-30 12:04:00,1,1,4.65,255,1,1
84857B,BLUE MONTE CARLO HANDBAG,46.8,24,2011-07-21 16:10:00,2011-07-21 16:10:00,1,1,1.95,141,1,1
84857C,PINK MONTE CARLO HANDBAG,232.32999999999998,98,2010-12-17 14:49:00,2011-07-04 15:46:00,10,10,2.3707142857142856,158,10,1
84858C,PINK RIVIERA HANDBAG,261.68,186,2011-02-22 16:28:00,2011-04-13 11:48:00,6,6,1.4068817204301076,241,6,1
84859A,SILVER DISCO HANDBAG,272.99,129,2010-12-16 19:19:00,2011-12-08 16:30:00,34,35,2.116201550387597,1,34,0
84859B,BLUE DISCO HANDBAG,64.81,31,2011-05-06 13:43:00,2011-12-08 16:30:00,11,11,2.0906451612903227,1,11,0
84859C,PINK DISCO HANDBAG,180.51999999999998,84,2011-02-15 14:19:00,2011-12-05 12:28:00,21,22,2.149047619047619,5,21,0
84865,NEW BAROQUE BLACK PHOTO ALBUM,146.21,27,2010-12-03 15:19:00,2011-07-01 13:02:00,14,14,5.4151851851851855,161,14,1
84870B,BLUE GEISHA GIRL ,146.07999999999998,44,2010-12-01 15:35:00,2011-11-24 09:26:00,23,25,3.32,16,23,0
84870C,GREEN GEISHA GIRL ,146.05,46,2010-12-01 15:35:00,2011-10-30 13:06:00,23,28,3.1750000000000003,40,23,0
84872A,TEATIME FUNKY FLOWER BACKPACK FOR 2,450.08,40,2011-02-18 16:12:00,2011-07-26 13:57:00,21,32,11.251999999999999,136,21,1
84872a,TEATIME FUNKY FLOWER BACKPACK FOR 2,282.15,26,2010-12-03 11:13:00,2011-04-26 09:50:00,12,21,10.851923076923075,228,12,1
84873A,FUNKY FLOWER PICNIC BAG FOR 4,33.9,2,2011-05-17 14:46:00,2011-06-01 17:42:00,2,2,16.95,191,2,1
84874B,BLUE TRAVEL FIRST AID KIT,67.50999999999999,41,2010-12-05 12:53:00,2011-08-02 09:29:00,13,14,1.6465853658536582,130,13,1
84875B,GREEN SQUARE COMPACT MIRROR,203.51,131,2010-12-09 11:30:00,2011-12-06 16:26:00,20,20,1.5535114503816794,3,20,0
84875D,BLUE SQUARE COMPACT MIRROR,63.75,51,2011-04-06 12:49:00,2011-09-23 13:18:00,8,8,1.25,77,8,0
84876B,GREEN HEART COMPACT MIRROR,315.81,218,2010-12-13 09:35:00,2011-11-30 14:17:00,30,33,1.4486697247706422,9,30,0
84876D,BLUE HEART COMPACT MIRROR,217.5,128,2010-12-09 11:30:00,2011-09-11 13:51:00,15,16,1.69921875,89,15,0
84877A,PINK ROUND COMPACT MIRROR,58.16,40,2011-04-06 12:49:00,2011-06-13 15:30:00,4,4,1.454,179,4,1
84877B,GREEN ROUND COMPACT MIRROR,210.56,144,2010-12-16 11:11:00,2011-11-30 14:17:00,18,21,1.4622222222222223,9,18,0
84877D,BLUE ROUND COMPACT MIRROR,150.93,96,2010-12-03 14:54:00,2011-09-25 16:05:00,16,18,1.5721875,75,16,0
84879,ASSORTED COLOUR BIRD ORNAMENT,58927.62,36362,2010-12-01 08:34:00,2011-12-09 12:31:00,300,1455,1.6205824762114296,1,300,2
84880,WHITE WIRE EGG HOLDER,2012.74,312,2010-12-01 09:57:00,2011-12-07 16:56:00,70,76,6.451089743589743,2,70,0
84881,BLUE WIRE SPIRAL CANDLE HOLDER,82.57,12,2010-12-05 16:24:00,2011-07-17 11:59:00,6,6,6.8808333333333325,146,6,1
84882,GREEN WIRE STANDING CANDLE HOLDER,157.34,38,2010-12-12 13:01:00,2011-11-30 17:37:00,16,18,4.140526315789474,9,16,0
84884A,ANT WHITE WIRE HEART SPIRAL,1201.91,301,2010-12-01 14:54:00,2011-12-06 16:26:00,72,78,3.993056478405316,3,72,0
84884a,ANT WHITE WIRE HEART SPIRAL,317.71999999999997,38,2010-12-03 11:28:00,2011-12-07 10:35:00,22,26,8.361052631578946,3,22,0
84898F,YELLOW FLOWERS FELT HANDBAG KIT,98.63000000000001,46,2010-12-05 11:40:00,2011-03-24 16:45:00,13,19,2.144130434782609,260,13,1
84905,PINK BUTTERFLY CUSHION COVER ,173.48,35,2011-01-17 12:45:00,2011-06-29 15:58:00,18,20,4.956571428571428,163,18,1
84906,PINK B'FLY C/COVER W BOBBLES,123.02,35,2010-12-01 11:45:00,2011-05-23 11:52:00,12,12,3.5148571428571427,201,12,1
84907,PINK YELLOW PATCH CUSHION COVER,180.93,29,2011-01-30 14:36:00,2011-09-21 15:22:00,20,23,6.23896551724138,79,20,0
84910A,PINK PAISLEY CUSHION COVER ,192.14,26,2010-12-08 12:35:00,2011-07-20 16:12:00,17,17,7.39,142,17,1
84912A,PINK ROSE WASHBAG,560.62,156,2010-12-06 12:41:00,2011-09-22 12:41:00,58,74,3.593717948717949,79,58,0
84912B,GREEN ROSE WASHBAG,1132.85,323,2010-12-01 14:32:00,2011-12-05 17:24:00,122,160,3.507275541795665,4,122,0
84913A,SOFT PINK ROSE TOWEL ,952.83,273,2010-12-01 14:32:00,2011-11-07 16:16:00,88,124,3.4902197802197805,32,88,0
84913B,MINT GREEN ROSE TOWEL,754.07,196,2010-12-01 14:32:00,2011-12-02 13:22:00,63,86,3.8472959183673474,7,63,0
84915,HAND TOWEL PINK FLOWER AND DAISY,372.33,217,2010-12-01 17:06:00,2011-12-06 16:26:00,20,23,1.7158064516129032,3,20,0
84916,HAND TOWEL PALE BLUE W FLOWERS,453.39,223,2010-12-06 13:41:00,2011-05-04 11:00:00,23,29,2.0331390134529146,220,23,1
84917,WHITE HAND TOWEL WITH BUTTERFLY,466.3,184,2010-12-06 16:57:00,2011-05-26 10:44:00,21,27,2.534239130434783,198,21,1
84919,BLUE CUSHION COVER WITH FLOWER,381.78000000000003,58,2011-01-30 14:36:00,2011-09-21 15:22:00,26,29,6.5824137931034485,79,26,0
84920,PINK FLOWER FABRIC PONY,446.23,115,2010-12-01 14:41:00,2011-12-08 12:07:00,41,48,3.8802608695652174,2,41,0
84921,CREAM AND PINK FLOWERS PONY ,41.25,11,2010-12-05 12:43:00,2011-10-19 12:54:00,5,5,3.75,51,5,0
84922,PINK BUTTERFLY WASHBAG,42.29,9,2010-12-12 16:14:00,2011-12-02 13:49:00,6,6,4.698888888888889,7,6,0
84923,PINK BUTTERFLY HANDBAG W BOBBLES,671.62,162,2010-12-01 14:32:00,2011-12-09 10:03:00,71,98,4.145802469135803,1,71,0
84924A,WAKE UP COCKEREL CALENDAR SIGN ,348.59000000000003,81,2010-12-05 10:36:00,2011-12-02 13:49:00,31,33,4.30358024691358,7,31,0
84924F,PSYCHEDELIC METAL SIGN CALENDAR,7.9,10,2011-07-13 11:19:00,2011-07-29 17:19:00,3,3,0.79,133,3,1
84925D,LA PALMIERA WALL THERMOMETER,38.25,15,2010-12-03 11:35:00,2011-06-23 11:38:00,10,10,2.55,170,10,1
84925F,PSYCHEDELIC WALL THERMOMETER,109.92999999999999,79,2010-12-06 15:13:00,2011-07-31 15:24:00,14,14,1.3915189873417722,131,14,1
84926A,WAKE UP COCKEREL TILE COASTER,210.51999999999998,604,2010-12-01 17:29:00,2011-12-01 12:36:00,33,35,0.34854304635761585,9,33,0
84926D,LA PALMIERA TILE COASTER,276.53,709,2010-12-06 11:38:00,2011-12-07 10:11:00,32,34,0.39002820874471084,3,32,0
84926E,FLOWERS TILE COASTER,327.79999999999995,968,2011-01-04 13:30:00,2011-12-06 12:12:00,33,39,0.33863636363636357,4,33,0
84926F,PSYCHEDELIC TILE COASTER,195.22,430,2010-12-16 11:43:00,2011-12-06 17:49:00,26,28,0.454,3,26,0
84927A,WAKE UP COCKEREL TILE HOOK,70.45,50,2010-12-03 11:36:00,2011-08-09 14:18:00,18,18,1.409,122,18,1
84927D,LA PALMIERA TILE HOOK,51.86,47,2010-12-07 18:36:00,2011-07-25 13:57:00,13,14,1.103404255319149,137,13,1
84927E,FLOWERS TILE HOOK,80.16000000000001,59,2010-12-13 09:57:00,2011-07-18 11:47:00,13,13,1.3586440677966103,145,13,1
84927F,PSYCHEDELIC TILE HOOK,182.95000000000002,299,2010-12-03 11:36:00,2011-12-07 10:11:00,43,44,0.6118729096989967,3,43,0
84929,ASSTD FRUIT+FLOWERS FRIDGE MAGNETS,637.5600000000001,2412,2010-12-15 15:00:00,2011-11-24 13:27:00,55,65,0.2643283582089552,15,55,0
84931A,PINK SCOTTIE DOG W FLOWER PATTERN,317.44,133,2010-12-10 14:59:00,2011-11-30 08:50:00,44,51,2.386766917293233,10,44,0
84931B,BLUE SCOTTIE DOG W FLOWER PATTERN,424.08,177,2010-12-23 13:26:00,2011-12-05 17:28:00,41,49,2.3959322033898305,4,41,0
84944,SET OF 6 KASHMIR FOLKART BAUBLES,1120.26,710,2010-12-01 13:54:00,2011-11-04 16:35:00,54,83,1.5778309859154929,35,54,0
84945,MULTI COLOUR SILVER T-LIGHT HOLDER,8744.43,10545,2010-12-01 13:04:00,2011-12-09 12:31:00,182,347,0.82924893314367,1,182,2
84946,ANTIQUE SILVER T-LIGHT GLASS,25843.38,19209,2010-12-01 14:32:00,2011-12-09 12:31:00,275,905,1.345378728720912,1,275,2
84947,ANTIQUE SILVER TEA GLASS ENGRAVED,10229.77,8652,2010-12-01 12:38:00,2011-12-09 08:59:00,198,347,1.1823589921405455,1,198,2
84949,SILVER HANGING T-LIGHT HOLDER,7622.639999999999,4789,2010-12-01 11:41:00,2011-12-08 14:14:00,180,290,1.5916976404259762,1,180,2
84950,ASSORTED COLOUR T-LIGHT HOLDER,2297.03,3619,2010-12-01 17:06:00,2011-12-08 09:28:00,98,120,0.6347140093948606,2,98,0
84951A,SET OF 4 PISTACHIO LOVEBIRD COASTER,553.01,475,2010-12-10 10:21:00,2011-12-05 17:28:00,70,93,1.1642315789473685,4,70,0
84951B,SET OF 4 BLACK LOVEBIRD COASTERS,554.78,451,2010-12-10 10:21:00,2011-12-08 12:07:00,63,82,1.230110864745011,2,63,0
84952A,CLEAR LOVE BIRD T-LIGHT HOLDER,264.46999999999997,92,2010-12-08 15:56:00,2011-11-14 15:27:00,22,26,2.8746739130434777,25,22,0
84952B,BLACK LOVE BIRD T-LIGHT HOLDER,332.14,186,2010-12-02 15:19:00,2011-12-06 16:26:00,22,29,1.7856989247311827,3,22,0
84952C,MIRROR LOVE BIRD T-LIGHT HOLDER,255.0,144,2010-12-02 15:19:00,2011-10-11 12:36:00,11,12,1.7708333333333333,60,11,0
84963A,PINK PAINTED KASHMIRI CHAIR,171.8,4,2010-12-05 11:57:00,2010-12-05 11:57:00,1,1,42.95,370,1,1
84963B,BLUE PAINTED KASHMIRI CHAIR,149.85000000000002,3,2011-08-04 13:03:00,2011-08-04 13:03:00,1,1,49.95000000000001,127,1,1
84968A,SET OF 16 VINTAGE ROSE CUTLERY,3139.2999999999997,267,2010-12-05 14:02:00,2011-12-04 15:13:00,76,98,11.757677902621722,5,76,0
84968B,SET OF 16 VINTAGE IVORY CUTLERY,25.5,2,2011-03-18 11:24:00,2011-04-06 11:34:00,2,2,12.75,248,2,1
84968C,SET OF 16 VINTAGE PISTACHIO CUTLERY,3585.99,317,2010-12-01 12:49:00,2011-11-23 12:05:00,78,104,11.312271293375394,17,78,0
84968D,SET OF 16 VINTAGE RED CUTLERY,1661.47,157,2010-12-07 14:31:00,2011-12-08 09:20:00,43,55,10.582611464968153,2,43,0
84968E,SET OF 16 VINTAGE BLACK CUTLERY,1522.53,132,2010-12-10 14:59:00,2011-12-07 14:34:00,36,44,11.53431818181818,2,36,0
84968F,SET OF 16 VINTAGE SKY BLUE CUTLERY,1905.6799999999998,177,2010-12-06 10:36:00,2011-11-13 11:37:00,49,65,10.766553672316384,27,49,0
84968a,SET OF 16 VINTAGE ROSE CUTLERY,125.32999999999998,5,2010-12-09 16:26:00,2011-10-31 13:48:00,3,3,25.065999999999995,39,3,0
84968d,SET OF 16 VINTAGE RED CUTLERY,74.88,3,2011-02-04 09:11:00,2011-10-04 10:14:00,3,3,24.959999999999997,67,3,0
84968e,SET OF 16 VINTAGE BLACK CUTLERY,200.21,8,2010-12-09 16:27:00,2011-12-09 10:26:00,6,6,25.02625,1,6,0
84968f,SET OF 16 VINTAGE SKY BLUE CUTLERY,25.49,1,2010-12-21 15:20:00,2010-12-21 15:20:00,1,1,25.49,353,1,1
84969,BOX OF 6 ASSORTED COLOUR TEASPOONS,2389.52,558,2010-12-01 08:34:00,2011-12-06 16:26:00,137,210,4.282293906810036,3,137,0
84970L,SINGLE HEART ZINC T-LIGHT HOLDER,6411.5199999999995,6064,2010-12-01 11:41:00,2011-12-09 08:59:00,228,457,1.0573087071240104,1,228,2
84970S,HANGING HEART ZINC T-LIGHT HOLDER,7650.3099999999995,8879,2010-12-01 10:19:00,2011-12-09 10:03:00,244,537,0.8616184254983669,1,244,2
84970l,SINGLE HEART ZINC T-LIGHT HOLDER,418.98,201,2010-12-03 11:13:00,2011-12-07 10:35:00,36,50,2.0844776119402986,3,36,0
84970s,HANGING HEART ZINC T-LIGHT HOLDER,496.49,238,2010-12-03 11:13:00,2011-12-09 10:26:00,46,66,2.08609243697479,1,46,0
84971S,SMALL HEART FLOWERS HOOK ,1540.4499999999998,1761,2010-12-01 09:41:00,2011-12-09 11:56:00,134,172,0.8747586598523565,1,134,0
84971l,LARGE HEART FLOWERS HOOK   ,4.92,2,2011-11-25 15:23:00,2011-11-25 15:23:00,1,1,2.46,14,1,0
84974,S/2 ZINC HEART DESIGN PLANTERS,388.04999999999995,39,2011-01-26 17:27:00,2011-11-01 12:25:00,25,28,9.95,39,25,0
84975,HEART SHAPED MIRROR,8.45,5,2010-12-06 14:36:00,2010-12-08 15:12:00,2,2,1.69,366,2,1
84976,RECTANGULAR SHAPED MIRROR,446.15000000000003,512,2010-12-01 17:06:00,2011-12-08 19:24:00,33,37,0.8713867187500001,1,33,0
84977,WIRE FLOWER T-LIGHT HOLDER,1.25,1,2011-03-18 11:22:00,2011-03-18 11:22:00,1,1,1.25,267,1,1
84978,HANGING HEART JAR T-LIGHT HOLDER,16453.78,12493,2010-12-05 12:43:00,2011-12-09 10:03:00,264,728,1.317039942367726,1,264,2
84984A,GREEN PEONY CUSHION COVER,88.35000000000001,19,2011-05-19 13:35:00,2011-11-08 11:03:00,6,6,4.65,32,6,0
84984B,RED PEONY CUSHION COVER ,79.05000000000001,17,2011-05-19 13:35:00,2011-11-08 11:03:00,5,5,4.65,32,5,0
84984D,ORIENTAL RED CUSHION COVER ,60.45,13,2011-07-27 17:06:00,2011-11-08 11:03:00,4,4,4.65,32,4,0
84985A,SET OF 72 GREEN PAPER DOILIES,59.449999999999996,41,2010-12-01 12:43:00,2011-03-01 17:28:00,17,18,1.45,283,17,1
84987,SET OF 36 TEATIME PAPER DOILIES,4471.17,3051,2010-12-03 11:35:00,2011-12-05 14:40:00,194,334,1.4654768928220256,4,194,2
84988,SET OF 72 PINK HEART PAPER DOILIES,6671.25,4311,2010-12-01 14:32:00,2011-12-08 10:53:00,241,510,1.5474947807933195,2,241,2
84989A,75 GREEN FAIRY CAKE CASES,14.850000000000001,27,2011-01-05 12:15:00,2011-12-05 14:40:00,17,17,0.55,4,17,0
84989a,75 GREEN FAIRY CAKE CASES,87.51,42,2010-12-07 15:31:00,2011-08-24 10:22:00,25,25,2.0835714285714286,108,25,0
84990,60 GOLD AND SILVER FAIRY CAKE CASES,1.1,2,2011-04-20 15:25:00,2011-05-08 13:07:00,2,2,0.55,215,2,1
84991,60 TEATIME FAIRY CAKE CASES,9169.970000000001,18189,2010-12-01 09:37:00,2011-12-09 10:03:00,267,828,0.5041492110616307,1,267,2
84992,72 SWEETHEART FAIRY CAKE CASES,6532.780000000001,13319,2010-12-01 11:29:00,2011-12-08 15:31:00,247,615,0.4904857722051206,1,247,2
84993A,75 GREEN PETIT FOUR CASES,159.69,343,2010-12-03 11:35:00,2011-12-09 12:20:00,51,55,0.4655685131195335,1,51,0
84993B,75 BLACK PETIT FOUR CASES,24.36,58,2010-12-05 11:59:00,2011-08-08 13:46:00,17,18,0.42,123,17,1
84993a,75 GREEN PETIT FOUR CASES,26.56,32,2011-02-02 12:16:00,2011-12-05 11:58:00,17,19,0.83,5,17,0
84997A,CHILDRENS CUTLERY POLKADOT GREEN ,9933.880000000001,2573,2010-12-01 16:49:00,2011-12-09 10:03:00,168,260,3.8608161678973962,1,168,2
84997B,CHILDRENS CUTLERY RETROSPOT RED ,16045.970000000001,4214,2010-12-01 09:37:00,2011-12-09 12:16:00,206,370,3.8077764594209778,1,206,2
84997C,CHILDRENS CUTLERY POLKADOT BLUE,14497.03,3783,2010-12-01 09:37:00,2011-12-09 12:16:00,194,335,3.832151731430082,1,194,2
84997D,CHILDRENS CUTLERY POLKADOT PINK,19728.2,5103,2010-12-01 12:49:00,2011-12-09 12:16:00,245,473,3.866000391926318,1,245,2
84997a,CHILDRENS CUTLERY POLKADOT GREEN ,878.7399999999999,106,2011-01-26 16:01:00,2011-12-09 10:26:00,48,65,8.29,1,48,0
84997b,CHILDRENS CUTLERY RETROSPOT RED ,3052.9199999999996,364,2010-12-03 14:27:00,2011-12-09 10:26:00,65,67,8.387142857142855,1,65,0
84997c,CHILDRENS CUTLERY POLKADOT BLUE,2374.4399999999996,284,2010-12-03 14:27:00,2011-12-09 10:23:00,62,62,8.36070422535211,1,62,0
84997d,CHILDRENS CUTLERY POLKADOT PINK,2657.79,319,2010-12-03 14:27:00,2011-12-09 10:26:00,71,73,8.331630094043888,1,71,0
85006,SET 4 NURSERY DES ROUND BOXES,57.25,55,2010-12-10 11:19:00,2011-04-27 14:58:00,9,9,1.040909090909091,226,9,1
85008,SET OF 3 CONEY ISLAND OVAL BOXES,66.12,13,2010-12-01 17:06:00,2011-04-10 14:16:00,8,8,5.086153846153847,243,8,1
85014A,BLACK/BLUE POLKADOT UMBRELLA,6678.72,1163,2010-12-01 10:03:00,2011-12-06 12:38:00,173,278,5.742665520206363,4,173,0
85014B,RED RETROSPOT UMBRELLA,10952.2,1910,2010-12-01 10:03:00,2011-12-09 10:03:00,196,350,5.734136125654451,1,196,2
85014a,BLACK/BLUE POLKADOT UMBRELLA,225.32000000000002,18,2010-12-03 11:28:00,2011-11-29 11:23:00,13,14,12.517777777777779,11,13,0
85014b,RED RETROSPOT UMBRELLA,313.06,25,2010-12-03 11:28:00,2011-12-08 10:53:00,20,23,12.5224,2,20,0
85015,SET OF 12  VINTAGE POSTCARD SET,1718.5400000000002,2180,2010-12-01 14:32:00,2011-12-08 13:50:00,112,143,0.7883211009174312,1,112,0
85016,SET OF 6 VINTAGE NOTELETS KIT,560.11,563,2010-12-01 14:32:00,2011-05-31 10:45:00,37,42,0.994866785079929,193,37,1
85017A,ENVELOPE 50 ROMANTIC IMAGES,13.58,16,2010-12-01 14:32:00,2011-04-03 15:07:00,7,8,0.84875,250,7,1
85017B,ENVELOPE 50 BLOSSOM IMAGES,600.29,1077,2010-12-01 14:32:00,2011-11-08 18:41:00,115,158,0.557372330547818,31,115,0
85017C,ENVELOPE 50 CURIOUS IMAGES,26.17,49,2010-12-05 16:41:00,2011-05-12 20:13:00,10,10,0.5340816326530613,211,10,1
85018D,YULETIDE IMAGES S/6 PAPER BOXES,30.599999999999998,12,2010-12-03 12:11:00,2011-01-14 14:39:00,5,7,2.55,329,5,1
85019A,ROMANTIC IMAGES NOTEBOOK SET,564.35,414,2010-12-01 14:03:00,2011-12-08 12:43:00,32,33,1.3631642512077295,2,32,0
85019B,BLOSSOM  IMAGES NOTEBOOK SET,682.97,512,2011-01-11 12:25:00,2011-12-08 12:43:00,34,36,1.33392578125,2,34,0
85019C,CURIOUS  IMAGES NOTEBOOK SET,270.72,182,2010-12-01 14:03:00,2011-06-09 10:06:00,11,11,1.4874725274725276,184,11,1
85020,ROUND PINK HEART MIRROR,188.81,85,2010-12-06 12:52:00,2011-12-05 12:59:00,21,22,2.2212941176470586,4,21,0
85023B,EAU DE NILE JEWELLED PHOTOFRAME,235.35000000000002,105,2010-12-19 13:59:00,2011-12-05 11:49:00,13,13,2.2414285714285715,5,13,0
85024B,EAU DE NILE JEWELLED PHOTOFRAME,289.65,193,2011-01-30 15:48:00,2011-12-05 12:46:00,12,12,1.5007772020725387,5,12,0
85024C,PINK SMALL JEWELLED PHOTOFRAME,19.799999999999997,12,2010-12-08 12:17:00,2011-11-22 13:11:00,9,9,1.6499999999999997,17,9,0
85025B,EAU DE NILE HEART SHAPE PHOTO FRAME,555.1199999999999,329,2010-12-03 11:36:00,2011-12-08 09:28:00,36,38,1.6872948328267474,2,36,0
85025C,PINK HEART SHAPE PHOTO FRAME,520.91,321,2010-12-02 13:32:00,2011-08-24 13:23:00,37,39,1.6227725856697819,107,37,0
85026B,EAU DE NILE JEWELLED T-LIGHT HOLDER,70.27,79,2010-12-07 16:20:00,2011-12-08 13:50:00,11,11,0.8894936708860759,1,11,0
85027L,FRENCH CHATEAU LARGE PLATTER ,160.5,70,2010-12-05 16:41:00,2011-04-19 15:02:00,16,18,2.2928571428571427,234,16,1
85028L,FRENCH CHATEAU LARGE FRUIT BOWL ,19.5,10,2011-03-27 14:28:00,2011-04-08 11:54:00,4,4,1.95,246,4,1
85028S,FRENCH CHATEAU SMALL FRUITBOWL,51.599999999999994,24,2011-03-27 14:28:00,2011-04-08 11:54:00,6,8,2.15,246,6,1
85030,FRENCH CHATEAU OVAL PLATTER,29.25,15,2011-03-20 13:28:00,2011-04-08 11:54:00,5,6,1.95,246,5,1
85031A,ROMANTIC IMAGES SCRAP BOOK SET,45.9,16,2010-12-12 13:26:00,2011-04-13 14:17:00,7,7,2.86875,240,7,1
85031B,BLOSSOM IMAGES SCRAP BOOK SET,4.95,1,2010-12-16 19:19:00,2010-12-16 19:19:00,1,1,4.95,358,1,1
85031C,CURIOUS IMAGES SCRAP BOOK SET,14.850000000000001,3,2010-12-16 11:53:00,2010-12-16 11:53:00,1,1,4.95,359,1,1
85032A,ROMANTIC IMAGES GIFT WRAP SET,776.49,789,2010-12-09 16:08:00,2011-12-08 12:43:00,94,135,0.9841444866920153,2,94,0
85032B,BLOSSOM IMAGES GIFT WRAP SET,739.99,786,2010-12-12 11:44:00,2011-12-08 12:43:00,97,133,0.9414631043256998,2,97,0
85032C,CURIOUS IMAGES GIFT WRAP SET,718.5400000000001,683,2010-12-09 16:08:00,2011-12-09 10:03:00,97,140,1.0520351390922402,1,97,0
85032D,YULETIDE IMAGES GIFT WRAP SET,561.34,687,2010-12-01 14:32:00,2011-10-06 13:29:00,68,93,0.8170887918486173,64,68,0
85034A,3 GARDENIA MORRIS BOXED CANDLES,911.4,498,2010-12-01 17:35:00,2011-11-23 09:34:00,51,74,1.8301204819277108,17,51,0
85034B,3 WHITE CHOC MORRIS BOXED CANDLES,1628.78,945,2010-12-05 10:52:00,2011-12-08 12:26:00,69,120,1.7235767195767195,2,69,0
85034C,3 ROSE MORRIS BOXED CANDLES,1800.0,1129,2010-12-03 15:45:00,2011-12-07 12:41:00,76,158,1.5943312666076173,3,76,0
85034a,3 GARDENIA MORRIS BOXED CANDLES,24.869999999999997,3,2011-05-23 14:19:00,2011-11-08 15:24:00,3,3,8.29,31,3,0
85034b,3 WHITE CHOC MORRIS BOXED CANDLES,8.29,1,2011-11-25 15:23:00,2011-11-25 15:23:00,1,1,8.29,14,1,0
85035A,GARDENIA 3 WICK MORRIS BOXED CANDLE,782.3,276,2010-12-02 11:45:00,2011-10-26 16:43:00,61,81,2.834420289855072,44,61,0
85035B,CHOCOLATE 3 WICK MORRIS BOX CANDLE,1054.1,619,2010-12-01 12:49:00,2011-10-27 19:56:00,51,70,1.7029079159935379,43,51,0
85035C,ROSE 3 WICK MORRIS BOX CANDLE,1760.66,1137,2010-12-01 17:35:00,2011-11-27 14:40:00,73,130,1.5485136323658752,12,73,0
85035a,GARDENIA 3 WICK MORRIS BOXED CANDLE,16.94,2,2010-12-09 16:27:00,2010-12-21 15:21:00,2,2,8.47,353,2,1
85035b,CHOCOLATE 3 WICK MORRIS BOX CANDLE,8.47,1,2010-12-21 15:20:00,2010-12-21 15:20:00,1,1,8.47,353,1,1
85035c,ROSE 3 WICK MORRIS BOX CANDLE,8.47,1,2010-12-07 15:34:00,2010-12-07 15:34:00,1,1,8.47,367,1,1
85036A,GARDENIA 1 WICK MORRIS BOXED CANDLE,714.35,211,2010-12-06 12:41:00,2011-10-31 14:41:00,50,60,3.3855450236966824,39,50,0
85036B,CHOCOLATE 1 WICK MORRIS BOX CANDLE,581.4300000000001,361,2010-12-03 15:45:00,2011-11-17 15:16:00,36,49,1.6106094182825486,22,36,0
85036C,ROSE 1 WICK MORRIS BOXED CANDLE,1066.8600000000001,742,2010-12-05 15:47:00,2011-11-23 13:46:00,60,84,1.4378167115902967,16,60,0
85036a,GARDENIA 1 WICK MORRIS BOXED CANDLE,16.58,2,2011-07-12 13:46:00,2011-07-12 13:46:00,1,1,8.29,150,1,1
85036b,CHOCOLATE 1 WICK MORRIS BOX CANDLE,8.47,1,2010-12-03 11:28:00,2010-12-03 11:28:00,1,1,8.47,372,1,1
85038,6 CHOCOLATE LOVE HEART T-LIGHTS,2171.26,1061,2010-12-01 16:11:00,2011-12-09 12:25:00,103,142,2.0464278982092368,1,103,0
85039A,SET/4 RED MINI ROSE CANDLE IN BOWL,1010.6199999999999,704,2010-12-01 14:32:00,2011-12-09 10:03:00,121,162,1.4355397727272725,1,121,0
85039B,S/4 IVORY MINI ROSE CANDLE IN BOWL,1174.6299999999999,806,2010-12-06 10:08:00,2011-12-09 10:03:00,115,172,1.4573573200992553,1,115,0
85039C,S/4 BLACK MINI ROSE CANDLE IN BOWL,265.77,305,2010-12-06 10:08:00,2011-12-08 09:28:00,58,67,0.8713770491803278,2,58,0
85039a,SET/4 RED MINI ROSE CANDLE IN BOWL,131.81,40,2010-12-03 11:13:00,2011-12-08 10:53:00,25,29,3.2952500000000002,2,25,0
85040A,S/4 PINK FLOWER CANDLES IN BOWL,1607.32,888,2010-12-07 18:36:00,2011-12-09 10:03:00,124,164,1.810045045045045,1,124,0
85040B,SET/4 BLUE FLOWER CANDLES IN BOWL,229.46999999999997,137,2010-12-01 17:06:00,2011-04-10 12:53:00,32,35,1.6749635036496349,243,32,1
85040a,S/4 PINK FLOWER CANDLES IN BOWL,105.28,32,2011-01-18 14:59:00,2011-11-30 15:33:00,19,21,3.29,9,19,0
85045,GREEN CHRISTMAS TREE STRING 20LIGHT,191.1,42,2010-12-01 15:37:00,2011-11-02 12:45:00,10,11,4.55,38,10,0
85047,WHITE BEADED GARLAND STRING 20LIGHT,19.049999999999997,3,2011-01-25 13:38:00,2011-01-27 15:36:00,2,2,6.349999999999999,316,2,1
85048,15CM CHRISTMAS GLASS BALL 20 LIGHTS,10910.61,1359,2010-12-01 14:32:00,2011-12-09 10:26:00,103,261,8.028410596026491,1,103,0
85049A,TRADITIONAL CHRISTMAS RIBBONS,3842.36,3001,2010-12-01 09:56:00,2011-12-09 12:20:00,132,323,1.2803598800399867,1,132,0
85049B,LUSH GREENS RIBBONS,67.5,54,2010-12-03 10:33:00,2011-01-26 14:19:00,12,13,1.25,317,12,1
85049C,ROMANTIC PINKS RIBBONS ,1515.69,1215,2010-12-01 11:29:00,2011-12-09 10:03:00,157,224,1.2474814814814816,1,157,0
85049D,BRIGHT BLUES RIBBONS ,694.99,547,2010-12-01 11:29:00,2011-09-28 15:50:00,83,107,1.2705484460694698,72,83,0
85049E,SCANDINAVIAN REDS RIBBONS,3783.61,2860,2010-12-01 11:21:00,2011-12-09 12:20:00,194,409,1.3229405594405594,1,194,2
85049F,BABY BOOM RIBBONS ,477.34,378,2010-12-02 13:44:00,2011-09-26 12:45:00,72,88,1.2628042328042328,75,72,0
85049G,CHOCOLATE BOX RIBBONS ,1999.19,1608,2010-12-01 11:29:00,2011-12-09 10:03:00,156,258,1.2432773631840797,1,156,0
85049H,URBAN BLACK RIBBONS ,869.1,848,2010-12-01 11:57:00,2011-12-09 10:03:00,124,184,1.024882075471698,1,124,0
85049a,TRADITIONAL CHRISTMAS RIBBONS,812.84,244,2010-12-03 14:27:00,2011-12-09 10:26:00,31,36,3.3313114754098363,1,31,0
85049b,LUSH GREENS RIBBONS,4.92,2,2011-03-29 13:44:00,2011-09-20 14:46:00,2,2,2.46,80,2,0
85049c,ROMANTIC PINKS RIBBONS ,2.46,1,2011-11-23 11:11:00,2011-11-23 11:11:00,1,1,2.46,17,1,0
85049d,BRIGHT BLUES RIBBONS ,4.92,2,2011-03-29 13:44:00,2011-05-10 15:06:00,2,2,2.46,213,2,1
85049e,SCANDINAVIAN REDS RIBBONS,360.71,109,2010-12-03 14:27:00,2011-12-09 10:26:00,35,42,3.3092660550458715,1,35,0
85049g,CHOCOLATE BOX RIBBONS ,276.42,113,2010-12-21 15:40:00,2011-12-09 10:23:00,51,51,2.4461946902654867,1,51,0
85053,FRENCH ENAMEL CANDLEHOLDER,3649.4900000000002,1693,2010-12-01 17:06:00,2011-12-09 12:00:00,190,317,2.15563496751329,1,190,0
85054,FRENCH ENAMEL POT W LID,1430.63,587,2010-12-03 11:36:00,2011-11-28 15:54:00,93,115,2.4371890971039183,11,93,0
85055,FRENCH ENAMEL UTENSIL HOLDER,183.71,45,2010-12-03 11:36:00,2011-01-18 10:22:00,13,16,4.0824444444444445,326,13,1
85059,FRENCH ENAMEL WATER BASIN,1273.11,411,2010-12-07 15:54:00,2011-12-09 10:03:00,95,128,3.097591240875912,1,95,0
85061W,WHITE JEWELLED HEART DECORATION,1882.1499999999999,2146,2010-12-02 12:10:00,2011-12-08 14:38:00,127,162,0.8770503261882572,1,127,0
85062,PEARL CRYSTAL PUMPKIN T-LIGHT HLDR,2429.4999999999995,1462,2010-12-05 15:38:00,2011-12-07 14:34:00,124,159,1.6617647058823526,2,124,0
85064,CREAM SWEETHEART LETTER RACK,976.25,215,2010-12-01 14:32:00,2011-01-27 12:40:00,18,30,4.540697674418604,317,18,1
85066,CREAM SWEETHEART MINI CHEST,22594.2,1784,2010-12-02 17:41:00,2011-12-09 10:45:00,241,519,12.664910313901347,1,241,2
85067,CREAM SWEETHEART WALL CABINET,126.64999999999999,7,2010-12-01 14:03:00,2011-01-13 15:18:00,3,5,18.09285714285714,330,3,1
85071A,BLUE CHARLIE+LOLA PERSONAL DOORSIGN,583.23,1041,2010-12-01 14:05:00,2011-12-06 12:12:00,78,111,0.5602593659942363,4,78,0
85071B,RED CHARLIE+LOLA PERSONAL DOORSIGN,684.62,1290,2010-12-01 09:37:00,2011-12-08 09:47:00,90,125,0.5307131782945737,2,90,0
85071C,"CHARLIE+LOLA""EXTREMELY BUSY"" SIGN",428.0,683,2010-12-01 14:05:00,2011-12-09 11:34:00,81,105,0.6266471449487555,1,81,0
85071D,CHARLIE+LOLA MY ROOM DOOR SIGN,249.48999999999998,403,2010-12-02 09:43:00,2011-12-06 12:12:00,64,84,0.6190818858560794,4,64,0
85078,SCANDINAVIAN 3 HEARTS NAPKIN RING,696.8,1932,2010-12-03 15:45:00,2011-11-02 15:33:00,88,124,0.36066252587991715,37,88,0
85084,HOLLY TOP CHRISTMAS STOCKING,17.0,20,2010-12-10 12:14:00,2010-12-21 12:44:00,4,7,0.85,354,4,1
85086A,CANDY SPOT HEART DECORATION,122.08,146,2010-12-10 11:42:00,2011-08-12 16:30:00,35,50,0.8361643835616438,119,35,0
85087,CANDY SPOT CUSHION COVER,1129.99,339,2010-12-06 16:57:00,2011-10-07 15:09:00,88,125,3.3333038348082598,63,88,0
85088,CANDY SPOT HAND BAG,534.83,259,2010-12-17 14:41:00,2011-11-30 15:13:00,44,51,2.064980694980695,9,44,0
85089,CANDY SPOT BUNNY,38.35,13,2011-01-05 15:56:00,2011-11-17 15:08:00,5,5,2.95,22,5,0
85092,CANDY SPOT TEA COSY,40.05,27,2011-02-07 11:42:00,2011-02-20 13:21:00,2,2,1.4833333333333332,292,2,1
85093,CANDY SPOT EGG WARMER HARE,475.18,708,2010-12-06 09:58:00,2011-11-03 16:56:00,63,88,0.6711581920903955,36,63,0
85094,CANDY SPOT EGG WARMER RABBIT,242.13,640,2010-12-06 16:57:00,2011-12-09 10:03:00,66,90,0.378328125,1,66,0
85095,THREE CANVAS LUGGAGE TAGS,243.49,150,2010-12-01 12:23:00,2011-12-05 17:17:00,39,48,1.6232666666666666,4,39,0
85096,HILDA CANDY SPOT RABBIT,109.23,25,2010-12-06 09:58:00,2011-12-05 17:36:00,16,16,4.3692,4,16,0
85099B,JUMBO BAG RED RETROSPOT,94159.81,48371,2010-12-01 09:57:00,2011-12-09 10:26:00,300,2089,1.9466169812490954,1,300,2
85099C,JUMBO  BAG BAROQUE BLACK WHITE,28047.74,13900,2010-12-01 09:37:00,2011-12-09 12:19:00,285,933,2.0178230215827337,1,285,2
85099F,JUMBO BAG STRAWBERRY,32495.59,17237,2010-12-01 11:45:00,2011-12-08 16:30:00,262,812,1.8852230666589314,1,262,2
85099f,JUMBO BAG STRAWBERRY,232.05999999999997,46,2010-12-03 14:27:00,2011-01-11 14:42:00,8,10,5.044782608695652,332,8,1
85103,SILVER T-LIGHT SETTING,924.29,143,2010-12-16 19:19:00,2011-07-19 12:38:00,22,28,6.463566433566434,144,22,1
85104,SILVER GLASS T-LIGHT SET,525.75,201,2010-12-01 13:21:00,2011-12-06 12:18:00,15,17,2.6156716417910446,4,15,0
85106,CUT GLASS HEXAGON T-LIGHT HOLDER,1142.31,649,2010-12-02 13:49:00,2011-11-28 13:37:00,17,20,1.7601078582434513,11,17,0
85107,CUT GLASS T-LIGHT HOLDER OCTAGON,541.39,249,2010-12-09 12:49:00,2011-12-06 16:32:00,26,27,2.1742570281124496,3,26,0
85109,PINK BOUDOIR T-LIGHT HOLDER,10.2,12,2010-12-19 14:03:00,2010-12-19 14:03:00,1,1,0.85,355,1,1
85111,SILVER GLITTER FLOWER VOTIVE HOLDER,437.59,1409,2010-12-03 15:45:00,2011-12-08 19:24:00,48,57,0.3105677785663591,1,48,0
85114A,BLACK ENCHANTED FOREST PLACEMAT,1105.21,649,2010-12-01 17:06:00,2011-12-01 19:42:00,52,56,1.7029429892141756,8,52,0
85114B,IVORY ENCHANTED FOREST PLACEMAT,902.49,477,2010-12-01 13:17:00,2011-12-08 16:30:00,70,77,1.8920125786163522,1,70,0
85114C,RED ENCHANTED FOREST PLACEMAT,920.2199999999999,516,2010-12-01 13:17:00,2011-12-09 10:03:00,65,75,1.7833720930232557,1,65,0
85114a,BLACK ENCHANTED FOREST PLACEMAT,161.70000000000002,49,2010-12-14 15:56:00,2011-06-08 15:25:00,13,15,3.3000000000000003,184,13,1
85114b,IVORY ENCHANTED FOREST PLACEMAT,118.86000000000001,36,2010-12-21 15:18:00,2011-12-08 10:53:00,12,14,3.301666666666667,2,12,0
85114c,RED ENCHANTED FOREST PLACEMAT,534.66,162,2010-12-07 15:33:00,2011-12-05 11:58:00,29,35,3.30037037037037,5,29,0
85115B,S/4 BLACK DISCO PARTITION PANEL,24.869999999999997,3,2011-10-11 16:29:00,2011-10-11 16:29:00,1,1,8.29,59,1,0
85116,BLACK CANDELABRA T-LIGHT HOLDER,1106.88,941,2010-12-01 11:45:00,2011-10-14 11:08:00,71,89,1.1762805526036133,57,71,0
85118,HEART T-LIGHT HOLDER,144.52,146,2010-12-08 13:08:00,2011-01-17 17:57:00,7,10,0.9898630136986302,326,7,1
85119,WATERING CAN SINGLE HOOK PISTACHIO,3.36,1,2010-12-07 15:34:00,2010-12-07 15:34:00,1,1,3.36,367,1,1
85123A,WHITE HANGING HEART T-LIGHT HOLDER,104462.75,37641,2010-12-01 08:26:00,2011-12-09 11:34:00,305,2198,2.775238436810924,1,305,2
85123a,WHITE HANGING HEART T-LIGHT HOLDER,1952.4799999999998,292,2010-12-03 14:27:00,2011-12-08 10:53:00,47,67,6.686575342465753,2,47,0
85124B,BLUE JUICY FRUIT PHOTO FRAME,264.06,93,2010-12-02 13:32:00,2011-11-24 09:21:00,36,39,2.8393548387096774,16,36,0
85124C,GREEN JUICY FRUIT PHOTO FRAME,261.89,94,2010-12-02 13:32:00,2011-10-23 12:46:00,32,39,2.786063829787234,48,32,0
85125,SMALL ROUND CUT GLASS CANDLESTICK,760.39,161,2010-12-06 16:57:00,2011-11-27 11:12:00,28,33,4.722919254658385,13,28,0
85126,LARGE ROUND CUTGLASS CANDLESTICK,27.14,2,2010-12-21 15:19:00,2010-12-21 15:19:00,1,1,13.57,353,1,1
85127,SMALL SQUARE CUT GLASS CANDLESTICK,1106.54,187,2010-12-01 14:32:00,2011-12-05 11:58:00,43,51,5.917326203208556,5,43,0
85129B,BEADED CRYSTAL HEART GREEN SMALL,168.59,119,2010-12-05 13:55:00,2011-12-05 17:17:00,28,31,1.4167226890756304,4,28,0
85129C,BEADED CRYSTAL HEART BLUE SMALL,107.31,80,2010-12-03 13:43:00,2011-12-08 09:20:00,15,15,1.341375,2,15,0
85129D,BEADED CRYSTAL HEART PINK SMALL,342.74,207,2010-12-01 14:32:00,2011-12-05 17:17:00,55,65,1.6557487922705314,4,55,0
85130A,BEADED PEARL HEART WHITE LARGE,127.04999999999998,77,2010-12-03 13:43:00,2011-05-23 16:32:00,8,10,1.6499999999999997,200,8,1
85130B,BEADED CRYSTAL HEART GREEN LARGE,760.4300000000001,834,2010-12-07 15:28:00,2011-12-07 14:12:00,54,62,0.9117865707434053,2,54,0
85130C,BEADED CRYSTAL HEART BLUE  LARGE,437.22,482,2011-01-20 12:20:00,2011-12-07 14:12:00,41,46,0.9070954356846473,2,41,0
85130D,BEADED CRYSTAL HEART PINK LARGE,569.29,565,2010-12-05 12:43:00,2011-12-07 14:12:00,55,62,1.0075929203539822,2,55,0
85131A,BEADED PEARL HEART WHITE ON STICK,901.48,996,2010-12-03 10:43:00,2011-10-30 15:55:00,92,119,0.9051004016064257,40,92,0
85131B,BEADED CRYSTAL HEART GREEN ON STICK,521.11,623,2010-12-01 14:32:00,2011-12-09 10:03:00,125,172,0.8364526484751204,1,125,0
85131C,BEADED CRYSTAL HEART BLUE ON STICK,178.85,193,2010-12-06 10:08:00,2011-11-14 15:27:00,43,50,0.9266839378238342,25,43,0
85131D,BEADED CRYSTAL HEART PINK ON STICK,725.26,850,2010-12-01 17:06:00,2011-12-09 10:03:00,132,206,0.8532470588235294,1,132,0
85132A,CHARLIE + LOLA BISCUITS TINS,1561.77,545,2010-12-01 14:32:00,2011-05-24 11:31:00,60,110,2.865633027522936,200,60,1
85132B,CHARLIE AND LOLA TABLE TINS,1156.1699999999998,529,2010-12-02 12:33:00,2011-06-19 13:26:00,46,75,2.1855765595463135,173,46,1
85132C,CHARLIE AND LOLA FIGURES TINS,3562.3199999999997,1520,2010-12-02 12:33:00,2011-09-02 09:38:00,110,211,2.343631578947368,99,110,0
85132a,CHARLIE + LOLA BISCUITS TINS,92.19999999999999,8,2010-12-07 15:34:00,2011-05-10 15:09:00,6,8,11.524999999999999,213,6,1
85132b,CHARLIE AND LOLA TABLE TINS,74.60999999999999,9,2011-04-15 10:37:00,2011-06-21 16:36:00,7,9,8.29,171,7,1
85132c,CHARLIE AND LOLA FIGURES TINS,24.869999999999997,3,2011-03-15 14:19:00,2011-04-26 09:50:00,3,3,8.29,228,3,1
85135A,YELLOW DRAGONFLY HELICOPTER,151.05,19,2010-12-21 09:47:00,2011-11-29 11:48:00,7,8,7.95,11,7,0
85135B,BLUE DRAGONFLY HELICOPTER,524.5500000000001,65,2010-12-01 14:05:00,2011-11-17 13:16:00,31,45,8.07,22,31,0
85135C,RED DRAGONFLY HELICOPTER,856.38,106,2010-12-01 14:32:00,2011-12-08 17:37:00,47,67,8.079056603773585,1,47,0
85136A,YELLOW SHARK HELICOPTER,572.41,71,2010-12-01 14:05:00,2011-12-06 12:21:00,43,53,8.062112676056337,4,43,0
85136B,BLUE SHARK HELICOPTER,15.9,2,2010-12-12 12:44:00,2010-12-14 13:31:00,2,2,7.95,360,2,1
85136C,RED SHARK HELICOPTER,421.18,52,2010-12-01 14:05:00,2011-12-08 13:26:00,28,36,8.099615384615385,1,28,0
85141,JARDIN ETCHED GLASS FRUITBOWL,619.94,120,2010-12-15 12:09:00,2011-06-16 14:26:00,27,39,5.166166666666667,176,27,1
85144,JARDIN ETCHED GLASS CHEESE DISH,582.7,220,2010-12-02 15:46:00,2011-05-03 13:52:00,32,41,2.648636363636364,220,32,1
85145,JARDIN ETCHED GLASS LARGE BELL JAR,163.75,37,2011-03-25 17:34:00,2011-04-28 16:11:00,11,13,4.425675675675675,225,11,1
85146,JARDIN ETCHED GLASS SMALL BELL JAR,171.11,45,2010-12-15 13:24:00,2011-04-07 13:11:00,8,9,3.8024444444444447,246,8,1
85150,LADIES & GENTLEMEN METAL SIGN,9383.43,4037,2010-12-01 11:21:00,2011-12-09 10:26:00,190,478,2.3243571959375773,1,190,2
85152,HAND OVER THE CHOCOLATE   SIGN ,15928.730000000001,8246,2010-12-01 10:39:00,2011-12-09 10:03:00,245,677,1.9316917293233085,1,245,2
85159A,"BLACK TEA,COFFEE,SUGAR JARS",783.3499999999999,453,2010-12-02 13:08:00,2011-12-04 15:19:00,41,47,1.72924944812362,5,41,0
85159B,"WHITE TEA,COFFEE,SUGAR JARS",1134.5,622,2010-12-14 12:59:00,2011-11-30 17:22:00,56,59,1.8239549839228295,9,56,0
85160A,WHITE BIRD GARDEN DESIGN MUG,7.5,6,2011-01-25 17:10:00,2011-01-25 17:10:00,1,1,1.25,318,1,1
85160B,BLACK BIRD GARDEN DESIGN MUG,62.239999999999995,106,2011-01-12 15:01:00,2011-11-13 16:22:00,16,16,0.5871698113207546,26,16,0
85160a,WHITE BIRD GARDEN DESIGN MUG,16.13,1,2010-12-21 15:18:00,2010-12-21 15:18:00,1,1,16.13,353,1,1
85161,ACRYLIC GEOMETRIC LAMP,568.65,35,2010-12-23 13:26:00,2011-11-27 11:47:00,18,20,16.247142857142858,13,18,0
85163A,WHITE BAROQUE WALL CLOCK ,559.0,66,2010-12-17 14:24:00,2011-11-23 15:44:00,29,32,8.469696969696969,16,29,0
85163B,BLACK BAROQUE WALL CLOCK ,783.68,84,2010-12-17 14:24:00,2011-12-05 17:24:00,27,36,9.32952380952381,4,27,0
85167B,BLACK GRAND BAROQUE PHOTO FRAME,109.94,50,2010-12-03 11:36:00,2011-04-08 09:25:00,8,8,2.1988,246,8,1
85168B,BLACK BAROQUE CARRIAGE CLOCK,432.78999999999996,51,2011-01-04 13:25:00,2011-12-09 10:03:00,29,35,8.486078431372547,1,29,0
85169A,IVORY LOVE BIRD CANDLE,813.02,812,2010-12-03 11:36:00,2011-12-08 13:50:00,67,88,1.001256157635468,1,67,0
85169B,BLACK LOVE BIRD CANDLE,356.06,329,2010-12-01 11:45:00,2011-12-08 09:28:00,49,62,1.0822492401215806,2,49,0
85169C,EAU DE NIL LOVE BIRD CANDLE,452.86,429,2010-12-03 11:36:00,2011-12-09 10:03:00,37,46,1.0556177156177156,1,37,0
85169D,PINK LOVE BIRD CANDLE,356.08,351,2010-12-03 11:36:00,2011-11-29 12:07:00,42,50,1.0144729344729344,11,42,0
85170A,SET/6 IVORY BIRD T-LIGHT CANDLES,2.1,1,2010-12-07 15:54:00,2010-12-07 15:54:00,1,1,2.1,367,1,1
85170B,SET/6 BLACK BIRD T-LIGHT CANDLES,316.75,215,2010-12-07 15:39:00,2011-11-29 17:52:00,36,39,1.4732558139534884,10,36,0
85170C,SET/6 EAU DE NIL BIRD T-LIGHTS,608.53,335,2010-12-07 15:28:00,2011-12-09 10:03:00,62,72,1.8165074626865672,1,62,0
85170D,SET/6 PINK BIRD T-LIGHT CANDLES,796.99,451,2010-12-01 17:06:00,2011-12-08 16:30:00,84,100,1.7671618625277161,1,84,0
85172,HYACINTH BULB T-LIGHT CANDLES,569.68,1314,2010-12-01 12:15:00,2011-12-06 16:26:00,41,43,0.4335464231354642,3,41,0
85173,SET/6 FROG PRINCE T-LIGHT CANDLES,795.02,479,2010-12-07 15:33:00,2011-12-09 10:46:00,67,86,1.6597494780793318,1,67,0
85174,S/4 CACTI CANDLES,2927.08,613,2010-12-01 16:11:00,2011-12-09 10:26:00,106,157,4.775008156606852,1,106,0
85175,CACTI T-LIGHT CANDLES,2278.9,5321,2010-12-02 10:17:00,2011-11-28 11:18:00,108,143,0.42828415711332457,12,108,0
85176,SEWING SUSAN 21 NEEDLE SET,880.4699999999999,918,2010-12-01 14:32:00,2011-12-08 16:30:00,119,172,0.9591176470588234,1,119,0
85177,BASKET OF FLOWERS SEWING KIT,644.2099999999999,812,2010-12-01 14:32:00,2011-12-09 10:03:00,59,63,0.7933620689655172,1,59,0
85178,VICTORIAN SEWING KIT,2822.58,2518,2010-12-01 14:32:00,2011-12-09 10:03:00,98,140,1.1209610802223986,1,98,0
85179A,GREEN BITTY LIGHT CHAIN,380.79,193,2010-12-05 12:53:00,2011-12-09 10:03:00,42,59,1.9730051813471503,1,42,0
85179C,PINK BITTY LIGHT CHAIN,201.31,106,2010-12-13 11:21:00,2011-12-08 13:04:00,30,36,1.8991509433962264,1,30,0
85179a,GREEN BITTY LIGHT CHAIN,2.46,1,2011-11-29 11:23:00,2011-11-29 11:23:00,1,1,2.46,11,1,0
85180A,RED HEARTS LIGHT CHAIN ,1042.66,503,2010-12-14 12:59:00,2011-12-05 17:17:00,37,63,2.0728827037773363,4,37,0
85180B,PINK HEARTS LIGHT CHAIN ,587.2,271,2010-12-09 14:09:00,2011-12-06 17:23:00,33,48,2.166789667896679,3,33,0
85183A,CHARLIE & LOLA WASTEPAPER BIN BLUE,852.04,667,2010-12-13 09:29:00,2011-12-05 14:49:00,66,86,1.2774212893553223,4,66,0
85183B,CHARLIE & LOLA WASTEPAPER BIN FLORA,1323.37,996,2010-12-01 09:37:00,2011-12-04 15:28:00,91,118,1.3286847389558232,5,91,0
85184C,S/4 VALENTINE DECOUPAGE HEART BOX,2985.84,1652,2010-12-01 11:49:00,2011-12-08 16:30:00,112,193,1.8074092009685232,1,112,0
85184c,SET 4 VALENTINE DECOUPAGE HEART BOX,11.58,2,2011-08-24 09:36:00,2011-10-26 14:42:00,2,2,5.79,44,2,0
85185B,PINK HORSE SOCK PUPPET,900.3900000000001,297,2010-12-02 14:09:00,2011-11-30 17:37:00,60,71,3.031616161616162,9,60,0
85185D,FROG SOCK PUPPET,44.25000000000001,15,2010-12-02 14:09:00,2011-05-25 17:12:00,8,8,2.9500000000000006,198,8,1
85186A,EASTER BUNNY GARLAND OF FLOWERS,273.64,567,2010-12-01 14:32:00,2011-04-14 19:15:00,50,79,0.4826102292768959,239,50,1
85186C,BUNNY EGG GARLAND,269.17,528,2011-01-04 13:25:00,2011-10-20 09:28:00,49,78,0.5097916666666666,51,49,0
85187,S/12 MINI RABBIT EASTER,556.53,337,2010-12-05 13:42:00,2011-11-27 13:26:00,50,69,1.6514243323442135,12,50,0
85188A,GREEN METAL SWINGING BUNNY,278.16999999999996,319,2011-01-21 17:05:00,2011-04-21 10:19:00,33,42,0.8720062695924764,233,33,1
85188B,PINK METAL SWINGING BUNNY,68.69999999999999,78,2010-12-13 11:21:00,2011-03-27 12:06:00,10,10,0.8807692307692306,258,10,1
85189,HANGING BUTTERFLY  EGG,7.6499999999999995,9,2011-01-13 12:10:00,2011-03-16 15:45:00,3,3,0.85,268,3,1
85194L,HANGING SPRING FLOWER EGG LARGE,822.89,947,2010-12-14 12:58:00,2011-11-22 16:47:00,49,73,0.8689440337909187,17,49,0
85194S,HANGING SPRING FLOWER EGG SMALL,489.17,1197,2011-01-05 09:51:00,2011-12-04 12:32:00,58,72,0.40866332497911445,6,58,0
85195,HANGING HEART BASKET,23.1,11,2010-12-14 12:58:00,2011-03-16 15:45:00,3,3,2.1,268,3,1
85197,SET OF 12 MINI BUNNIES IN A BUCKET,71.4,34,2011-01-11 12:11:00,2011-07-29 17:28:00,16,19,2.1,133,16,1
85198,ASSORTED FARMYARD ANIMALS IN BUCKET,74.58,90,2011-01-17 15:19:00,2011-05-18 16:37:00,8,9,0.8286666666666667,205,8,1
85199L,LARGE HANGING IVORY & RED WOOD BIRD,663.4300000000001,977,2010-12-01 13:54:00,2011-12-08 09:40:00,83,95,0.6790481064483113,2,83,0
85199S,SMALL HANGING IVORY/RED WOOD BIRD,1302.31,2660,2010-12-01 13:54:00,2011-12-09 10:03:00,147,261,0.48959022556390974,1,147,0
85200,BUNNY EGG BOX,228.75,183,2011-01-16 16:23:00,2011-04-18 13:36:00,23,26,1.25,235,23,1
85202,HANGING WOOD AND FELT HEART,313.13,672,2010-12-06 09:58:00,2011-11-29 13:12:00,81,106,0.4659672619047619,10,81,0
85203,HANGING WOOD AND FELT BUTTERFLY ,408.99,895,2010-12-03 11:36:00,2011-12-05 15:59:00,90,127,0.45697206703910614,4,90,0
85204,HANGING WOOD AND FELT FLOWER,325.35999999999996,2050,2010-12-06 09:58:00,2011-12-07 15:07:00,86,104,0.1587121951219512,2,86,0
85205B,PINK FELT EASTER RABBIT GARLAND,323.15,122,2010-12-17 12:38:00,2011-04-21 18:06:00,24,29,2.6487704918032784,232,24,1
85206A,CREAM FELT EASTER EGG BASKET,1568.9299999999998,974,2010-12-05 12:01:00,2011-03-17 18:24:00,49,114,1.6108110882956876,267,49,1
85206B,PINK FELT EASTER EGG BASKET,23.099999999999998,14,2011-01-13 11:48:00,2011-01-20 19:16:00,4,4,1.65,323,4,1
85208,SET/12 FUNKY FELT FLOWER PEG IN BAG,416.91,223,2010-12-05 13:42:00,2011-11-29 10:57:00,40,48,1.8695515695067266,11,40,0
85211,S/4 GROOVY CAT MAGNETS,175.16,149,2010-12-10 14:59:00,2011-10-13 12:21:00,24,24,1.1755704697986578,58,24,0
85212,MINI PAINTED GARDEN DECORATION ,740.15,2451,2010-12-01 17:06:00,2011-12-07 12:55:00,68,79,0.3019787841697266,2,68,0
85213,MINI  ZINC GARDEN DECORATIONS ,330.54999999999995,829,2010-12-07 18:36:00,2011-07-31 11:45:00,29,33,0.3987334137515078,132,29,1
85214,TUB 24 PINK FLOWER PEGS,271.03999999999996,164,2010-12-02 18:15:00,2011-08-10 16:19:00,47,58,1.652682926829268,121,47,0
85215,ASSORTED CHEESE FRIDGE MAGNETS,180.71,223,2010-12-05 15:26:00,2011-08-10 15:29:00,18,18,0.8103587443946189,121,18,1
85216,ASSORTED CAKES FRIDGE MAGNETS,35.75,55,2010-12-02 11:41:00,2011-11-18 12:48:00,8,8,0.65,22,8,0
85224,ASSORTED COLOUR SILK GLASSES CASE,6.300000000000001,3,2011-03-23 16:45:00,2011-03-23 16:45:00,1,1,2.1,261,1,1
85225,BLING KEY RING STAND,6.25,6,2011-04-28 16:11:00,2011-12-07 08:45:00,3,3,1.0416666666666667,3,3,0
85227,SET OF 6 3D KIT CARDS FOR KIDS,1359.3999999999999,1477,2010-12-01 17:06:00,2011-12-09 10:03:00,132,223,0.9203791469194312,1,132,0
85230A,OPIUM SCENTED VOTIVE CANDLE,203.27999999999997,840,2010-12-20 13:10:00,2011-12-02 12:52:00,18,18,0.24199999999999997,7,18,0
85230B,CINNAMON SCENTED VOTIVE CANDLE,333.2,1288,2010-12-03 14:26:00,2011-12-06 15:43:00,35,39,0.25869565217391305,3,35,0
85230E,STRAWBRY SCENTED VOTIVE CANDLE,267.45,1101,2010-12-10 15:45:00,2011-09-11 15:44:00,24,24,0.24291553133514984,89,24,0
85230F,JASMINE VOTIVE CANDLE,90.33999999999999,338,2010-12-03 14:26:00,2011-11-10 13:28:00,12,12,0.26727810650887573,29,12,0
85230G,ORANGE VOTIVE CANDLE,257.03999999999996,1032,2010-12-08 14:59:00,2011-12-02 12:52:00,24,25,0.24906976744186043,7,24,0
85231B,CINAMMON SET OF 9 T-LIGHTS,777.5799999999999,868,2010-12-01 12:23:00,2011-12-08 13:50:00,108,151,0.8958294930875575,1,108,0
85231G,ORANGE SCENTED SET/9 T-LIGHTS,501.27,594,2010-12-01 12:23:00,2011-10-12 16:36:00,66,81,0.8438888888888889,58,66,0
85231b,CINAMMON SET OF 9 T-LIGHTS,4.92,3,2010-12-21 15:17:00,2011-04-15 10:40:00,3,3,1.64,239,3,1
85231g,ORANGE SCENTED SET/9 T-LIGHTS,9.78,6,2011-01-14 10:12:00,2011-05-10 15:09:00,6,6,1.63,213,6,1
85232A,SET/3 POLKADOT STACKING TINS,389.55,78,2010-12-17 14:54:00,2011-06-06 16:41:00,24,29,4.99423076923077,186,24,1
85232B,SET OF 3 BABUSHKA STACKING TINS,1356.3,274,2010-12-01 14:32:00,2011-02-11 13:53:00,9,13,4.95,301,9,1
85232D,SET/3 DECOUPAGE STACKING TINS,992.5200000000001,193,2010-12-01 17:06:00,2011-12-08 09:28:00,60,69,5.14259067357513,2,60,0
90000A,RASPBERRY ANT COPPER FLOWER NECKLAC,77.91,13,2011-02-20 14:31:00,2011-11-16 15:16:00,8,8,5.993076923076923,23,8,0
90000B,MIDNIGHT BLUE COPPER FLOWER NECKLAC,67.83,11,2010-12-07 15:28:00,2011-07-25 17:11:00,7,7,6.166363636363636,137,7,1
90000D,COPPER/OLIVE GREEN FLOWER NECKLACE,129.85,21,2010-12-03 11:36:00,2011-11-25 14:25:00,14,14,6.183333333333333,14,14,0
90001A,ANTIQUE RASPBERRY FLOWER EARRINGS,20.950000000000003,5,2011-02-28 16:59:00,2011-10-31 14:41:00,4,4,4.19,39,4,0
90001B,ANTIQUE MID BLUE FLOWER EARRINGS,21.15,5,2011-06-13 14:16:00,2011-11-08 18:41:00,3,3,4.2299999999999995,31,3,0
90001C,ANTIQUE OPAL WHITE FLOWER EARRINGS,21.130000000000003,5,2010-12-07 18:36:00,2011-10-20 15:57:00,5,5,4.226000000000001,50,5,0
90001D,ANTIQUE OLIVE GREEN FLOWER EARRINGS,29.73,7,2010-12-06 09:58:00,2011-10-09 15:24:00,5,5,4.247142857142857,61,5,0
90002D,FLOWER BURST SILVER RING CRYSTAL,48.71,13,2010-12-02 15:49:00,2011-05-08 16:13:00,9,9,3.746923076923077,215,9,1
90003B,ROSE COLOUR PAIR HEART HAIR SLIDES,56.31,15,2010-12-07 15:28:00,2011-11-29 16:47:00,9,10,3.754,10,9,0
90003C,MIDNIGHT BLUE PAIR HEART HAIR SLIDE,119.84,32,2010-12-01 14:32:00,2011-12-09 10:03:00,23,24,3.745,1,23,0
90003D,CRYSTAL PAIR HEART HAIR SLIDES,112.26,30,2010-12-12 11:06:00,2011-11-29 16:47:00,16,16,3.742,10,16,0
90003E,GREEN PAIR HEART HAIR SLIDES,86.11,23,2010-12-03 11:36:00,2011-12-09 10:03:00,13,14,3.743913043478261,1,13,0
90005A,JADE GREEN ENAMEL HAIR COMB,28.02,14,2010-12-07 15:28:00,2011-04-27 17:18:00,8,10,2.0014285714285713,226,8,1
90010A,MIDNIGHT BLUE GLASS/SILVER BRACELET,167.3,18,2010-12-03 16:21:00,2011-12-09 10:03:00,15,15,9.294444444444444,1,15,0
90010B,BLACK/WHITE GLASS/SILVER BRACELET,100.08999999999999,11,2010-12-03 16:21:00,2011-04-10 11:45:00,7,7,9.099090909090908,244,7,1
90010E,AMBER GLASS/SILVER BRACELET,227.89,25,2010-12-06 10:08:00,2011-12-02 16:39:00,16,16,9.115599999999999,7,16,0
90011A,MIDNIGHT BLUE CRYSTAL DROP EARRINGS,17.509999999999998,6,2010-12-23 13:26:00,2011-11-24 14:40:00,6,6,2.918333333333333,15,6,0
90011B,BLACK CRYSTAL DROP EARRINGS,35.27,12,2010-12-20 10:14:00,2011-11-30 15:13:00,7,7,2.939166666666667,9,7,0
90011C,GREEN CRYSTAL DROP EARRINGS,5.8,2,2011-07-06 16:33:00,2011-11-24 09:26:00,2,2,2.9,16,2,0
90011D,PURPLE CRYSTAL DROP EARRINGS,8.76,3,2010-12-17 17:08:00,2011-11-22 15:41:00,3,3,2.92,17,3,0
90011E,AMBER CRYSTAL DROP EARRINGS,8.76,3,2011-01-12 09:26:00,2011-09-15 16:32:00,3,3,2.92,85,3,0
90012A,MIDNIGHT BLUE DROP CRYSTAL NECKLACE,53.760000000000005,11,2010-12-17 17:08:00,2011-10-11 11:38:00,5,5,4.887272727272728,60,5,0
90012B,BLACK DROP CRYSTAL NECKLACE,45.35000000000001,13,2010-12-16 12:56:00,2011-11-13 11:46:00,3,3,3.488461538461539,27,3,0
90013A,MIDNIGHT BLUE VINTAGE EARRINGS,195.32,52,2010-12-06 16:57:00,2011-12-09 10:03:00,28,32,3.756153846153846,1,28,0
90013B,BLACK VINTAGE EARRINGS,149.41000000000003,36,2010-12-01 17:06:00,2011-11-30 15:13:00,29,31,4.150277777777778,9,29,0
90013C,GREEN VINTAGE EARRINGS ,158.08,39,2010-12-06 09:58:00,2011-12-09 10:03:00,26,28,4.053333333333334,1,26,0
90013D,PURPLE VINTAGE EARRINGS,25.17,6,2010-12-23 13:26:00,2011-06-29 15:58:00,3,3,4.195,163,3,1
90014A,SILVER/MOP ORBIT NECKLACE,217.59,27,2010-12-17 17:23:00,2011-12-09 10:03:00,21,21,8.05888888888889,1,21,0
90014B,GOLD M PEARL  ORBIT NECKLACE,158.73999999999998,17,2010-12-06 09:58:00,2011-10-26 12:46:00,15,15,9.337647058823528,45,15,0
90014C,SILVER AND BLACK ORBIT NECKLACE,43.199999999999996,5,2011-03-31 19:12:00,2011-11-27 15:38:00,4,4,8.639999999999999,12,4,0
90016A,SILVER/M.O.P PENDANT ORBIT NECKLACE,105.71000000000001,17,2011-01-27 15:36:00,2011-10-26 12:28:00,7,7,6.2182352941176475,45,7,0
90016B,GOLD/M.O.P PENDANT ORBIT NECKLACE,184.66,22,2011-01-27 15:36:00,2011-12-09 10:03:00,18,19,8.393636363636363,1,18,0
90016C,SILVER/BLACK PENDANT ORBIT NECKLACE,24.96,3,2011-03-03 09:10:00,2011-12-08 09:28:00,3,3,8.32,2,3,0
90018A,SILVER M.O.P ORBIT DROP EARRINGS,193.33,46,2010-12-01 14:32:00,2011-12-08 16:30:00,34,37,4.202826086956522,1,34,0
90018B,GOLD M.O.P ORBIT DROP EARRINGS,92.28,22,2010-12-01 17:06:00,2011-12-09 10:03:00,17,17,4.194545454545454,1,17,0
90018C,SILVER BLACK ORBIT DROP EARRINGS,50.400000000000006,12,2011-05-24 15:54:00,2011-11-25 14:25:00,9,9,4.2,14,9,0
90019A,SILVER M.O.P ORBIT BRACELET,197.09,38,2010-12-07 18:36:00,2011-12-05 17:24:00,25,27,5.186578947368421,4,25,0
90019B,GOLD M.O.P ORBIT BRACELET,96.52000000000001,18,2010-12-01 17:06:00,2011-12-09 10:03:00,18,18,5.362222222222223,1,18,0
90019C,SILVER BLACK ORBIT BRACELET,68.73,13,2010-12-07 15:28:00,2011-12-08 09:28:00,10,11,5.2869230769230775,2,10,0
90020,FILIGREE DIAMANTE CHAIN,12.48,1,2011-08-30 10:47:00,2011-08-30 10:47:00,1,1,12.48,102,1,0
90021,LASER CUT MULTI STRAND NECKLACE,11.95,1,2011-04-27 12:35:00,2011-04-27 12:35:00,1,1,11.95,227,1,1
90022,EDWARDIAN DROP EARRINGS JET BLACK,90.2,24,2010-12-01 14:32:00,2011-12-08 16:30:00,19,20,3.7583333333333333,1,19,0
90023,FILIGREE DIAMANTE EARRINGS,55.02,13,2010-12-07 18:36:00,2011-11-27 15:18:00,9,9,4.2323076923076925,12,9,0
90024B,NEW BAROQUE B'FLY NECKLACE RED,67.28,8,2011-02-14 09:41:00,2011-12-05 17:24:00,6,6,8.41,4,6,0
90024C,NEW BAROQUE B'FLY NECKLACE GREEN,33.81,4,2010-12-01 17:06:00,2011-07-25 17:00:00,3,3,8.4525,137,3,1
90024D,NEW BAROQUE B'FLY NECKLACE PINK,16.82,2,2011-04-10 11:45:00,2011-09-29 15:13:00,2,2,8.41,71,2,0
90024E,NEW BAROQUE B'FLY NECKLACE MONTANA,16.810000000000002,2,2010-12-23 13:26:00,2011-03-29 15:20:00,2,2,8.405000000000001,255,2,1
90024F,NEW BAROQUE B'FLY NECKLACE CRYSTAL,42.13,5,2010-12-23 13:26:00,2011-11-30 15:13:00,4,4,8.426,9,4,0
90025A,BAROQUE BUTTERFLY EARRINGS BLACK,7.5,2,2011-04-10 15:19:00,2011-10-09 15:24:00,2,2,3.75,61,2,0
90025B,BAROQUE BUTTERFLY EARRINGS RED,3.73,1,2011-04-21 16:17:00,2011-04-21 16:17:00,1,1,3.73,232,1,1
90025D,BAROQUE BUTTERFLY EARRINGS PINK,11.19,3,2011-03-03 09:10:00,2011-09-29 15:13:00,3,3,3.73,71,3,0
90025E,BAROQUE BUTTERFLY EARRINGS MONTANA,3.73,1,2011-06-06 16:06:00,2011-06-06 16:06:00,1,1,3.73,186,1,1
90025F,BAROQUE BUTTERFLY EARRINGS CRYSTAL,14.96,4,2011-07-04 10:23:00,2011-10-20 15:57:00,4,4,3.74,50,4,0
90026A,GLASS BEAD HOOP NECKLACE BLACK,17.0,2,2011-06-13 14:16:00,2011-06-13 14:16:00,1,1,8.5,179,1,1
90026B,GLASS BEAD HOOP NECKLACE MONTANA,25.32,3,2011-02-20 14:31:00,2011-03-31 19:12:00,3,3,8.44,253,3,1
90026C,GLASS BEAD HOOP NECKLACE GREEN,33.82,4,2011-02-20 14:31:00,2011-11-09 11:10:00,3,3,8.455,31,3,0
90026D,GLASS BEAD HOOP NECKLACE AMETHYST,25.5,3,2011-02-20 14:31:00,2011-11-18 13:25:00,3,3,8.5,21,3,0
90027A,GLASS BEAD HOOP EARRINGS BLACK,17.66,6,2010-12-07 18:36:00,2011-08-30 12:40:00,3,3,2.9433333333333334,102,3,0
90027B,GLASS BEAD HOOP EARRINGS MONTANA,8.76,3,2010-12-17 14:54:00,2011-11-25 16:14:00,3,3,2.92,14,3,0
90027C,GLASS BEAD HOOP EARRINGS GREEN,14.5,5,2011-01-20 18:01:00,2011-11-25 16:14:00,5,5,2.9,14,5,0
90027D,GLASS BEAD HOOP EARRINGS AMETHYST,28.4,9,2010-12-20 10:48:00,2011-12-09 10:03:00,6,6,3.1555555555555554,1,6,0
90028,NEW BAROQUE LARGE NECKLACE BLK/WHIT,134.16,16,2010-12-03 11:36:00,2011-11-02 15:33:00,14,14,8.385,37,14,0
90029,NEW BAROQUE SMALL NECKLACE BLACK,42.14,5,2011-02-11 16:20:00,2011-08-30 10:47:00,4,4,8.428,102,4,0
90030A,SPOTTED WHITE NATURAL SEED NECKLACE,72.0,72,2011-07-18 10:29:00,2011-11-28 13:51:00,6,7,1.0,11,6,0
90030B,RED KUKUI COCONUT SEED NECKLACE,190.73000000000002,122,2010-12-09 14:09:00,2011-12-09 10:03:00,23,25,1.563360655737705,1,23,0
90030C,BROWN KUKUI COCONUT SEED NECKLACE,91.7,77,2010-12-09 14:09:00,2011-11-25 10:20:00,10,11,1.190909090909091,15,10,0
90031,BILI NUT AND WOOD NECKLACE,59.89,50,2010-12-10 14:59:00,2011-11-25 10:20:00,7,7,1.1978,15,7,0
90032,IVORY SHELL HEART NECKLACE,103.13,21,2010-12-13 14:16:00,2011-10-26 12:28:00,8,8,4.910952380952381,45,8,0
90033,IVORY SHELL HEART EARRINGS,25.07,10,2010-12-09 15:53:00,2011-11-29 16:47:00,9,9,2.507,10,9,0
90034,WHITE SILVER NECKLACE SHELL GLASS,20.17,2,2010-12-08 14:25:00,2011-04-18 15:26:00,2,2,10.085,235,2,1
90035A,"PEARL & SHELL 42""NECKL. GREEN",53.62,5,2010-12-15 13:24:00,2011-04-13 16:58:00,3,3,10.724,240,3,1
90035C,"PEARL & SHELL 42""NECKL. IVORY",21.5,2,2011-05-13 16:12:00,2011-05-13 16:12:00,1,1,10.75,210,1,1
90036A,FLOWER GARLAND NECKLACE RED,47.7,6,2011-05-08 16:13:00,2011-08-05 16:19:00,4,4,7.95,126,4,1
90036B,"FLOWER GLASS GARLAND NECKL.36""GREEN",31.8,4,2011-06-13 14:16:00,2011-08-01 17:37:00,2,2,7.95,130,2,1
90036C,"FLOWER GLASS GARLAND NECKL.36""BLUE",71.4,9,2011-04-18 15:16:00,2011-12-02 16:39:00,5,5,7.933333333333334,7,5,0
90036D,"FLOWER GLASS GARLAND NECKL.36""BLACK",95.35000000000001,12,2010-12-09 13:34:00,2011-06-13 14:16:00,5,5,7.945833333333334,179,5,1
90036E,"FLOWER GLASS GARLD NECKL36""AMETHYST",110.95,14,2010-12-12 16:14:00,2011-10-20 15:57:00,11,11,7.925,50,11,0
90036F,"FLOWER GLASS GARLD NECKL36""TURQUOIS",64.08,8,2010-12-01 17:06:00,2011-03-23 12:15:00,5,5,8.01,262,5,1
90037A,TINY CRYSTAL BRACELET RED,2.48,1,2011-01-25 10:45:00,2011-01-25 10:45:00,1,1,2.48,319,1,1
90037B,TINY CRYSTAL BRACELET GREEN,25.279999999999998,10,2011-01-05 11:30:00,2011-12-06 16:26:00,5,5,2.5279999999999996,3,5,0
90037C,TINY CRYSTAL BRACELET BLUE,12.52,5,2011-01-10 16:25:00,2011-12-06 16:26:00,5,5,2.504,3,5,0
90038A,GLASS AND PAINTED BEADS BRACELET TO,56.15,15,2011-01-12 09:26:00,2011-11-24 09:26:00,10,10,3.743333333333333,16,10,0
90038B,GLASS AND PAINTED BEADS BRACELET OL,48.77,13,2011-01-10 09:43:00,2011-12-08 16:30:00,8,8,3.7515384615384617,1,8,0
90038C,GLASS AND BEADS BRACELET IVORY,33.69,9,2011-03-07 12:26:00,2011-09-02 16:39:00,4,4,3.743333333333333,98,4,0
90039A,FIRE POLISHED GLASS BRACELET RED,29.96,8,2011-01-13 09:30:00,2011-12-05 17:24:00,3,3,3.745,4,3,0
90039B,FIRE POLISHED GLASS BRACELET MONTAN,41.31,11,2010-12-09 14:09:00,2011-07-27 15:16:00,6,6,3.755454545454546,135,6,1
90039C,FIRE POLISHED GLASS BRACELET BLACK,22.48,6,2010-12-06 10:08:00,2011-12-08 09:28:00,6,6,3.7466666666666666,2,6,0
90039D,FIRE POLISHED GLASS BRACELET GREEN,78.69,21,2010-12-09 14:09:00,2011-12-06 16:26:00,9,9,3.747142857142857,3,9,0
90040A,MURANO STYLE GLASS BRACELET RED,54.290000000000006,14,2010-12-10 14:59:00,2011-03-07 12:26:00,5,5,3.877857142857143,278,5,1
90040B,MURANO STYLE GLASS BRACELET BLACK,66.7,18,2010-12-01 17:06:00,2011-05-06 15:40:00,10,11,3.7055555555555557,217,10,1
90040C,MURANO STYLE GLASS BRACELET GOLD,54.42,15,2010-12-08 14:25:00,2011-12-04 12:32:00,10,10,3.628,6,10,0
90041,PEARL AND CHERRY QUARTZ BRACLET,18.27,5,2011-01-05 11:30:00,2011-12-02 16:39:00,4,4,3.654,7,4,0
90042A,FRESHWATER PEARL BRACELET GOLD,7.6499999999999995,3,2010-12-15 13:24:00,2011-04-13 16:58:00,2,2,2.55,240,2,1
90042C,FRESHWATER PEARL BRACELET IVORY,12.7,5,2010-12-17 17:08:00,2011-01-11 13:16:00,5,5,2.54,332,5,1
90043,COPPER AND BRASS BAG CHARM,24.810000000000002,4,2011-07-07 16:59:00,2011-10-17 13:31:00,2,2,6.202500000000001,53,2,0
90046,WHITE WITH METAL BAG CHARM,14.850000000000001,3,2011-07-07 16:59:00,2011-07-07 16:59:00,1,1,4.95,155,1,1
90048,GREEN WITH METAL BAG CHARM,14.850000000000001,3,2011-07-07 16:59:00,2011-07-07 16:59:00,1,1,4.95,155,1,1
90049,IVORY GOLD METAL BAG CHARM,34.77,5,2011-07-07 16:59:00,2011-11-23 13:39:00,3,3,6.954000000000001,16,3,0
90050,CRACKED GLAZE NECKLACE IVORY,55.72,8,2010-12-03 16:21:00,2011-11-09 11:10:00,4,4,6.965,31,4,0
90051,CRACKED GLAZE NECKLACE RED,70.16,10,2010-12-01 17:06:00,2011-10-09 15:24:00,7,7,7.016,61,7,0
90052,CRACKED GLAZE NECKLACE BROWN,14.14,2,2011-08-12 16:30:00,2011-11-15 16:57:00,2,2,7.07,24,2,0
90053,CRACKED GLAZE EARRINGS IVORY,9.99,4,2010-12-03 16:21:00,2011-10-07 15:09:00,4,4,2.4975,63,4,0
90054,CRACKED GLAZE EARRINGS RED,22.58,9,2010-12-01 17:06:00,2011-12-08 09:20:00,9,9,2.5088888888888885,2,9,0
90055,CRACKED GLAZE EARRINGS BROWN,12.53,5,2010-12-20 10:14:00,2011-12-09 10:03:00,5,5,2.506,1,5,0
90056,CHUNKY CRACKED GLAZE NECKLACE IVORY,43.510000000000005,4,2010-12-06 10:08:00,2011-12-06 16:26:00,4,4,10.877500000000001,3,4,0
90057,DIAMANTE RING ASSORTED IN BOX.,1311.3600000000001,1008,2010-12-13 15:44:00,2011-12-08 16:10:00,18,22,1.300952380952381,1,18,0
90058A,CRYSTAL STUD EARRINGS CLEAR DISPLAY,123.12,324,2011-05-05 15:39:00,2011-11-14 12:07:00,7,7,0.38,26,7,0
90058B,CRYSTAL STUD EARRINGS ASSORTED COL ,232.56,612,2010-12-14 13:33:00,2011-12-01 14:30:00,15,15,0.38,8,15,0
90059A,DIAMANTE HAIR GRIP PACK/2 CRYSTAL,74.53,45,2010-12-06 16:57:00,2011-12-09 10:03:00,26,27,1.6562222222222223,1,26,0
90059B,DIAMANTE HAIR GRIP PACK/2 BLACK DIA,26.52,16,2010-12-01 12:23:00,2011-12-05 17:24:00,9,10,1.6575,4,9,0
90059C,DIAMANTE HAIR GRIP PACK/2 MONTANA,24.79,15,2010-12-01 12:23:00,2011-12-08 16:30:00,10,10,1.6526666666666665,1,10,0
90059D,DIAMANTE HAIR GRIP PACK/2 PERIDOT,41.449999999999996,25,2010-12-08 14:25:00,2011-12-09 10:03:00,19,19,1.658,1,19,0
90059E,DIAMANTE HAIR GRIP PACK/2 RUBY,41.37,25,2010-12-01 12:23:00,2011-12-09 10:03:00,14,15,1.6547999999999998,1,14,0
90059F,DIAMANTE HAIR GRIP PACK/2 LT ROSE,34.69,21,2011-01-10 14:32:00,2011-12-09 10:03:00,14,14,1.6519047619047618,1,14,0
90060B,FIRE POLISHED GLASS NECKL GOLD,5.95,1,2010-12-15 13:24:00,2010-12-15 13:24:00,1,1,5.95,359,1,1
90060D,FIRE POLISHED GLASS NECKL BRONZE,17.85,3,2010-12-06 12:47:00,2010-12-15 13:24:00,3,3,5.95,359,3,1
90060F,FIRE POLISHED GLASS NECKL GREEN,35.160000000000004,6,2010-12-03 11:36:00,2011-11-25 16:14:00,6,6,5.86,14,6,0
90062,CARNIVAL BRACELET,558.03,44,2010-12-05 15:12:00,2011-04-28 16:21:00,20,26,12.6825,225,20,1
90063A,WHITE VINT ART DECO CRYSTAL NECKLAC,102.0,12,2011-02-11 16:20:00,2011-11-03 11:29:00,8,8,8.5,37,8,0
90063B,BLACK VINT ART DEC CRYSTAL NECKLACE,76.32,9,2011-02-11 16:20:00,2011-11-03 11:29:00,6,6,8.479999999999999,37,6,0
90064A,WHITE VINTAGE CRYSTAL EARRINGS,38.7,10,2011-02-11 16:20:00,2011-11-17 15:17:00,6,6,3.87,22,6,0
90064B,BLACK VINTAGE  CRYSTAL EARRINGS,45.0,12,2011-02-11 16:19:00,2011-10-12 11:41:00,7,7,3.75,59,7,0
90065A,WHITE VINTAGE CRYSTAL BRACELET,47.25,7,2011-02-20 14:31:00,2011-06-26 13:45:00,4,4,6.75,166,4,1
90065B,BLACK VINT ART DEC CRYSTAL BRACELET,13.5,2,2011-10-12 11:41:00,2011-11-09 15:07:00,2,2,6.75,30,2,0
90067A,PINK VINTAGE VICTORIAN EARRINGS,41.150000000000006,14,2010-12-12 11:06:00,2011-11-15 10:56:00,7,7,2.9392857142857145,25,7,0
90067B,BROWN VINTAGE VICTORIAN EARRINGS,5.8,2,2011-07-12 16:11:00,2011-07-27 15:12:00,2,2,2.9,135,2,1
90068,"RUBY GLASS NECKLACE 42""",7.5,1,2011-03-18 11:32:00,2011-03-18 11:32:00,1,1,7.5,267,1,1
90069,RUBY GLASS CLUSTER NECKLACE,15.0,2,2011-11-03 11:29:00,2011-11-03 11:29:00,1,1,7.5,37,1,0
90070,RUBY GLASS CLUSTER BRACELET,122.64000000000001,20,2010-12-10 09:51:00,2011-11-24 09:26:00,13,14,6.132000000000001,16,13,0
90071,RUBY GLASS CLUSTER EARRINGS,54.62,44,2010-12-01 14:32:00,2011-12-05 17:24:00,32,33,1.2413636363636362,4,32,0
90072,RUBY DROP CHANDELIER EARRINGS,83.42,21,2010-12-17 16:59:00,2011-12-09 10:03:00,14,14,3.9723809523809526,1,14,0
90073,VINTAGE ENAMEL & CRYSTAL EARRINGS,134.70000000000002,27,2010-12-06 16:57:00,2011-12-07 16:56:00,18,18,4.98888888888889,2,18,0
90074,BLACK DIAMOND CLUSTER NECKLACE,37.239999999999995,4,2010-12-06 16:57:00,2011-11-28 15:31:00,3,3,9.309999999999999,11,3,0
90075,MONTANA DIAMOND CLUSTER NECKLACE,37.66,4,2011-03-18 11:32:00,2011-11-24 09:21:00,3,3,9.415,16,3,0
90076,MONTANA DIAMOND CLUSTER EARRINGS,24.119999999999997,9,2010-12-13 11:21:00,2011-11-24 09:21:00,4,4,2.6799999999999997,16,4,0
90077,BLACK DIAMOND CLUSTER EARRINGS,8.82,3,2010-12-01 17:06:00,2011-09-07 16:15:00,3,3,2.94,93,3,0
90078,PINK/WHITE GLASS DEMI CHOKER,15.0,2,2010-12-13 14:16:00,2010-12-13 14:16:00,1,1,7.5,361,1,1
90079,VINTAGE ENAMEL & CRYSTAL NECKLACE,49.760000000000005,10,2011-01-12 09:26:00,2011-10-09 15:24:00,4,4,4.976000000000001,61,4,0
90081A,LILY BROOCH AMETHYST COLOUR,74.25,15,2010-12-02 13:49:00,2011-12-07 16:56:00,8,8,4.95,2,8,0
90081B,LILY BROOCH WHITE/SILVER COLOUR,4.95,1,2011-05-18 16:05:00,2011-05-18 16:05:00,1,1,4.95,205,1,1
90081C,LILY BROOCH OLIVE COLOUR,99.60000000000001,20,2010-12-06 10:08:00,2011-12-07 16:56:00,15,15,4.98,2,15,0
90082A,DIAMANTE BOW BROOCH GREEN COLOUR,193.2,30,2010-12-02 13:49:00,2011-12-08 09:20:00,17,18,6.4399999999999995,2,17,0
90082B,DIAMANTE BOW BROOCH RED COLOUR,158.75,25,2010-12-02 13:49:00,2011-12-07 16:56:00,10,10,6.35,2,10,0
90082D,DIAMANTE BOW BROOCH BLACK COLOUR,58.03,9,2010-12-02 13:49:00,2011-11-27 15:18:00,5,5,6.447777777777778,12,5,0
90083,CRYSTAL CZECH CROSS PHONE CHARM,23.47,25,2011-05-09 16:30:00,2011-12-08 09:28:00,9,9,0.9388,2,9,0
90084,PINK CRYSTAL GUITAR PHONE CHARM,0.85,1,2011-03-06 11:39:00,2011-03-06 11:39:00,1,1,0.85,279,1,1
90085,CRYSTAL STILETTO PHONE CHARM,36.76,34,2010-12-06 09:58:00,2011-12-02 16:14:00,10,10,1.0811764705882352,7,10,0
90086,CRYSTAL FROG PHONE CHARM,77.78999999999999,102,2010-12-05 12:53:00,2011-12-09 10:03:00,27,28,0.7626470588235293,1,27,0
90087,CRYSTAL SEA HORSE PHONE CHARM,61.459999999999994,107,2010-12-07 15:28:00,2011-12-08 16:58:00,24,25,0.5743925233644859,1,24,0
90089,PINK CRYSTAL SKULL PHONE CHARM,13.94,20,2010-12-08 14:25:00,2011-12-08 15:31:00,9,9,0.697,1,9,0
90092,BLUE CRYSTAL BOOT PHONE CHARM,1.66,1,2011-01-12 09:26:00,2011-01-12 09:26:00,1,1,1.66,332,1,1
90093,CLEAR CRYSTAL STAR PHONE CHARM,28.569999999999997,52,2010-12-09 14:09:00,2011-12-06 17:18:00,9,10,0.5494230769230769,3,9,0
90094,NECKLACE+BRACELET SET FRUIT SALAD ,35.699999999999996,14,2010-12-03 11:19:00,2011-12-05 17:36:00,13,13,2.55,4,13,0
90096,NECKLACE+BRACELET SET BLUE BLOSSOM,112.21,45,2010-12-03 12:01:00,2011-11-13 16:18:00,26,26,2.4935555555555555,26,26,0
90098,NECKLACE+BRACELET PINK BUTTERFLY,73.95,29,2011-02-03 13:58:00,2011-11-25 11:20:00,10,10,2.5500000000000003,15,10,0
90099,NECKLACE+BRACELET SET BLUE HIBISCUS,76.38,27,2010-12-01 14:32:00,2011-12-06 12:02:00,15,16,2.828888888888889,4,15,0
90100,NECKLACE+BRACELET SET PINK DAISY,2.55,1,2011-02-24 11:54:00,2011-02-24 11:54:00,1,1,2.55,289,1,1
90101,WHITE FRANGIPANI NECKLACE,98.07,39,2010-12-06 10:08:00,2011-12-08 09:28:00,17,17,2.5146153846153845,2,17,0
90102,WHITE FRANGIPANI HAIR CLIP,8.5,10,2011-06-07 12:47:00,2011-06-07 12:47:00,1,1,0.85,186,1,1
90103,PURPLE FRANGIPANI NECKLACE,72.66,29,2010-12-23 13:26:00,2011-12-05 17:28:00,15,16,2.50551724137931,4,15,0
90104,PURPLE FRANGIPANI HAIRCLIP,23.16,28,2010-12-06 16:57:00,2011-04-18 13:49:00,12,12,0.8271428571428572,235,12,1
90108,BLUE BLOSSOM HAIR CLIP,81.96000000000001,70,2010-12-19 14:41:00,2011-12-01 16:22:00,12,12,1.170857142857143,8,12,0
90112,PINK DOLLY HAIR CLIPS,2.1,2,2010-12-23 16:31:00,2010-12-23 16:31:00,1,1,1.05,351,1,1
90114,SUMMER DAISIES BAG CHARM,417.96,167,2010-12-03 11:36:00,2011-12-08 16:30:00,68,88,2.502754491017964,1,68,0
90115,SUMMER BUTTERFLIES BAG CHARM,134.53,54,2010-12-03 11:36:00,2011-06-02 11:13:00,28,31,2.491296296296296,191,28,1
90116,FRUIT SALAD BAG CHARM,145.52,64,2010-12-01 14:32:00,2011-12-08 16:30:00,39,45,2.27375,1,39,0
90118,PINK DAISY BAG CHARM,74.64,30,2011-01-06 14:27:00,2011-12-05 17:28:00,18,19,2.488,4,18,0
90119,METALIC LEAVES BAG CHARMS,205.06,83,2011-01-07 13:55:00,2011-12-08 16:30:00,33,36,2.470602409638554,1,33,0
90120A,PINK MURANO TWIST BRACELET,29.73,7,2010-12-08 14:25:00,2011-01-25 10:45:00,3,3,4.247142857142857,319,3,1
90120B,BLUE MURANO TWIST BRACELET,164.12,39,2010-12-03 11:36:00,2011-12-09 10:03:00,15,15,4.208205128205129,1,15,0
90120C,GREEN MURANO TWIST BRACELET,215.20000000000002,51,2010-12-01 14:32:00,2011-12-09 10:03:00,21,22,4.219607843137255,1,21,0
90120D,WHITE MURANO TWIST BRACELET,41.790000000000006,10,2010-12-13 10:58:00,2011-02-09 13:37:00,5,5,4.179,303,5,1
90122A,PINK CRYSTAL+GLASS BRACELET,104.53,21,2010-12-17 14:54:00,2011-11-15 17:00:00,14,14,4.977619047619048,24,14,0
90122B,JADE CRYSTAL+GLASS BRACELET,29.93,6,2011-01-10 16:25:00,2011-09-02 09:34:00,6,6,4.988333333333333,99,6,0
90122C,TURQUOISE CRYSTAL+GLASS BRACELET,119.23,24,2011-01-09 12:01:00,2011-12-02 16:39:00,11,11,4.9679166666666665,7,11,0
90123A,PINK HEART OF GLASS BRACELET,89.12,15,2011-01-27 15:36:00,2011-10-10 16:02:00,8,9,5.941333333333334,60,8,0
90123B,TURQUOISE HEART OF GLASS BRACELET,53.42,9,2011-01-09 12:01:00,2011-08-01 17:37:00,5,5,5.935555555555556,130,5,1
90123C,GREEN HEART OF GLASS BRACELET,83.29,14,2011-01-09 12:01:00,2011-08-01 17:37:00,6,6,5.949285714285715,130,6,1
90123D,WHITE HEART OF GLASS BRACELET,35.31,6,2011-01-27 15:36:00,2011-11-28 15:31:00,5,5,5.885000000000001,11,5,0
90124A,PINK MURANO TWIST NECKLACE,79.66,8,2011-02-28 16:50:00,2011-10-30 12:18:00,6,6,9.9575,41,6,0
90124B,BLUE MURANO TWIST NECKLACE,119.89,12,2010-12-01 17:06:00,2011-11-11 17:58:00,10,11,9.990833333333333,28,10,0
90124C,GREEN MURANO TWIST NECKLACE,109.53999999999999,11,2011-03-22 15:48:00,2011-11-03 15:56:00,8,8,9.958181818181817,36,8,0
90125A,PINK BERTIE GLASS BEAD BAG CHARM,106.24,115,2010-12-14 12:59:00,2011-07-13 16:07:00,10,10,0.9238260869565217,149,10,1
90125B,AQUA BERTIE GLASS BEAD BAG CHARM,48.06,30,2010-12-10 14:59:00,2011-12-02 16:14:00,12,12,1.602,7,12,0
90125C,TURQUOISE BERTIE GLASS BEAD CHARM,69.85,77,2011-01-05 11:30:00,2011-05-26 14:09:00,6,7,0.907142857142857,197,6,1
90125D,PURPLE BERTIE GLASS BEAD BAG CHARM,110.03,95,2010-12-10 14:59:00,2011-07-13 16:07:00,16,19,1.1582105263157896,149,16,1
90125E,AMBER BERTIE GLASS BEAD BAG CHARM,21.05,11,2011-01-04 13:25:00,2011-05-26 14:09:00,10,10,1.9136363636363638,197,10,1
90126A,PINK BERTIE MOBILE PHONE CHARM,3.36,1,2010-12-13 09:35:00,2010-12-13 09:35:00,1,1,3.36,362,1,1
90126C,AMBER BERTIE MOBILE PHONE CHARM,6.58,2,2011-07-15 16:27:00,2011-07-15 16:27:00,1,1,3.29,147,1,1
90127A,PINK BEADS+HAND PHONE CHARM,4.92,2,2011-07-15 16:27:00,2011-07-15 16:27:00,1,1,2.46,147,1,1
90128A,PINK LEAVES AND BEADS PHONE CHARM,7.43,3,2010-12-09 14:09:00,2011-07-26 16:22:00,2,2,2.4766666666666666,136,2,1
90128B,BLUE LEAVES AND BEADS PHONE CHARM,3.76,2,2010-12-03 14:54:00,2010-12-09 14:09:00,2,2,1.88,365,2,1
90128C,GREEN LEAVES AND BEADS PHONE CHARM,4.97,2,2010-12-09 14:09:00,2011-09-28 16:24:00,2,2,2.485,72,2,0
90128D,PURPLE LEAVES AND BEADS PHONE CHAR,4.97,2,2010-12-09 14:09:00,2011-02-15 09:44:00,2,2,2.485,298,2,1
90129A,PINK GLASS TASSLE BAG CHARM ,82.97999999999999,45,2010-12-01 14:32:00,2011-10-03 16:04:00,18,20,1.8439999999999999,67,18,0
90129B,TURQUOISE GLASS TASSLE BAG CHARM ,121.38000000000001,57,2010-12-01 14:32:00,2011-12-07 13:38:00,19,20,2.1294736842105264,2,19,0
90129C,GREEN GLASS TASSLE BAG CHARM,79.76,35,2010-12-06 16:57:00,2011-12-07 13:38:00,16,16,2.278857142857143,2,16,0
90129D,AMBER GLASS TASSLE BAG CHARM,33.440000000000005,14,2010-12-06 16:57:00,2011-10-19 15:08:00,7,7,2.388571428571429,51,7,0
90129E,PURPLE GLASS TASSLE BAG CHARM,77.03999999999999,42,2010-12-06 16:57:00,2011-11-24 09:26:00,14,14,1.834285714285714,16,14,0
90129F,RED GLASS TASSLE BAG CHARM,88.03,40,2010-12-01 11:45:00,2011-12-07 13:38:00,16,16,2.20075,2,16,0
90130A,WHITE STONE/CRYSTAL EARRINGS,17.5,6,2011-07-20 16:17:00,2011-11-25 16:14:00,5,6,2.9166666666666665,14,5,0
90130B,TURQ STONE/CRYSTAL EARRINGS,113.97,39,2010-12-06 10:08:00,2011-12-09 10:03:00,31,31,2.9223076923076925,1,31,0
90130C,GREEN STONE/CRYSTAL EARRINGS,40.95,14,2010-12-06 10:08:00,2011-12-09 10:03:00,13,13,2.9250000000000003,1,13,0
90130D,RED STONE/CRYSTAL EARRINGS,8.7,3,2011-01-13 14:29:00,2011-11-28 15:31:00,3,3,2.9,11,3,0
90131,PINK/AMETHYST/GOLD NECKLACE,34.870000000000005,5,2011-03-23 12:15:00,2011-06-01 17:28:00,2,2,6.974000000000001,191,2,1
90132,LIGHT TOPAZ TEAL/AQUA COL NECKLACE,15.16,3,2010-12-06 09:58:00,2011-08-30 12:10:00,3,3,5.053333333333334,102,3,0
90133,TEAL/FUSCHIA COL BEAD NECKLACE,94.43,19,2010-12-15 13:24:00,2011-12-02 16:39:00,13,13,4.970000000000001,7,13,0
90134,OLD ROSE COMBO BEAD NECKLACE,157.5,54,2010-12-01 17:06:00,2011-12-09 10:03:00,38,45,2.9166666666666665,1,38,0
90135,ORANGE/WHT/FUSCHIA STONES NECKLACE,39.660000000000004,8,2011-02-28 16:50:00,2011-04-26 12:47:00,2,2,4.9575000000000005,228,2,1
90135A,ORANGE/FUSCHIA STONES NECKLACE,4.98,1,2011-04-19 11:37:00,2011-04-19 11:37:00,1,1,4.98,235,1,1
90136,PALE PINK/AMETHYST STONE NECKLACE,29.849999999999998,3,2010-12-15 13:24:00,2011-04-26 12:47:00,2,2,9.95,228,2,1
90137,PINK COMBO MINI CRYSTALS NECKLACE,16.310000000000002,3,2011-01-10 09:43:00,2011-07-20 16:12:00,3,3,5.436666666666667,142,3,1
90138,WHITE/PINK MINI CRYSTALS NECKLACE,52.42,10,2010-12-01 17:06:00,2011-12-09 10:03:00,7,7,5.242,1,7,0
90140,PINK SWEETIE NECKLACE,15.120000000000001,2,2010-12-06 09:58:00,2011-08-30 12:49:00,2,2,7.5600000000000005,102,2,0
90141A,GREEN PENDANT TRIPLE SHELL NECKLACE,63.11,12,2010-12-03 11:36:00,2011-11-30 15:13:00,10,10,5.259166666666666,9,10,0
90141B,IVORY PENDANT TRIPLE SHELL NECKLACE,44.86,9,2010-12-06 09:58:00,2011-12-09 10:03:00,5,5,4.984444444444445,1,5,0
90141C,TURQ PENDANT TRIPLE SHELL NECKLACE,52.31,10,2010-12-17 17:08:00,2011-11-22 15:43:00,7,8,5.231,17,7,0
90141D,ROSE PENDANT TRIPLE SHELL NECKLACE,20.36,4,2011-01-12 15:01:00,2011-07-18 10:29:00,2,2,5.09,145,2,1
90141E,ORANGE PENDANT TRIPLE SHELL NECKLAC,24.75,5,2011-07-18 10:29:00,2011-10-12 11:41:00,2,2,4.95,59,2,0
90142A,GREEN PENDANT SHELL NECKLACE,5.09,1,2010-12-17 17:08:00,2010-12-17 17:08:00,1,1,5.09,357,1,1
90142D,MOP PENDANT SHELL NECKLACE,49.64,10,2010-12-20 10:14:00,2011-10-23 15:29:00,4,4,4.964,47,4,0
90143,SILVER BRACELET W PASTEL FLOWER,244.68,32,2010-12-03 16:21:00,2011-12-01 16:22:00,19,19,7.64625,8,19,0
90144,SILVER DROP EARRINGS WITH FLOWER,67.36,18,2010-12-17 14:49:00,2011-11-28 15:31:00,14,14,3.7422222222222223,11,14,0
90145,SILVER HOOP EARRINGS WITH FLOWER,168.0,28,2010-12-03 16:21:00,2011-12-09 10:03:00,18,18,6.0,1,18,0
90146,FINE SILVER NECKLACE W PASTEL FLOWE,95.35000000000001,17,2010-12-15 10:57:00,2011-12-08 09:20:00,7,7,5.608823529411765,2,7,0
90147,CHUNKY SILVER NECKLACE PASTEL FLOWE,324.01,32,2010-12-10 09:51:00,2011-11-27 15:18:00,23,23,10.1253125,12,23,0
90148,LONG SILVER NECKLACE PASTEL FLOWER,101.73,8,2011-01-27 15:36:00,2011-09-25 16:05:00,6,6,12.71625,75,6,0
90149,SILVER FLOWR PINK SHELL NECKLACE,342.76000000000005,53,2011-05-22 14:44:00,2011-12-02 16:39:00,3,4,6.467169811320756,7,3,0
90151,SILVER/NATURAL SHELL NECKLACE,68.0,8,2010-12-03 14:54:00,2011-11-27 15:18:00,4,4,8.5,12,4,0
90152A,SILVER/NAT SHELL NECKLACE W PENDANT,28.76,5,2010-12-23 13:26:00,2011-11-30 15:13:00,5,5,5.752000000000001,9,5,0
90152B,BLUE/GREEN SHELL NECKLACE W PENDANT,11.46,2,2010-12-03 14:54:00,2010-12-13 09:35:00,2,2,5.73,362,2,1
90152C,BLUE/NAT SHELL NECKLACE W PENDANT,5.95,1,2011-02-14 15:23:00,2011-02-14 15:23:00,1,1,5.95,298,1,1
90154,LAZER CUT NECKLACE W PASTEL BEADS,421.75,57,2010-12-17 17:23:00,2011-11-18 13:25:00,5,5,7.399122807017544,21,5,0
90155,RESIN NECKLACE W PASTEL BEADS,67.62,9,2011-01-05 16:50:00,2011-12-09 10:03:00,7,7,7.513333333333334,1,7,0
90156,RESIN BRACELET W PASTEL BEADS,19.8,4,2011-01-09 12:01:00,2011-09-04 14:50:00,3,3,4.95,96,3,0
90157,RIVIERA NECKLACE,49.59,10,2011-02-28 16:50:00,2011-11-28 15:31:00,5,5,4.9590000000000005,11,5,0
90158,ST TROPEZ NECKLACE,224.12,45,2010-12-06 09:58:00,2011-12-08 09:20:00,32,35,4.980444444444444,2,32,0
90159,COTE D'AZURE NECKLACE,29.790000000000003,6,2011-04-19 11:37:00,2011-11-09 15:07:00,5,5,4.965000000000001,30,5,0
90160A,PURPLE BOUDICCA LARGE BRACELET,264.94,38,2010-12-12 16:14:00,2011-12-06 16:26:00,15,15,6.972105263157895,3,15,0
90160B,RED BOUDICCA LARGE BRACELET,209.73000000000002,30,2010-12-12 16:14:00,2011-11-09 15:07:00,12,12,6.9910000000000005,30,12,0
90160C,TURQ+RED BOUDICCA LARGE BRACELET,377.04,54,2010-12-06 16:57:00,2011-12-08 09:28:00,26,26,6.982222222222223,2,26,0
90160D,PINK BOUDICCA LARGE BRACELET,264.7,38,2010-12-12 16:14:00,2011-11-17 14:24:00,12,12,6.96578947368421,22,12,0
90161A,ANT COPPER RED BOUDICCA BRACELET,119.91000000000001,24,2010-12-01 14:32:00,2011-12-08 09:28:00,20,21,4.996250000000001,2,20,0
90161B,ANT COPPER TURQ BOUDICCA BRACELET,377.88,76,2010-12-01 17:06:00,2011-12-08 09:28:00,35,37,4.972105263157895,2,35,0
90161C,ANT COPPER LIME BOUDICCA BRACELET,412.74,83,2010-12-09 14:09:00,2011-12-08 09:28:00,47,50,4.972771084337349,2,47,0
90161D,ANT COPPER PINK BOUDICCA BRACELET,318.89000000000004,64,2010-12-06 16:57:00,2011-12-09 10:03:00,31,34,4.982656250000001,1,31,0
90162A,ANT SILVER TURQUOISE BOUDICCA RING,17.700000000000003,6,2011-11-07 11:57:00,2011-11-07 11:57:00,1,1,2.9500000000000006,33,1,0
90162B,ANT SILVER LIME GREEN BOUDICCA RING,79.65,27,2010-12-05 11:03:00,2011-11-09 11:10:00,10,10,2.95,31,10,0
90162C,ANT SILVER FUSCHIA BOUDICCA RING,41.300000000000004,14,2010-12-13 14:16:00,2011-10-30 16:17:00,7,7,2.95,40,7,0
90162D,ANT SILVER PURPLE BOUDICCA RING,29.500000000000004,10,2010-12-05 11:03:00,2011-10-30 16:17:00,5,5,2.95,40,5,0
90163A,PINK ROSEBUD & PEARL NECKLACE,90.32,12,2011-01-05 11:30:00,2011-12-09 10:03:00,9,9,7.526666666666666,1,9,0
90163B,WHITE ROSEBUD & PEARL NECKLACE,52.72,7,2011-01-05 11:30:00,2011-12-05 17:24:00,5,5,7.531428571428571,4,5,0
90164A,PINK ROSEBUD PEARL BRACELET,130.67,27,2010-12-13 11:21:00,2011-12-02 16:14:00,14,14,4.839629629629629,7,14,0
90164B,WHITE  ROSEBUD PEARL BRACELET,140.98,38,2010-12-13 11:21:00,2011-12-05 17:24:00,15,15,3.7099999999999995,4,15,0
90165A,PINK ROSEBUD PEARL EARRINGS,39.98,16,2010-12-17 17:08:00,2011-11-16 15:23:00,14,15,2.49875,23,14,0
90165B,WHITE ROSEBUD  PEARL EARRINGS,47.43,19,2010-12-17 14:49:00,2011-12-09 10:03:00,18,18,2.4963157894736843,1,18,0
90166,PINK & WHITE ROSEBUD RING,88.04,21,2010-12-01 17:06:00,2011-12-08 09:28:00,15,15,4.192380952380953,2,15,0
90167,BEADED LOVE HEART JEWELLERY SET,8.5,10,2010-12-05 11:10:00,2010-12-05 11:10:00,1,1,0.85,370,1,1
90168,2 DAISIES HAIR COMB,52.56,18,2010-12-07 15:28:00,2011-12-09 10:03:00,12,12,2.92,1,12,0
90169,DAISY HAIR COMB,47.839999999999996,19,2010-12-07 15:28:00,2011-12-09 10:03:00,10,11,2.517894736842105,1,10,0
90170,DAISY HAIR BAND,140.32999999999998,85,2010-12-07 18:36:00,2011-12-09 10:03:00,31,37,1.6509411764705881,1,31,0
90173,PAIR BUTTERFLY HAIR CLIPS,120.34,32,2010-12-01 17:06:00,2011-10-12 11:41:00,15,17,3.760625,59,15,0
90174,BUTTERFLY HAIR BAND,95.41999999999999,38,2010-12-09 14:09:00,2011-12-09 10:03:00,21,21,2.511052631578947,1,21,0
90175A,WHITE GLASS CHUNKY CHARM BRACELET,245.63,27,2010-12-05 10:54:00,2011-12-09 10:03:00,21,25,9.097407407407408,1,21,0
90175B,PINK GLASS CHUNKY CHARM BRACELET,91.68,10,2010-12-06 16:57:00,2011-11-09 16:14:00,9,9,9.168000000000001,30,9,0
90175C,BLUE GLASS CHUNKY CHARM BRACELET,80.55,9,2010-12-02 13:32:00,2011-11-17 17:08:00,6,6,8.95,22,6,0
90175D,TIGRIS EYE CHUNKY CHARM BRACELET,210.04,23,2010-12-07 16:20:00,2011-12-09 10:03:00,20,20,9.132173913043477,1,20,0
90176A,CLASSIC DIAMANTE NECKLACE JET,22.48,3,2011-02-28 16:50:00,2011-11-03 11:29:00,2,2,7.493333333333333,37,2,0
90176B,DIAMANTE NECKLACE BLACK ,30.12,4,2010-12-20 10:14:00,2011-11-16 15:23:00,3,3,7.53,23,3,0
90176C,DIAMANTE NECKLACE,23.32,3,2011-02-28 16:50:00,2011-08-22 14:13:00,2,2,7.773333333333333,109,2,0
90176D,DIAMANTE NECKLACE PURPLE,52.5,7,2011-06-26 13:45:00,2011-11-03 11:29:00,4,4,7.5,37,4,0
90176E,DIAMANTE NECKLACE GREEN,29.98,4,2011-08-22 14:13:00,2011-12-02 16:39:00,3,3,7.495,7,3,0
90177A,CLASSIC DIAMANTE EARRINGS JET,40.900000000000006,14,2011-02-28 16:50:00,2011-12-09 10:03:00,9,9,2.9214285714285717,1,9,0
90177B,DROP DIAMANTE EARRINGS BLACK DIAMON,41.010000000000005,14,2010-12-17 17:08:00,2011-12-08 16:30:00,6,7,2.9292857142857147,1,6,0
90177C,DROP DIAMANTE EARRINGS CRYSTAL,76.23,26,2010-12-01 17:06:00,2011-12-09 10:03:00,14,14,2.931923076923077,1,14,0
90177D,DROP DIAMANTE EARRINGS PURPLE,73.53,25,2010-12-06 16:57:00,2011-12-02 16:39:00,13,14,2.9412000000000003,7,13,0
90177E,DROP DIAMANTE EARRINGS GREEN,41.080000000000005,14,2010-12-01 17:06:00,2011-11-21 15:18:00,9,9,2.9342857142857146,18,9,0
90178A,AMBER CHUNKY GLASS+BEAD NECKLACE,95.25,8,2010-12-02 13:32:00,2011-10-20 15:57:00,8,8,11.90625,50,8,0
90178B,PURPLE CHUNKY GLASS+BEAD NECKLACE,11.95,1,2010-12-17 17:23:00,2010-12-17 17:23:00,1,1,11.95,357,1,1
90179A,AMBER FINE BEAD NECKLACE W TASSEL,35.31,6,2010-12-15 13:24:00,2011-12-08 09:28:00,5,5,5.885000000000001,2,5,0
90179B,PURPLE FINE BEAD NECKLACE W TASSEL,17.59,3,2011-11-22 15:43:00,2011-12-05 17:24:00,3,3,5.863333333333333,4,3,0
90179C,BLACK FINE BEAD NECKLACE W TASSEL,35.44,6,2010-12-06 12:47:00,2011-12-01 08:51:00,6,6,5.906666666666666,9,6,0
90180A,BLACK+WHITE NECKLACE W TASSEL,127.24,17,2010-12-02 13:32:00,2011-11-29 16:33:00,9,9,7.484705882352941,10,9,0
90180B,PURPLE AMETHYST NECKLACE W TASSEL,49.81,5,2011-02-14 15:23:00,2011-12-06 16:26:00,5,5,9.962,3,5,0
90181A,AMBER GLASS/SHELL/PEARL NECKLACE,64.04,7,2011-01-10 14:32:00,2011-11-30 15:13:00,7,7,9.14857142857143,9,7,0
90181B,AMETHYST GLASS/SHELL/PEARL NECKLACE,137.63,15,2010-12-01 17:06:00,2011-12-09 10:03:00,14,14,9.175333333333333,1,14,0
90181C,BLACK GLASS/SHELL/PEARL NECKLACE,9.15,1,2011-04-18 13:52:00,2011-04-18 13:52:00,1,1,9.15,235,1,1
90182A,AMBER 3 BEAD DROP EARRINGS,23.2,8,2011-07-18 15:56:00,2011-12-06 16:26:00,7,8,2.9,3,7,0
90182B,AMETHYST 3 BEAD DROP EARRINGS,14.5,5,2011-03-22 09:23:00,2011-12-08 09:20:00,5,5,2.9,2,5,0
90182C,BLACK 3 BEAD DROP EARRINGS,40.96,14,2011-01-06 14:27:00,2011-12-09 10:03:00,9,9,2.9257142857142857,1,9,0
90183A,AMBER DROP EARRINGS W LONG BEADS,117.24000000000001,40,2010-12-06 09:58:00,2011-12-09 10:03:00,22,23,2.931,1,22,0
90183B,AMETHYST DROP EARRINGS W LONG BEADS,61.08,21,2010-12-06 09:58:00,2011-12-05 17:24:00,17,17,2.9085714285714284,4,17,0
90183C,BLACK DROP EARRINGS W LONG BEADS,26.15,9,2011-01-28 14:25:00,2011-12-09 10:03:00,9,9,2.9055555555555554,1,9,0
90183c,BLACK DROP EARRINGS W LONG BEADS,2.9,1,2011-10-31 14:41:00,2011-10-31 14:41:00,1,1,2.9,39,1,0
90184A,AMBER CHUNKY BEAD BRACELET W STRAP,117.73,13,2010-12-08 13:14:00,2011-11-10 14:28:00,8,9,9.056153846153846,29,8,0
90184B,AMETHYST CHUNKY BEAD BRACELET W STR,297.94,33,2010-12-08 13:14:00,2011-12-05 17:28:00,20,21,9.02848484848485,4,20,0
90184C,BLACK CHUNKY BEAD BRACELET W STRAP,190.51999999999998,21,2010-12-06 16:57:00,2011-12-09 10:03:00,17,17,9.072380952380952,1,17,0
90184c,BLACK CHUNKY BEAD BRACELET W STRAP,9.15,1,2011-10-31 14:41:00,2011-10-31 14:41:00,1,1,9.15,39,1,0
90185A,AMBER DIAMANTE EXPANDABLE RING,131.03,31,2010-12-06 16:57:00,2011-11-16 15:16:00,13,13,4.226774193548387,23,13,0
90185B,AMETHYST DIAMANTE EXPANDABLE RING,97.02,23,2010-12-02 13:49:00,2011-12-09 10:03:00,11,12,4.218260869565217,1,11,0
90185C,BLACK DIAMANTE EXPANDABLE RING,110.09,26,2010-12-01 12:23:00,2011-10-31 14:41:00,10,10,4.234230769230769,39,10,0
90185D,CRYSTAL DIAMANTE EXPANDABLE RING,148.63,35,2010-12-05 10:54:00,2011-06-02 17:26:00,9,11,4.246571428571428,190,9,1
90186A,AMETHYST HOOP EARRING FLORAL LEAF,32.16,11,2010-12-02 13:49:00,2011-11-29 16:33:00,9,9,2.9236363636363634,10,9,0
90186B,CRYSTAL HOOP EARRING FLORAL LEAF,64.58,22,2010-12-07 18:36:00,2011-11-29 11:05:00,14,15,2.9354545454545455,11,14,0
90187A,BLUE DROP EARRINGS W BEAD CLUSTER,3.32,1,2011-02-28 16:50:00,2011-02-28 16:50:00,1,1,3.32,284,1,1
90187B,GREEN DROP EARRINGS W BEAD CLUSTER,40.03,12,2010-12-07 15:28:00,2011-12-08 09:28:00,8,8,3.3358333333333334,2,8,0
90188,DROP EARRINGS W FLOWER & LEAF,22.58,9,2010-12-09 14:09:00,2011-12-09 10:03:00,7,7,2.5088888888888885,1,7,0
90189A,SILVER 2 STRAND NECKLACE-LEAF CHARM,15.0,2,2011-10-09 15:24:00,2011-11-18 13:25:00,2,2,7.5,21,2,0
90190A,SILVER/CRYSTAL DROP EARRINGS W LEAF,46.76,16,2011-01-12 09:26:00,2011-11-24 09:26:00,9,10,2.9225,16,9,0
90190B,GOLD/AMBER DROP EARRINGS W LEAF,38.18,13,2010-12-13 09:35:00,2011-11-22 15:41:00,7,7,2.936923076923077,17,7,0
90190C,SILVER/AMETHYST DROP EARRINGS LEAF,58.43,20,2010-12-01 14:32:00,2011-11-29 11:05:00,19,19,2.9215,11,19,0
90191,SILVER LARIAT 40CM,163.82,26,2011-01-17 17:44:00,2011-12-09 10:03:00,10,10,6.30076923076923,1,10,0
90192,JADE DROP EARRINGS W FILIGREE,209.10000000000002,42,2010-12-01 17:06:00,2011-12-09 10:03:00,24,25,4.9785714285714295,1,24,0
90194,SILVER LARIAT BLACK STONE EARRINGS,67.87,16,2010-12-01 14:32:00,2011-10-19 15:08:00,9,10,4.241875,51,9,0
90195A,PURPLE GEMSTONE BRACELET,122.84,19,2010-12-02 13:49:00,2011-12-06 11:28:00,9,10,6.465263157894737,4,9,0
90195B,BLACK GEMSTONE BRACELET,29.98,4,2010-12-02 13:49:00,2011-11-09 15:07:00,4,4,7.495,30,4,0
90196A,PURPLE GEMSTONE NECKLACE 45CM,102.0,8,2010-12-02 13:49:00,2011-11-29 10:57:00,5,5,12.75,11,5,0
90196B,BLACK GEMSTONE NECKLACE 45CM,63.480000000000004,5,2010-12-03 14:54:00,2011-11-09 15:07:00,5,5,12.696000000000002,30,5,0
90197B,BLACK GLASS BRACELET W HEART CHARMS,174.73000000000002,35,2010-12-17 14:54:00,2011-12-06 16:26:00,25,27,4.992285714285715,3,25,0
90198A,VINTAGE ROSE BEAD BRACELET RASPBERR,315.73,75,2010-12-07 18:36:00,2011-12-09 10:03:00,39,44,4.209733333333333,1,39,0
90198B,VINTAGE ROSE BEAD BRACELET BLACK,152.4,36,2010-12-03 14:54:00,2011-12-04 12:32:00,17,17,4.233333333333333,6,17,0
90199A,5 STRAND GLASS NECKLACE BLACK,69.63,11,2010-12-02 13:49:00,2011-11-03 11:29:00,6,6,6.329999999999999,37,6,0
90199B,5 STRAND GLASS NECKLACE AMETHYST,56.59,9,2010-12-03 11:36:00,2011-12-02 16:39:00,8,8,6.287777777777778,7,8,0
90199C,5 STRAND GLASS NECKLACE CRYSTAL,120.28999999999999,19,2010-12-01 11:45:00,2011-11-29 16:47:00,9,10,6.331052631578947,10,9,0
90199D,5 STRAND GLASS NECKLACE AMBER,37.620000000000005,6,2010-12-17 17:23:00,2011-11-29 16:33:00,6,6,6.2700000000000005,10,6,0
90200A,PURPLE SWEETHEART BRACELET,328.44,78,2010-12-01 12:23:00,2011-12-09 10:03:00,44,50,4.21076923076923,1,44,0
90200B,BLACK SWEETHEART BRACELET,392.83,93,2010-12-01 12:23:00,2011-12-08 09:28:00,46,47,4.223978494623656,2,46,0
90200C,BLUE SWEETHEART BRACELET,211.43,50,2010-12-01 12:23:00,2011-03-22 09:23:00,21,26,4.2286,263,21,1
90200D,PINK SWEETHEART BRACELET,725.32,175,2010-12-01 12:23:00,2011-12-08 09:28:00,63,78,4.144685714285715,2,63,0
90200E,GREEN SWEETHEART BRACELET,423.41,103,2010-12-05 15:12:00,2011-12-08 09:28:00,41,44,4.110776699029127,2,41,0
90201A,PURPLE ENAMEL FLOWER RING,202.51000000000002,69,2010-12-17 14:41:00,2011-12-09 10:03:00,27,28,2.9349275362318843,1,27,0
90201B,BLACK ENAMEL FLOWER RING,252.9,86,2010-12-06 09:58:00,2011-12-09 10:03:00,22,23,2.9406976744186046,1,22,0
90201C,RED ENAMEL FLOWER RING,185.42000000000002,63,2010-12-10 09:51:00,2011-12-09 10:03:00,19,21,2.9431746031746036,1,19,0
90201D,GREEN ENAMEL FLOWER RING,225.84,77,2010-12-08 14:25:00,2011-12-09 10:03:00,30,31,2.932987012987013,1,30,0
90202A,PURPLE ENAMEL FLOWER HAIR TIE,64.28,22,2010-12-17 14:41:00,2011-12-08 16:30:00,13,15,2.921818181818182,1,13,0
90202B,WHITE ENAMEL FLOWER HAIR TIE,49.65,17,2011-01-20 18:08:00,2011-12-08 16:30:00,10,10,2.9205882352941175,1,10,0
90202C,GREEN ENAMEL FLOWER HAIR TIE,58.71,20,2010-12-07 15:28:00,2011-12-09 10:03:00,13,14,2.9355,1,13,0
90202D,PINK ENAMEL FLOWER HAIR TIE,64.46000000000001,22,2010-12-17 17:08:00,2011-12-09 10:03:00,11,11,2.93,1,11,0
90204,PAIR OF ENAMEL BUTTERFLY HAIRCLIP,96.86,29,2010-12-02 13:49:00,2011-12-01 16:22:00,17,18,3.34,8,17,0
90205A,LARGE MINT DIAMANTE HAIRSLIDE,51.51,31,2010-12-03 11:36:00,2011-11-24 09:26:00,16,16,1.6616129032258065,16,16,0
90205C,LARGE CRYSTAL DIAMANTE HAIRSLIDE,48.209999999999994,29,2010-12-23 13:26:00,2011-11-28 15:31:00,15,15,1.6624137931034482,11,15,0
90206A,GOLD DIAMANTE STAR BROOCH,59.800000000000004,12,2010-12-17 14:41:00,2011-12-08 09:28:00,8,9,4.983333333333333,2,8,0
90206C,CRYSTAL DIAMANTE STAR BROOCH,224.73000000000002,45,2010-12-01 17:06:00,2011-12-09 10:03:00,29,31,4.994000000000001,1,29,0
90208,PAIR OF PINK FLOWER CLUSTER SLIDE,132.7,53,2010-12-06 16:57:00,2011-12-09 10:03:00,35,37,2.50377358490566,1,35,0
90209A,PURPLE ENAMEL+GLASS HAIR COMB,163.8,84,2011-08-05 16:19:00,2011-11-04 11:43:00,4,4,1.9500000000000002,36,4,0
90209B,GREEN ENAMEL+GLASS HAIR COMB,355.64,184,2010-12-01 14:32:00,2011-10-02 10:58:00,46,54,1.9328260869565217,69,46,0
90209C,PINK ENAMEL+GLASS HAIR COMB,480.5,263,2010-12-01 17:06:00,2011-10-31 14:41:00,30,31,1.826996197718631,39,30,0
90210A,GREY ACRYLIC FACETED BANGLE,57.55,34,2010-12-13 15:42:00,2011-12-09 10:03:00,9,10,1.6926470588235294,1,9,0
90210B,CLEAR ACRYLIC FACETED BANGLE,61.56,41,2010-12-01 11:45:00,2011-12-08 16:10:00,7,7,1.5014634146341463,1,7,0
90210C,RED   ACRYLIC FACETED BANGLE,130.51000000000002,99,2010-12-07 15:28:00,2011-12-08 16:10:00,9,10,1.3182828282828285,1,9,0
90210D,PURPLE ACRYLIC FACETED BANGLE,132.05,107,2010-12-13 15:44:00,2011-11-10 13:44:00,7,8,1.2341121495327103,29,7,0
90211A,DIAMOND LAS VEGAS NECKLACE 45CM,70.97,12,2010-12-01 17:06:00,2011-12-05 17:28:00,8,8,5.914166666666667,4,8,0
90211B,JET BLACK LAS VEGAS NECKLACE 45CM,53.260000000000005,9,2010-12-07 18:36:00,2011-11-03 11:29:00,6,6,5.917777777777778,37,6,0
90212B,JET BLACK LAS VEGAS BRACELET ROUND,37.62,10,2010-12-06 09:58:00,2011-05-06 15:54:00,8,8,3.7619999999999996,217,8,1
90212C,PURPLE LAS VEGAS BRACELET ROUND,26.25,7,2010-12-08 10:35:00,2011-09-06 16:02:00,3,3,3.75,94,3,0
90214A,"LETTER ""A"" BLING KEY RING",111.66,130,2010-12-01 17:06:00,2011-12-08 13:43:00,49,56,0.8589230769230769,1,49,0
90214B,"LETTER ""B"" BLING KEY RING",24.77,37,2010-12-03 11:36:00,2011-12-05 15:48:00,21,22,0.6694594594594594,4,21,0
90214C,"LETTER ""C"" BLING KEY RING",72.77,91,2010-12-03 11:36:00,2011-12-08 19:24:00,28,33,0.7996703296703296,1,28,0
90214D,"LETTER ""D"" BLING KEY RING",49.9,68,2010-12-01 14:32:00,2011-12-08 13:43:00,31,32,0.7338235294117647,1,31,0
90214E,"LETTER ""E"" BLING KEY RING",53.199999999999996,72,2010-12-01 17:06:00,2011-12-08 13:50:00,27,30,0.7388888888888888,1,27,0
90214F,"LETTER ""F"" BLING KEY RING",15.429999999999998,27,2010-12-03 11:36:00,2011-12-07 15:07:00,15,15,0.5714814814814814,2,15,0
90214G,"LETTER ""G"" BLING KEY RING",40.199999999999996,60,2010-12-01 14:32:00,2011-12-07 15:07:00,26,30,0.6699999999999999,2,26,0
90214H,"LETTER ""H"" BLING KEY RING",36.76,48,2010-12-01 14:32:00,2011-12-07 16:56:00,25,30,0.7658333333333333,2,25,0
90214I,"LETTER ""I"" BLING KEY RING",29.619999999999997,38,2010-12-03 11:36:00,2011-12-08 13:50:00,13,13,0.7794736842105262,1,13,0
90214J,"LETTER ""J"" BLING KEY RING",57.21,71,2010-12-01 14:32:00,2011-12-06 16:26:00,35,41,0.805774647887324,3,35,0
90214K,"LETTER ""K"" BLING KEY RING",60.699999999999996,78,2010-12-07 18:36:00,2011-12-08 15:31:00,34,38,0.7782051282051281,1,34,0
90214L,"LETTER ""L"" BLING KEY RING",65.03999999999999,94,2010-12-03 11:36:00,2011-12-08 13:43:00,36,37,0.6919148936170212,1,36,0
90214M,"LETTER ""M"" BLING KEY RING",49.82,60,2010-12-01 16:57:00,2011-12-05 15:48:00,26,28,0.8303333333333334,4,26,0
90214N,"LETTER ""N"" BLING KEY RING",29.23,41,2010-12-03 11:36:00,2011-12-08 15:31:00,23,24,0.7129268292682926,1,23,0
90214O,"LETTER ""O"" BLING KEY RING",6.819999999999999,16,2010-12-09 14:09:00,2011-12-06 16:26:00,5,5,0.42624999999999996,3,5,0
90214P,"LETTER ""P"" BLING KEY RING",20.229999999999997,39,2010-12-07 18:36:00,2011-12-08 13:50:00,15,16,0.5187179487179486,1,15,0
90214R,"LETTER ""R"" BLING KEY RING",28.009999999999998,41,2010-12-01 14:32:00,2011-12-08 14:39:00,24,25,0.683170731707317,1,24,0
90214S,"LETTER ""S"" BLING KEY RING",71.0,94,2010-12-01 16:57:00,2011-12-08 13:43:00,37,41,0.7553191489361702,1,37,0
90214T,"LETTER ""T"" BLING KEY RING",13.459999999999999,24,2010-12-17 16:59:00,2011-12-05 15:48:00,11,11,0.5608333333333333,4,11,0
90214U,"LETTER ""U"" BLING KEY RING",3.4799999999999995,12,2011-12-05 15:48:00,2011-12-05 15:48:00,1,1,0.29,4,1,0
90214V,"LETTER ""V"" BLING KEY RING",15.979999999999999,26,2010-12-01 16:57:00,2011-12-05 15:48:00,14,14,0.6146153846153846,4,14,0
90214W,"LETTER ""W"" BLING KEY RING",6.819999999999999,16,2011-01-10 14:32:00,2011-12-05 15:48:00,5,5,0.42624999999999996,4,5,0
90214Y,"LETTER ""Y"" BLING KEY RING",22.839999999999996,66,2010-12-03 11:36:00,2011-12-06 17:18:00,8,8,0.346060606060606,3,8,0
90214Z,"LETTER ""Z"" BLING KEY RING",11.84,22,2010-12-07 18:36:00,2011-12-05 15:48:00,10,10,0.5381818181818182,4,10,0
AMAZONFEE,AMAZON FEE,13761.09,2,2010-12-07 15:08:00,2011-03-28 11:57:00,2,2,6880.545,257,2,3
B,Adjust bad debt,11062.06,1,2011-08-12 14:50:00,2011-08-12 14:50:00,1,1,11062.06,119,1,3
BANK CHARGES,Bank Charges,165.001,12,2010-12-02 15:08:00,2011-12-07 12:45:00,11,11,13.750083333333334,3,11,0
C2,CARRIAGE,7051.0,142,2010-12-01 14:05:00,2011-12-05 10:18:00,104,141,49.65492957746479,5,104,0
DCGS0003,BOXED GLASS ASHTRAY,9.94,4,2010-12-10 14:59:00,2011-05-05 15:42:00,4,4,2.485,218,4,1
DCGS0004,HAYNES CAMPER SHOULDER BAG,16.63,1,2011-04-27 17:23:00,2011-04-27 17:23:00,1,1,16.63,226,1,1
DCGS0069,OOH LA LA DOGS COLLAR,15.79,1,2011-01-28 14:25:00,2011-01-28 14:25:00,1,1,15.79,315,1,1
DCGS0070,CAMOUFLAGE DOG COLLAR,12.72,1,2010-12-21 13:06:00,2010-12-21 13:06:00,1,1,12.72,353,1,1
DCGS0076,SUNJAR LED NIGHT NIGHT LIGHT,48.39,3,2010-12-09 14:09:00,2010-12-20 15:03:00,2,2,16.13,354,2,1
DCGSSBOY,BOYS PARTY BAG,150.54999999999998,47,2011-02-07 14:04:00,2011-12-01 16:22:00,11,11,3.2031914893617017,8,11,0
DCGSSGIRL,GIRLS PARTY BAG,144.43,47,2011-02-07 14:04:00,2011-11-16 15:23:00,12,13,3.0729787234042556,23,12,0
DOT,DOTCOM POSTAGE,206248.77,706,2010-12-01 14:32:00,2011-12-09 10:26:00,227,706,292.13706798866855,1,227,2
M,Manual,77750.27,6984,2010-12-01 15:35:00,2011-12-08 13:50:00,169,289,11.132627434135166,1,169,2
PADS,PADS TO MATCH ALL CUSHIONS,0.003,3,2011-04-15 09:27:00,2011-09-25 14:58:00,3,3,0.001,75,3,0
POST,POSTAGE,78101.88,3150,2010-12-01 08:45:00,2011-12-09 12:16:00,275,1126,24.79424761904762,1,275,2
S,SAMPLES,63.05,2,2011-04-11 13:24:00,2011-10-26 12:20:00,2,2,31.525,45,2,0
gift_0001_10,Dotcomgiftshop Gift Voucher £10.00,74.97,9,2011-03-07 17:14:00,2011-12-08 09:20:00,7,8,8.33,2,7,0
gift_0001_20,Dotcomgiftshop Gift Voucher £20.00,167.05,10,2011-01-05 14:44:00,2011-10-31 14:41:00,9,9,16.705000000000002,39,9,0
gift_0001_30,Dotcomgiftshop Gift Voucher £30.00,175.53,7,2011-01-05 14:44:00,2011-09-02 09:26:00,7,7,25.075714285714287,99,7,0
gift_0001_40,Dotcomgiftshop Gift Voucher £40.00,100.69999999999999,3,2010-12-20 10:14:00,2011-07-27 15:12:00,3,3,33.56666666666666,135,3,1
gift_0001_50,Dotcomgiftshop Gift Voucher £50.00,167.56,4,2010-12-23 13:26:00,2011-06-30 15:56:00,4,4,41.89,162,4,1
m,Manual,2.55,1,2010-12-21 15:18:00,2010-12-21 15:18:00,1,1,2.55,353,1,1
